71189750304000,0,0.0,0.0,0.0
71189769819000,19515000,0.17237288,0.038305044,-0.15322018
71189853313000,83494000,0.016042948,0.057081938,0.021044731
71189834143000,-19170000,0.15179127,-0.13429141,-0.018244743
71189813915000,-20228000,0.24849129,-8.845329E-5,-0.24865627
71189789372000,-24543000,0.19145298,0.019136906,6.484985E-5
71189930890000,141518000,0.03768909,-2.4986267E-4,-0.06576252
71189911400000,-19490000,0.1774072,-0.01970148,-0.06868076
71189891866000,-19534000,0.048056185,-0.13468766,-0.07119942
71189872309000,-19557000,0.1092062,-0.057991743,0.0033779144
71190009023000,136714000,0.009562254,0.13789248,0.15876389
71189989439000,-19584000,0.2851184,-0.13164091,-0.017152786
71189969934000,-19505000,-0.052334785,0.058717728,0.017572403
71189950403000,-19531000,-0.0070353746,3.4809113E-4,0.052402496
71190087119000,136716000,0.096382976,0.010582209,-0.0025339127
71190067578000,-19541000,0.04560232,0.008682489,-0.08138752
71190048021000,-19557000,0.14830327,-0.12712383,-0.17972088
71190028485000,-19536000,0.0788486,-0.20535398,-0.10606861
71190106806000,78321000,0.051644266,0.05098486,-5.00679E-4
71190128220000,21414000,-0.012090266,-0.023314953,0.13550854
71190145678000,17458000,-0.056278408,-0.001871109,0.06068325
71190165175000,19497000,-0.061803997,-0.09538865,0.36872578
71190184710000,19535000,-0.009405792,-0.13153052,0.06346798
71190204253000,19543000,0.024425566,-0.014513969,0.121489525
71190223814000,19561000,-0.19005013,-0.08904314,0.063713074
71190243538000,19724000,0.07509059,-0.067736626,-0.014246941
71190262785000,19247000,-0.11863613,-0.046314478,0.09833813
71190282504000,19719000,0.0141221285,-0.005551338,-0.019888878
71190301847000,19343000,-0.2928093,-0.060370445,-0.00480175
71190321433000,19586000,-0.0817219,0.057374,0.028856277
71190340905000,19472000,-0.118730545,-0.016298056,0.23455334
71190360987000,20082000,0.017644882,0.063313484,-4.9495697E-4
71190379965000,18978000,0.001625061,0.08535528,-0.044024467
71190399566000,19601000,-0.013597965,0.04970312,-0.010908127
71190419047000,19481000,0.067525625,-0.043793917,-0.054234505
71190438551000,19504000,-0.061706424,-0.08031988,-0.058922768
71190458043000,19492000,-0.018473208,0.11247802,0.1092577
71190477840000,19797000,0.0054892898,-0.039991617,0.048192024
71190497101000,19261000,0.08660227,0.13270617,0.04519558
71190516632000,19531000,0.1098004,0.017668962,0.061911583
71190536139000,19507000,-0.020838082,-0.07862592,-0.054986
71190555653000,19514000,0.0010139942,0.09285474,-0.11405277
71190575176000,19523000,0.022061408,-0.08073497,-0.057865143
71190595179000,20003000,-0.09178448,-0.024710178,-0.05877018
71190614341000,19162000,0.023530602,0.031227112,-0.040118217
71190634534000,20193000,0.023314,-0.046909332,-0.05927944
71190653258000,18724000,-0.015597463,-0.06746292,0.075237274
71190672960000,19702000,-0.016506255,-0.030347347,0.03785038
71190692345000,19385000,0.039874494,-0.06954694,8.3065033E-4
71190711854000,19509000,0.07702416,-0.031748056,-0.18916607
71190731416000,19562000,0.075840116,0.006495476,-0.07253933
71190750880000,19464000,0.036320746,-0.03141427,-0.013222694
71190770401000,19521000,0.015889227,-0.03057313,-0.12610626
71190790007000,19606000,0.014508426,0.047276735,-0.16215134
71190809506000,19499000,-0.14020628,-0.06609774,0.070225716
71190829037000,19531000,0.011478543,-0.06432271,0.1879816
71190848908000,19871000,0.12488139,0.014236212,-0.09623814
71190868008000,19100000,0.04685074,0.09287739,-0.016489029
71190887616000,19608000,0.026381016,-0.019994259,-0.032582283
71190907094000,19478000,0.025124729,-0.09463501,-0.029698372
71190926738000,19644000,-0.014425576,-0.016192198,-0.027041435
71190946097000,19359000,0.0034779906,0.042930126,0.0711298
71190965629000,19532000,-0.055239916,-0.12794924,-0.00335598
71190985140000,19511000,9.900331E-4,-0.06911802,-0.09729481
71191004972000,19832000,-0.0959273,-0.12527156,0.0957613
71191024180000,19208000,0.09461337,0.20167065,-0.07538509
71191043716000,19536000,-0.021094024,-0.10336447,-0.24677753
71191063261000,19545000,-0.098261654,-0.08269572,-0.22676659
71191082775000,19514000,-0.060260713,-0.042794704,0.08062458
71191102320000,19545000,-0.060281396,-0.0028016567,0.0052423477
71191121805000,19485000,0.016646981,0.037293673,0.06434822
71191141341000,19536000,0.017324805,-0.05659914,0.1621542
71191160847000,19506000,-0.019962192,-0.13128638,-0.084552765
71191180383000,19536000,0.019646645,0.10051966,0.10933018
71191199946000,19563000,0.059449136,-0.10817361,-0.041680336
71191219478000,19532000,0.061024964,-0.20191073,-0.039735794
71191239015000,19537000,0.04339236,-0.0657289,-0.018993378
71191258572000,19557000,-0.07019973,-0.120912075,0.11629391
71191278018000,19446000,-0.18406862,-0.04174304,-0.016942024
71191297663000,19645000,0.06571114,-0.038816452,-0.1313982
71191317109000,19446000,0.12376261,-0.054658175,0.041121483
71191336571000,19462000,0.047594726,-0.050980806,0.041013718
71191356193000,19622000,0.105331,0.010476351,-0.112483025
71191375637000,19444000,0.028749287,-0.10023093,-0.036208153
71191395145000,19508000,-0.029001534,-0.038427114,0.19330692
71191414706000,19561000,-0.01050216,0.08087778,0.0014982224
71191434182000,19476000,0.007657051,-0.029723883,-0.11365795
71191453790000,19608000,-0.089380085,0.089336395,-0.01811409
71191473304000,19514000,-0.109959245,-0.002616167,0.17321491
71191492771000,19467000,-0.03476852,0.01989913,-0.03766346
71191512345000,19574000,-0.11262244,-0.015601158,-0.076174736
71191531815000,19470000,-0.11349827,-0.07085419,-0.09556484
71191551397000,19582000,-0.037229598,-0.011770487,0.09573555
71191570901000,19504000,-0.01777184,0.10426092,-0.11512661
71191590448000,19547000,0.09815532,-0.06744957,-2.6226044E-4
71191609955000,19507000,-0.053422034,-0.086297035,-0.019316673
71191629473000,19518000,0.063662946,0.08611441,-0.05733013
71191649139000,19666000,-0.029597461,-0.06726289,0.01980114
71191668698000,19559000,-0.046085954,-0.010035992,0.039693832
71191688072000,19374000,0.07149947,-0.04858446,0.11722469
71191707606000,19534000,-0.021723807,0.008701086,-0.054148674
71191727076000,19470000,0.057208598,0.046956778,-0.03400612
71191746645000,19569000,-0.0748629,-0.06786728,0.10095215
71191766167000,19522000,0.09915346,0.10475445,0.23573399
71191785910000,19743000,-0.07199341,0.047641277,0.0829134
71191805245000,19335000,-0.051986337,0.08632493,0.04456234
71191825737000,20492000,0.005966723,-0.009145975,-0.051916122
71191849423000,23686000,-0.089627266,-0.0473938,0.15708637
71191868668000,19245000,0.06366825,-0.047540665,0.039948463
71191888189000,19521000,-0.051199555,0.009577036,0.03721428
71191907723000,19534000,0.044675946,0.04739976,-0.15751171
71191927517000,19794000,0.0065618753,0.10427761,0.011341095
71191946781000,19264000,0.12174851,-0.04961443,-0.030597687
71191966353000,19572000,-0.0694955,0.0070841312,-0.01498127
71191985835000,19482000,0.026525736,0.044531107,0.02007389
71192005356000,19521000,0.007536888,-0.0138731,0.055544853
71192024919000,19563000,-0.14563257,0.004271984,0.110640526
71192044453000,19534000,-0.06903219,0.11813855,0.051255226
71192064004000,19551000,-0.030723512,0.07872796,-0.12270069
71192083467000,19463000,0.026865661,0.03923011,0.12498093
71192103006000,19539000,0.008048356,-0.03872347,0.008936882
71192122598000,19592000,-0.12545198,-0.04024172,-0.049515724
71192142069000,19471000,-0.009712815,0.053861618,-0.107878685
71192161597000,19528000,-0.06609744,-0.101113796,-0.08952236
71192181149000,19552000,-0.06474435,0.05037141,-0.14758968
71192200666000,19517000,-0.005644262,0.06786728,-0.12871456
71192220168000,19502000,-0.0037251115,-0.12518144,-0.24341679
71192239713000,19545000,-0.07817006,-0.06904459,0.0064840317
71192259274000,19561000,0.05827272,-0.05095792,0.19974422
71192278889000,19615000,0.04161489,-0.013369322,0.16397
71192298293000,19404000,0.04412824,0.005480528,-0.00530529
71192317907000,19614000,-0.010924101,0.06308031,-0.11684799
71192337371000,19464000,0.087016165,-0.1279161,-0.15178776
71192357000000,19629000,-0.026079774,-0.050412655,0.08127022
71192376436000,19436000,-0.120438874,-0.049221516,-0.04980278
71192396206000,19770000,0.052919865,0.009730816,0.048728943
71192415523000,19317000,0.053527176,-0.19920444,0.012904167
71192435153000,19630000,-0.0611037,-0.063096285,0.034215927
71192454530000,19377000,-0.118524134,0.034994125,-0.0022964478
71192474056000,19526000,0.09203839,0.018471956,-0.17327023
71192493579000,19523000,-0.04222983,0.0022068024,-0.095591545
71192513231000,19652000,0.015049279,-0.013900757,-0.19050694
71192532634000,19403000,0.05322689,-0.029985428,0.07848263
71192552236000,19602000,0.11061323,0.030467272,-0.07372856
71192571698000,19462000,0.0339303,0.05243683,0.119109154
71192591250000,19552000,0.014627278,-0.09823632,0.15901089
71192610762000,19512000,0.033465505,0.13383222,-0.12651348
71192630310000,19548000,0.013772309,0.13566995,0.047680855
71192649838000,19528000,0.032136977,-0.054490566,-0.027220726
71192669353000,19515000,0.011944592,0.04211402,0.10838318
71192688969000,19616000,0.04897666,-0.11084914,-0.06272602
71192708818000,19849000,0.009177625,-0.034496307,-0.023456573
71192728077000,19259000,0.08413571,0.06063366,-0.022803307
71192747474000,19397000,0.044021428,0.021440983,-0.022424698
71192766982000,19508000,-0.015391052,0.0012574196,-0.118019104
71192786507000,19525000,-0.09408009,1.5568733E-4,-0.003027916
71192806081000,19574000,-0.019598126,0.075648785,0.11196995
71192825569000,19488000,0.054936945,0.017077684,-0.021954536
71192845383000,19814000,-0.023602545,-0.09893894,0.07404232
71192864634000,19251000,-0.025298417,0.01492548,0.035992622
71192884173000,19539000,0.011586487,-0.081818104,0.13197231
71192903721000,19548000,0.029616892,0.013122559,0.09372711
71192923550000,19829000,0.028792918,-0.0066432953,-0.25124454
71192942856000,19306000,0.009067297,-0.007007599,0.07385826
71192962425000,19569000,0.008692622,0.012043238,-0.08014202
71192981776000,19351000,0.027602613,-0.06443167,0.07216549
71193001465000,19689000,-0.030026853,0.03170252,-0.04373455
71193020865000,19400000,-0.030164778,0.051409483,0.1659956
71193040513000,19648000,-0.087744355,0.013794661,0.05014515
71193059887000,19374000,-0.068659484,0.09115124,-0.08486271
71193079439000,19552000,-0.106910825,-0.06138277,-0.009228706
71193098979000,19540000,-0.049167812,-0.0033612251,0.047205925
71193118437000,19458000,-0.06771058,-0.06043768,0.007854462
71193137989000,19552000,-0.009224653,-0.02191186,0.083423615
71193157536000,19547000,0.14547044,-0.021808386,-0.07085419
71193177032000,19496000,-0.005912304,0.054857254,-0.07190609
71193196555000,19523000,0.07278705,0.016593218,-0.14953136
71193216105000,19550000,-0.0016857982,-0.079125404,0.09859371
71193235661000,19556000,0.1344052,0.074163914,0.11711502
71193255221000,19560000,0.05950761,-0.13644266,0.097584724
71193274677000,19456000,-0.07330245,0.036069155,-0.017542839
71193294282000,19605000,0.023174584,0.017124414,-0.13261604
71193313730000,19448000,0.004165292,0.017428875,-0.11361885
71193333262000,19532000,0.0037882924,-0.09709859,-0.017975807
71193352825000,19563000,0.0221228,-0.03916025,0.13524532
71193372279000,19454000,-0.05565071,-0.05773306,-0.017825127
71193391812000,19533000,0.019570649,-0.037851334,0.020785332
71193411354000,19542000,-0.09685624,0.077986,-0.09374142
71193430865000,19511000,0.016578376,-0.05498171,-0.05498123
71193450426000,19561000,0.11099392,-0.015406609,-0.11191654
71193469958000,19532000,0.033224463,0.062586784,0.08027172
71193490514000,20556000,0.05141145,-0.050879,0.15772915
71193509010000,18496000,-0.04520136,-0.068604946,0.12035465
71193528814000,19804000,0.088088095,-0.06721425,-0.18517971
71193552697000,23883000,0.08725548,-0.008314371,-0.12691212
71193570228000,17531000,-0.08598769,0.031399727,-0.01129055
71193589520000,19292000,0.027958512,0.051986456,0.046845436
71193609030000,19510000,0.10346234,0.13003325,-0.08650112
71193628626000,19596000,0.04475224,-0.021852732,0.010093689
71193648072000,19446000,-0.090717554,-0.039867163,-0.065574646
71193667864000,19792000,0.04181236,-0.07731652,-0.04532528
71193687166000,19302000,-0.0172835,0.03818822,-0.04407406
71193706646000,19480000,-0.018947542,0.115145445,-0.13840389
71193726238000,19592000,-0.058875382,0.03865218,0.07394695
71193745775000,19537000,-0.079517126,0.095989704,0.1907587
71193765317000,19542000,0.07245451,0.038107157,0.039566994
71193784900000,19583000,-0.024259984,0.018178225,0.0032720566
71193804331000,19431000,-0.044018447,0.1127913,0.043375015
71193823845000,19514000,0.013181984,-0.022833824,0.025650978
71193843403000,19558000,0.013249636,-0.0630703,0.17983723
71193864407000,21004000,0.013645828,-0.007923365,-0.06882191
71193882458000,18051000,0.03336686,0.008821011,0.08421993
71193901936000,19478000,-0.04254669,0.044687986,0.025935173
71193921452000,19516000,0.053977966,-0.091744184,-0.18617153
71193940980000,19528000,0.016413331,-0.05561161,-0.111439705
71193960534000,19554000,-0.078686,-0.11495352,0.09712124
71193980095000,19561000,-0.039816916,-0.058951616,0.19074345
71193999661000,19566000,-0.115957856,0.05505538,0.26530933
71194019246000,19585000,-5.815029E-4,-0.11762166,0.033457756
71194038637000,19391000,0.019094408,0.093391895,0.10794926
71194058203000,19566000,-0.018556416,-0.116387606,0.067233086
71194077718000,19515000,-0.056051433,-0.019203901,-0.031334877
71194097397000,19679000,-0.07422656,-0.055663347,0.0037412643
71194116801000,19404000,0.041842043,0.042289257,-0.018993378
71194136287000,19486000,-0.07175428,-0.14680171,-0.041959763
71194155820000,19533000,0.025507867,0.06651759,-0.122449875
71194175366000,19546000,0.007986248,-0.0073559284,0.027049065
71194195029000,19663000,-0.08605516,-0.08119178,0.1002779
71194214417000,19388000,0.10724288,-0.020997524,-0.03670597
71194234141000,19724000,-0.13999748,0.039113283,-0.11569691
71194253490000,19349000,-0.0042169094,0.003323555,-0.09836197
71194273041000,19551000,0.054885924,0.024814844,-0.1570158
71194292550000,19509000,0.018144548,0.08436966,-0.19579601
71194312093000,19543000,0.09620863,0.04783702,-0.17626286
71194331624000,19531000,0.09746426,-0.04655552,-0.09828091
71194351168000,19544000,-0.054805636,-0.1030879,-0.1149683
71194370678000,19510000,-0.14999008,0.10810423,-0.053915977
71194390309000,19631000,0.09921253,0.08908367,-0.030081749
71194409799000,19490000,0.11826193,-0.026028633,-0.062787056
71194429335000,19536000,0.06042844,-0.0073747635,-0.018157005
71194448908000,19573000,0.002315402,-0.008152962,0.0077962875
71194468368000,19460000,-0.017787337,0.010009289,0.12970734
71194487897000,19529000,0.038434625,0.10463977,0.07913113
71194507430000,19533000,-0.058813572,-0.10728264,0.008965492
71194526973000,19543000,0.05446005,-0.05110097,-0.11938763
71194546511000,19538000,-0.023885906,0.0051066875,-0.057110786
71194566051000,19540000,-0.006466627,0.023124933,-0.09153938
71194585585000,19534000,-0.008130908,0.041327477,0.0072546005
71194605092000,19507000,-0.028811455,-0.07433796,0.10533428
71194624689000,19597000,0.008164942,0.07835221,0.14534378
71194644161000,19472000,0.1411413,0.11629915,0.0698576
71194663715000,19554000,0.06364322,-0.018020391,-0.02538395
71194684901000,21186000,0.0054335,-0.056548834,-0.006415367
71194702753000,17852000,-0.05274409,-0.03764558,0.08869648
71194722339000,19586000,-0.11096889,0.09612179,0.04920864
71194742485000,20146000,0.022301674,0.01913929,0.1432991
71194761436000,18951000,0.021535754,-0.057900667,0.06462288
71194780891000,19455000,0.020865917,0.01821518,0.10044956
71194800464000,19573000,0.09692699,-0.058954716,-0.11314297
71194819938000,19474000,-0.056762516,-0.11697817,-0.020636559
71194839492000,19554000,-0.018864274,-0.04084778,-0.177351
71194859048000,19556000,-0.019244194,-0.041141033,-0.18083096
71194878585000,19537000,-0.01958692,-0.11774683,0.045830727
71194898082000,19497000,-0.09647739,0.055033684,-0.05253887
71194917666000,19584000,-0.020022452,-0.039892435,-0.1501236
71194937150000,19484000,-0.077460766,0.037993193,0.0021848679
71194956776000,19626000,-0.058027804,-0.056128502,0.11714172
71194976216000,19440000,-0.057431817,0.022405148,-0.016015053
71194995874000,19658000,-0.037303925,0.02450633,-0.110116005
71195015319000,19445000,-0.016781569,0.045821905,0.083628654
71195034979000,19660000,-0.05331987,-0.06699014,-0.047857285
71195054370000,19391000,-0.012896776,0.08818555,-0.15998745
71195074039000,19669000,-0.010475457,-0.025031567,0.07274532
71195093510000,19471000,0.030466735,-0.08108497,-0.077578545
71195112963000,19453000,0.07151729,-0.13744068,-0.15131569
71195132926000,19963000,-0.0023630857,-0.098258495,0.19629383
71195152033000,19107000,0.038497865,-0.13576508,0.064974785
71195171548000,19515000,0.07905114,-0.13484597,0.27824116
71195191098000,19550000,0.1957848,4.6157837E-4,0.18466187
71195210617000,19519000,0.13955885,-0.01699853,0.03295803
71195230213000,19596000,-0.03233075,-0.05308032,-0.043053627
71195250175000,19962000,0.08219093,-0.050312042,-0.12014294
71195269219000,19044000,-0.014816821,0.010318041,0.031692505
71195288743000,19524000,0.07887274,-0.08192778,0.048661232
71195308271000,19528000,0.09521806,-0.07815766,0.026753426
71195327826000,19555000,0.015188277,0.0023839474,-0.03382492
71195347344000,19518000,-0.08446503,0.02553606,-0.15202999
71195367401000,20057000,-0.18445086,0.029533863,-0.19357872
71195386420000,19019000,-0.01628697,0.014207602,0.1291256
71195406052000,19632000,0.056363106,0.017756939,0.031020164
71195425530000,19478000,0.03374058,0.020910263,0.029364586
71195445168000,19638000,0.030895233,0.042728662,-0.10568333
71195464558000,19390000,0.00953573,-0.050920725,-0.14434147
71195484088000,19530000,0.007931232,0.04639387,-0.04831791
71195503650000,19562000,-0.10806304,0.123991966,-0.009140968
71195523194000,19544000,0.025407672,0.00950551,-0.06512928
71195542688000,19494000,0.0060687065,-0.048059702,-0.0056467056
71195562286000,19598000,-0.08950937,0.0470922,-0.0797596
71195581758000,19472000,-0.06984085,0.04604292,-0.13433552
71195601394000,19636000,0.026748478,-0.08943367,-0.20772266
71195620852000,19458000,-0.010456562,0.042998314,0.10228634
71195640490000,19638000,0.06750524,0.19443703,0.12531853
71195659931000,19441000,0.069004476,-0.018121958,0.24431705
71195679609000,19678000,-0.14014333,0.056536913,0.1717329
71195698997000,19388000,0.12947887,0.07363701,-0.054493904
71195718651000,19654000,0.01588136,0.16721654,0.005839348
71195738191000,19540000,0.05529082,0.12653804,0.0077753067
71195757558000,19367000,-0.0013629198,0.16220546,-0.029572487
71195777111000,19553000,-0.15413105,0.025095701,0.008761406
71195796635000,19524000,-0.019917905,-0.074180126,0.31442928
71195816163000,19528000,-0.07746291,0.03676963,-0.012696266
71195835718000,19555000,0.018138945,-0.005867958,-0.05319786
71195855258000,19540000,-0.11604881,0.0087611675,-0.0368433
71195874811000,19553000,-0.020223081,0.13828325,-0.020941734
71195894317000,19506000,0.056710303,-0.038547277,-0.062737465
71195913808000,19491000,-0.03843224,-0.023646355,0.029533386
71195933685000,19877000,0.019962907,0.048977613,0.16028881
71195952863000,19178000,-0.036332965,0.026182652,0.061502457
71195972458000,19595000,0.041629076,-0.07283616,0.05878544
71195991919000,19461000,-0.071837425,0.0584085,0.037154198
71196011556000,19637000,0.044585764,-0.09720588,-0.11838436
71196031016000,19460000,0.0077647567,-0.13742948,-0.21630955
71196050536000,19520000,-0.04827714,-0.17712164,0.030760765
71196070059000,19523000,-0.008660078,0.03281927,0.010050774
71196089770000,19711000,0.107438624,-0.13955808,-0.12508869
71196109169000,19399000,-0.1596877,-0.19621515,-0.087293625
71196128701000,19532000,0.013559222,-0.060477734,0.14264011
71196148205000,19504000,-0.06232041,-0.13453841,0.06670475
71196167803000,19598000,0.07241583,-0.13107276,-0.08535862
71196187281000,19478000,0.053887784,-0.05012679,0.011897087
71196206901000,19620000,-0.022139966,0.14654398,0.0710268
71196226340000,19439000,0.15074927,0.1714251,0.015276909
71196245999000,19659000,-0.040424764,-0.03323412,0.1509676
71196265429000,19430000,0.074644625,0.049310684,-0.039198875
71196284978000,19549000,0.055359185,0.09310627,0.03840351
71196304504000,19526000,0.09320551,0.07871437,0.019769669
71196324006000,19502000,0.1881293,0.025067806,0.13470745
71196343622000,19616000,-0.043018997,0.008626699,1.2111664E-4
71196363066000,19444000,0.012629688,0.06765795,-0.02006054
71196382608000,19542000,-0.027998328,-0.10426903,0.16994953
71196402128000,19520000,-0.011585057,0.18249035,-0.0618639
71196421720000,19592000,-0.05291134,0.066164255,-0.04506588
71196441229000,19509000,-0.075177014,0.044886827,0.086372375
71196460739000,19510000,0.017582178,0.00384593,0.16018009
71196480338000,19599000,-0.023448944,6.1798096E-4,-0.015109062
71196499804000,19466000,0.012556136,0.11197162,-0.07554245
71196519431000,19627000,0.010754347,0.050728083,-0.07853794
71196538888000,19457000,-0.14375412,-0.10637784,-0.17719746
71196558446000,19558000,0.14279723,-0.16769624,-0.10318375
71196577987000,19541000,-0.06814337,0.058484316,0.009654045
71196597507000,19520000,0.027812421,0.09351778,0.046577454
71196617030000,19523000,0.028347015,-0.062467813,0.08427715
71196636541000,19511000,0.06742746,-0.06466293,-0.16459846
71196656173000,19632000,0.010855317,-0.027970076,0.06599712
71196675813000,19640000,0.06918335,0.009313822,0.06725979
71196695184000,19371000,0.14650917,-0.106057644,0.06886959
71196714688000,19504000,0.0128522515,-0.029333353,0.12810421
71196734212000,19524000,0.012850821,0.009614944,0.0148944855
71196753793000,19581000,0.031501055,-0.008410454,0.03547573
71196773297000,19504000,-0.06527811,-0.06433654,0.074757576
71196792937000,19640000,-0.028437316,0.014135838,-0.020604134
71196812422000,19485000,-0.011074483,-0.1370039,-0.03995323
71196831919000,19497000,-0.05134201,0.056791306,-0.02156353
71196851508000,19589000,0.08075774,0.0017106533,-0.041945457
71196871025000,19517000,-0.016873479,0.00414443,0.07143688
71196890646000,19621000,-0.037697792,-0.012602568,0.1463337
71196910350000,19704000,-0.019969761,-0.010303974,0.16365719
71196929710000,19360000,-0.0019561648,-0.008181334,0.10423565
71196949147000,19437000,-0.079390526,0.08948827,-0.18524647
71196968712000,19565000,-0.06070578,0.052813053,-0.16852093
71196988249000,19537000,0.03497213,-0.15656996,0.0012969971
71197007967000,19718000,-0.0030284524,0.074225426,-0.039507866
71197027390000,19423000,0.15085423,0.074851036,-0.08002758
71197046875000,19485000,0.13259554,-0.020590544,0.033133507
71197066452000,19577000,0.018628716,0.13266921,-0.17874527
71197085909000,19457000,-0.133789,-0.020830631,-0.12182331
71197105448000,19539000,0.058278978,-0.117180824,0.089056015
71197124995000,19547000,0.077640355,-0.041416407,-0.024916649
71197144511000,19516000,-0.018247426,-0.023269653,-0.061572075
71197164075000,19564000,-0.09530151,-0.02429223,-0.07847881
71197183868000,19793000,-0.038554847,0.051411152,0.020031929
71197203176000,19308000,-0.0011129975,0.012383461,0.061419487
71197222648000,19472000,0.017144144,0.031032324,0.1413126
71197242301000,19653000,-0.13690561,-0.026734352,-0.10440159
71197261716000,19415000,-0.022632778,-0.0077278614,0.0710516
71197281370000,19654000,-0.08046609,0.03055954,-0.002863884
71197300813000,19443000,-0.02301228,0.1455462,-0.19216442
71197320314000,19501000,-0.13750046,0.08815813,-0.056322098
71197339951000,19637000,0.16988039,-0.08426213,-0.09323406
71197359393000,19442000,-0.07772887,-0.08450723,-0.034586906
71197379048000,19655000,-0.15254933,0.04909134,-0.11005497
71197398469000,19421000,-0.035516262,0.048436403,-0.08964443
71197418117000,19648000,0.043499768,-0.20133662,-0.107284546
71197437639000,19522000,0.007831216,-0.087222815,0.12443447
71197457073000,19434000,-0.027688265,-0.04961276,0.10754585
71197476625000,19552000,-0.024851322,0.026578665,0.09096432
71197496112000,19487000,-0.15612996,0.045696974,0.07448387
71197515713000,19601000,-0.07678878,0.065231085,-0.19112301
71197535219000,19506000,-0.112409055,-0.048960686,-0.016497612
71197554820000,19601000,-0.071373105,-0.02882719,0.023695946
71197574378000,19558000,-0.030210733,0.010614157,-0.032219887
71197593828000,19450000,0.030284703,0.030981302,-0.08843517
71197613476000,19648000,0.09096664,-0.006098032,-0.08742237
71197632956000,19480000,0.113426924,-0.0049278736,-0.2589054
71197652448000,19492000,0.020882845,-0.09963298,-0.104706764
71197671974000,19526000,0.08128029,-0.022070885,-0.122590065
71197691653000,19679000,0.026275277,0.017099857,0.07073784
71197711109000,19456000,-0.010196805,-0.077843666,-0.06092453
71197730643000,19534000,-0.0090607405,0.076209545,0.11449242
71197750351000,19708000,-0.04693389,-0.018713951,0.137187
71197769831000,19480000,0.1444211,0.039598703,-0.05055523
71197789268000,19437000,-0.06696761,0.0404222,-0.008471489
71197808867000,19599000,0.008515596,0.11777425,0.09082794
71197828298000,19431000,0.06452322,-0.015731573,0.093930244
71197847811000,19513000,0.0053839087,0.09949684,0.07728863
71197867476000,19665000,0.118474364,0.0036888123,0.11736488
71197886911000,19435000,0.13568789,0.11817551,0.15658665
71197906455000,19544000,0.018695414,0.002380848,-0.14991093
71197925997000,19542000,0.18882042,-0.018096685,0.040617943
71197945547000,19550000,0.052228034,-0.13475537,0.077046394
71197965095000,19548000,0.030225933,0.035592794,0.05530548
71197984655000,19560000,0.19937807,-0.062337875,-0.081902504
71198004233000,19578000,-0.09155959,-0.08360124,-0.047096252
71198023717000,19484000,-0.17217213,-0.028023243,-0.012439728
71198043281000,19564000,0.015125513,0.047084093,-0.016020775
71198062765000,19484000,0.08748472,-0.049720287,-0.1533966
71198082354000,19589000,-0.012350798,-0.06940055,-0.0030021667
71198101889000,19535000,-0.16930634,0.007195711,0.052247047
71198121407000,19518000,-0.11509615,-0.068944216,-0.045020103
71198140968000,19561000,-0.021942139,0.04691124,-0.007493019
71198160595000,19627000,0.07199836,-0.16243649,-0.0075998306
71198180066000,19471000,-0.043909132,-0.06497812,-0.045430183
71198199612000,19546000,-0.10153687,0.07110977,0.12791538
71198219175000,19563000,-0.15840822,-0.060662746,0.07176876
71198238732000,19557000,-0.023030937,-0.038982153,0.054092407
71198258267000,19535000,-0.23172468,0.11691189,0.017215729
71198277769000,19502000,0.058258533,0.00468874,0.05671978
71198297340000,19571000,-0.053321064,-0.031013966,0.076690674
71198316858000,19518000,-0.04940039,0.086291075,0.077023506
71198336592000,19734000,-0.06415957,0.030887842,-0.018984795
71198355940000,19348000,-0.13607585,-0.082381964,0.07596111
71198375552000,19612000,-0.073691845,-0.15778852,0.017094612
71198395027000,19475000,-0.0303182,0.09202981,0.11093426
71198414987000,19960000,0.0131729245,-0.06066227,-0.08302212
71198434103000,19116000,0.114089966,-0.060284615,-0.10492897
71198454146000,20043000,-0.01495719,0.189013,0.0070028305
71198473201000,19055000,-0.106031954,-0.13632393,0.09978962
71198492770000,19569000,-0.0060200095,-0.09774923,0.096951485
71198512610000,19840000,0.13178372,0.13238668,-0.0589056
71198531951000,19341000,-0.07572985,0.07527113,0.0153102875
71198551365000,19414000,0.02262944,0.05649185,-0.14007473
71198571372000,20007000,-0.013691962,-0.058107138,-0.21854115
71198590465000,19093000,0.14097261,-0.05790782,-0.047585487
71198609971000,19506000,0.14185774,-0.01954794,0.0665102
71198629568000,19597000,0.10384989,0.018698692,0.008935928
71198649102000,19534000,0.06518906,-0.019729614,-0.16285038
71198668665000,19563000,0.10241932,0.018439531,-0.21904755
71198688202000,19537000,0.1771949,-0.058298588,-0.044742584
71198707754000,19552000,-0.0361138,-9.160042E-4,-0.0995903
71198727289000,19535000,0.09458369,0.13314867,-0.07712269
71198746840000,19551000,-0.043549836,0.09488416,0.11839199
71198766422000,19582000,-0.10559976,-0.020019293,0.027147293
71198785855000,19433000,-0.033865094,-0.02012372,0.18521023
71198805498000,19643000,-0.01962018,-0.07787347,0.13260269
71198824955000,19457000,0.014036834,0.09404516,-0.07357597
71198844611000,19656000,-0.06675023,-0.02148056,0.14096642
71198864037000,19426000,-0.051129162,0.016122818,0.10563183
71198883704000,19667000,-0.034746706,0.11110425,0.24162006
71198903147000,19443000,-0.09414983,-0.004681349,0.08911991
71198922797000,19650000,-0.03774941,-0.08225584,-0.06469631
71198942231000,19434000,-0.018785775,0.031621695,0.16326046
71198961887000,19656000,-0.018126667,-0.06523371,-0.01224041
71198981320000,19433000,-0.016728938,-0.04713559,-0.09298611
71199000819000,19499000,-0.11047679,0.047688484,0.09364605
71199020584000,19765000,0.0069801807,0.12353253,-0.10329342
71199039900000,19316000,0.009875774,0.103773355,0.006087303
71199059456000,19556000,-0.12104344,-0.12658477,0.019835472
71199079002000,19546000,0.054640174,0.04528761,-0.10010433
71199098547000,19545000,-0.0760867,-0.12763572,-0.08537388
71199118082000,19535000,0.15706009,0.0058932304,-0.12733173
71199137633000,19551000,0.064436495,0.043707848,0.042331696
71199157179000,19546000,-0.047645926,-0.033293486,0.117248535
71199176768000,19589000,-0.06439996,0.06221533,0.059081078
71199196259000,19491000,0.033265352,-0.01453948,-0.09402943
71199215805000,19546000,0.0921213,-0.033740044,0.0024824142
71199235373000,19568000,-0.0027382374,0.004590273,0.061128616
71199254882000,19509000,0.11261207,-0.09109044,-0.014025688
71199274449000,19567000,0.093396604,0.08145523,0.045010567
71199293974000,19525000,-0.06039828,0.06254673,0.008244514
71199313562000,19588000,0.13006192,-0.052072525,-0.028676033
71199333063000,19501000,0.10934901,0.04400468,0.06823826
71199352655000,19592000,0.088163555,-0.05148983,-0.0075235367
71199372151000,19496000,-0.0867098,0.08279753,-0.08360195
71199391745000,19594000,-0.032163322,0.06377125,0.10816288
71199411250000,19505000,0.0029304624,0.0063123703,-0.02595234
71199430870000,19620000,-0.11533588,0.06359339,-0.045378685
71199450320000,19450000,-0.061140418,-0.10918784,-0.0075216293
71199469889000,19569000,-0.04496336,-0.052344322,0.24089909
71199489495000,19606000,-0.009146571,0.10010815,-0.12369919
71199509058000,19563000,-0.01101017,0.1567049,-0.105340004
71199528498000,19440000,-0.050489783,0.05999446,-0.0104522705
71199548078000,19580000,-0.03179884,0.0014500618,-0.20285797
71199567593000,19515000,0.1599412,-0.076450825,-0.2227068
71199587138000,19545000,-0.04997784,0.07527757,-0.069779396
71199606695000,19557000,0.008661151,0.11190438,0.0071582794
71199626208000,19513000,0.029226303,-0.004847765,0.046562195
71199645826000,19618000,-0.026736617,-0.045129538,0.067606926
71199665347000,19521000,-0.063580036,-0.06636405,-0.12137127
71199684907000,19560000,-0.043064177,0.046449184,-0.08001137
71199704419000,19512000,-0.02266264,-0.03219533,-0.03831005
71199723995000,19576000,0.03595215,-0.01490283,0.080236435
71199743652000,19657000,-0.0970391,-0.03567505,0.0265131
71199763116000,19464000,0.018917203,0.020466805,0.049347878
71199782592000,19476000,0.058231592,0.019482613,-0.023812294
71199802214000,19622000,0.1166693,-0.019471407,-0.078188896
71199821700000,19486000,0.0026351213,0.05679822,-0.17131329
71199841230000,19530000,0.118257165,0.056696653,-0.054154396
71199860793000,19563000,0.042046428,-0.13477468,-0.033046722
71199880423000,19630000,0.0037465096,-0.057990074,0.007071495
71199899906000,19483000,0.041607022,-0.096024275,0.047148705
71199919426000,19520000,0.021536112,-0.07643652,-0.02769947
71199938962000,19536000,-0.018130958,-0.0374496,0.0698185
71199958479000,19517000,0.056745887,0.02101016,0.071499825
71199978040000,19561000,-0.07935774,0.060662985,0.09217644
71199997735000,19695000,-0.08156592,-0.071754694,-0.117259026
71200017156000,19421000,-0.083788514,0.08334112,-0.039733887
71200036675000,19519000,-0.04753506,0.12361431,0.056593895
71200056250000,19575000,0.04652977,-0.027695656,0.11429882
71200075754000,19504000,-0.16537946,-0.0068295,-0.038972855
71200095342000,19588000,-0.031948626,0.013709545,0.09476566
71200115043000,19701000,-0.1851703,0.01470542,0.18988323
71200134414000,19371000,-0.12700045,0.015303373,-0.0026445389
71200153978000,19564000,-0.08719063,-0.022799492,0.09171486
71200173522000,19544000,0.010921955,0.034509897,0.051537514
71200193085000,19563000,0.10985333,-0.004250288,0.18325806
71200212638000,19553000,0.24775445,-0.062399387,-0.12604046
71200232349000,19711000,0.060415566,0.013366699,-0.110188484
71200251671000,19322000,-0.08866316,-0.08330488,0.13520908
71200271287000,19616000,-0.04658407,-0.06500721,0.32298756
71200290766000,19479000,0.12897784,0.08752227,0.1850729
71200310395000,19629000,0.01652956,-0.008707762,-0.14453602
71200329848000,19453000,0.018241346,-0.085523605,-0.014681816
71200349489000,19641000,-0.038299322,0.010307312,-0.019112587
71200368940000,19451000,0.15341407,0.0872345,-0.023610115
71200388590000,19650000,-0.019480884,0.011150122,0.08689976
71200408053000,19463000,0.07516879,-0.026493788,0.12102604
71200427717000,19664000,0.15011024,0.06998277,0.04051876
71200447132000,19415000,-0.0052747726,0.10895276,0.017760277
71200466805000,19673000,-0.06534618,0.03285432,-0.023900986
71200486249000,19444000,-0.010845244,-0.024344683,0.011294365
71200505901000,19652000,-0.07148057,-0.04357195,-0.029873848
71200525348000,19447000,0.021095753,0.032632113,0.12076664
71200545006000,19658000,0.056364954,0.03192067,0.09929657
71200564436000,19430000,0.015306175,0.12673473,0.039736748
71200583990000,19554000,0.08951235,-0.04682207,-0.13461399
71200603539000,19549000,0.06828481,-0.029049635,-0.059882164
71200623084000,19545000,0.10478461,-0.049747944,0.14903736
71200642609000,19525000,-0.05009103,0.08270097,-0.04411125
71200662161000,19552000,-0.05167514,0.061922073,0.12682629
71200681697000,19536000,-0.1106922,-0.11203623,0.06804657
71200701224000,19527000,-0.054711223,-0.03691101,0.047623634
71200720753000,19529000,0.097213864,-0.057403088,-0.049450874
71200740476000,19723000,-0.09535861,0.07556915,-0.14662075
71200759954000,19478000,0.076295495,-0.13592315,-0.12891483
71200779427000,19473000,-0.058195055,-0.078918934,-0.03450489
71200799045000,19618000,-0.096613884,-0.09812522,0.021862984
71200818565000,19520000,-0.09642601,-0.059398413,-0.09374523
71200838068000,19503000,-1.411438E-4,-0.020137787,0.059282303
71200857601000,19533000,-0.037563562,0.05798602,0.0021238327
71200877148000,19547000,0.059464097,-0.07407045,-0.3993168
71200896690000,19542000,-0.09217137,0.0049705505,-0.129879
71200916237000,19547000,-0.013698399,0.026835918,-0.108828545
71200935833000,19596000,0.0075107813,-0.046909332,-0.24024296
71200955331000,19498000,-0.18183565,0.1475122,-0.006866455
71200974870000,19539000,-0.083768845,0.03534746,0.055054665
71200994404000,19534000,0.01442647,-0.057950735,-0.01624775
71201013983000,19579000,-0.17451084,-0.15165663,-0.029428482
71201033501000,19518000,0.038978755,0.04151082,0.09184742
71201053061000,19560000,-0.034617603,0.023612738,-0.09323883
71201072574000,19513000,0.006901562,0.082021,0.008799553
71201092196000,19622000,-0.008904874,-0.01307869,0.12958813
71201111664000,19468000,-0.005522251,-0.03183508,0.058237076
71201131285000,19621000,0.07441282,0.064068556,-0.09050846
71201150763000,19478000,0.07754779,-0.08925128,-0.029458046
71201170353000,19590000,0.15696871,-0.07036567,0.16474438
71201189853000,19500000,0.08265793,-0.032414436,0.089901924
71201209474000,19621000,-0.068948865,-0.051897764,0.1290865
71201228943000,19469000,0.104265094,-0.09038973,-0.081617355
71201248500000,19557000,0.02765292,-0.12861991,0.032414436
71201268033000,19533000,0.12262112,0.12082195,-0.06501293
71201287609000,19576000,0.12105703,-0.031529427,0.009345055
71201307134000,19525000,-0.034452617,0.06552482,0.1599245
71201326676000,19542000,0.020072639,-0.02863884,-0.09194088
71201346364000,19688000,-0.04087293,-0.08429074,-0.056593895
71201365772000,19408000,-0.025551498,-0.04407835,0.055420876
71201385344000,19572000,-0.08699274,0.015336037,0.014386177
71201404874000,19530000,-0.03342372,0.017303705,-0.0072202682
71201424448000,19574000,-0.09445506,-0.095671654,-0.066804886
71201443965000,19517000,0.074884236,-0.09377432,0.0655117
71201463550000,19585000,0.07250506,-0.015297413,-0.16569614
71201483067000,19517000,-0.06325495,0.06317949,-0.0708704
71201502654000,19587000,-0.006828189,-0.26053834,0.04358387
71201522172000,19518000,0.011862874,-0.124500275,-0.013834953
71201541706000,19534000,-0.0072653294,0.088309765,0.06331062
71201561239000,19533000,-0.026000261,-0.2349267,-0.031516075
71201580809000,19570000,-0.082737565,-0.13645291,-0.10688591
71201600329000,19520000,-0.06261897,-0.07588482,0.0286417
71201619938000,19609000,0.034331143,0.02347207,0.1834631
71201639641000,19703000,-0.0025945306,0.06586337,-0.00644207
71201659043000,19402000,0.15215415,0.07031107,-0.13899708
71201679657000,20614000,0.15372705,0.05585885,0.015540123
71201698149000,18492000,-0.017243147,0.022105694,0.01662445
71201717595000,19446000,-0.016176522,-0.088596106,-0.0016593933
71201737161000,19566000,-0.09219265,-0.027418137,0.13308048
71201756704000,19543000,-0.111221194,0.14809608,0.21012974
71201776219000,19515000,0.06091273,-0.06008482,-0.019600868
71201795803000,19584000,0.022123694,0.056697845,-0.096541405
71201815328000,19525000,0.021528125,-0.018701077,0.055874825
71201834882000,19554000,0.09749657,0.0010595322,0.054613113
71201854395000,19513000,0.020199597,0.020282745,0.052977562
71201873961000,19566000,0.05776137,0.019899607,0.07018089
71201893501000,19540000,-0.01970172,-0.019148588,-0.00865078
71201913068000,19567000,0.036777496,0.018151522,0.1612835
71201932621000,19553000,-0.002650559,-0.021336079,0.0054044724
71201952143000,19522000,0.0535627,0.054013252,0.060025215
71201971876000,19733000,0.071350515,0.03357315,-0.11537838
71201991249000,19373000,-0.12164956,0.03230691,0.053883553
71202010812000,19563000,0.06834155,0.08852196,0.14651775
71202030372000,19560000,-0.08645862,0.029808998,0.12428093
71202049842000,19470000,-0.06882119,-0.009797573,-0.012827873
71202069386000,19544000,0.006429374,0.04628086,0.13736439
71202088974000,19588000,0.005317509,0.025645733,-0.076413155
71202108466000,19492000,0.08113253,0.0049159527,-0.07955456
71202128114000,19648000,0.06149119,0.041557074,-0.15930462
71202147532000,19418000,0.04208547,0.11643314,-0.14311409
71202167211000,19679000,-0.16871804,0.1720612,-0.1265173
71202186648000,19437000,0.02277261,-0.098063946,-0.1475668
71202206257000,19609000,-0.09212792,-0.0810864,0.004668236
71202225743000,19486000,0.003766358,-0.025971174,0.043019295
71202245410000,19667000,-0.053411245,0.0865345,-0.14739513
71202264854000,19444000,0.004525125,0.122471094,-0.10699272
71202284473000,19619000,0.081826806,0.17763829,-0.12315655
71202303948000,19475000,0.063534915,0.13705754,-0.0044612885
71202323517000,19569000,0.1027869,0.09635782,-0.05745983
71202343033000,19516000,0.06536293,0.1511519,0.005002022
71202362501000,19468000,-0.16380793,-0.06260896,0.010354042
71202382054000,19553000,-0.029359996,-0.10445619,0.09247112
71202401589000,19535000,-0.1633395,0.0831337,-0.055343628
71202421127000,19538000,0.008980334,0.09808159,0.045520782
71202441017000,19890000,-0.010238707,0.1703465,-0.026495934
71202460207000,19190000,-0.06763601,-0.12132931,0.034932137
71202479767000,19560000,-0.12479895,0.06583595,0.11479664
71202499284000,19517000,-0.009261489,-0.015073538,-0.07425594
71202518857000,19573000,-0.008254409,0.15317154,-0.0534029
71202538362000,19505000,0.012319684,-0.11889434,0.0050325394
71202558293000,19931000,-0.005012214,0.011520386,0.062833786
71202577451000,19158000,-0.13698715,-0.12588525,0.08185291
71202597050000,19599000,0.01857239,-0.03302884,0.13875866
71202616533000,19483000,-0.07469344,0.022044182,-0.07287693
71202636162000,19629000,0.062017977,-0.11380696,-0.16996574
71202655620000,19458000,-0.050199628,-0.03831339,-0.20985126
71202675192000,19572000,-0.047492266,0.057014465,0.0949831
71202694718000,19526000,-0.006536901,0.13383603,-0.002202034
71202714253000,19535000,0.015163839,-0.056961536,-0.04154873
71202733821000,19568000,0.055876672,0.11651063,-0.04212475
71202753334000,19513000,0.0580799,0.07944131,-0.003903389
71202772955000,19621000,0.0025388002,-0.072598934,0.053959846
71202792430000,19475000,0.023248136,-0.071618795,-0.079283714
71202812006000,19576000,0.12014288,-0.051763535,-0.2504673
71202831497000,19491000,0.044176936,-0.07046366,-0.24891376
71202851025000,19528000,0.15921068,-0.08932066,-0.017066002
71202870571000,19546000,0.005494654,0.06417155,0.19620228
71202890115000,19544000,0.0043658614,0.064504385,0.12274456
71202909661000,19546000,0.06006509,-0.088279486,0.2412138
71202929219000,19558000,0.05773312,0.14210987,0.2831068
71202948777000,19558000,-0.002538383,0.046941757,0.28626728
71202968314000,19537000,0.0134340525,-0.04825282,0.020356178
71202987822000,19508000,0.029160738,0.028821707,0.097872734
71203007367000,19545000,0.083072305,0.14402652,0.078038216
71203026929000,19562000,0.15611011,0.048303604,-0.13496208
71203046460000,19531000,-0.038988054,-0.028577805,0.033631325
71203066015000,19555000,0.12984633,-0.02921009,0.08611393
71203085555000,19540000,-0.026922941,-0.030194283,0.04199505
71203105070000,19515000,-0.20281935,-0.10806203,-0.07923126
71203124657000,19587000,0.0044637322,-0.09029341,-0.08571339
71203144145000,19488000,0.05877644,-0.09162259,0.022885323
71203163765000,19620000,0.03686863,0.07968116,0.13193417
71203183251000,19486000,-0.042042255,0.021534443,-0.026511192
71203202834000,19583000,0.051894426,0.0021412373,-0.030984879
71203222298000,19464000,0.05049652,-0.01684022,0.0036172867
71203241962000,19664000,0.011166334,0.060295343,-0.07592392
71203261404000,19442000,0.08703464,-0.034701586,-0.21215439
71203281056000,19652000,0.0673002,-0.16783786,0.20786762
71203300476000,19420000,-0.00985539,0.005599737,0.0923605
71203320141000,19665000,0.06614035,0.0067834854,-0.15653992
71203339579000,19438000,0.007903457,0.008099556,-0.041012764
71203359074000,19495000,-0.18460661,0.047834635,-0.0017089844
71203378691000,19617000,0.1015507,-0.103906155,-0.21107674
71203398149000,19458000,0.023703396,-0.12156081,-0.07538319
71203417720000,19571000,0.1373716,0.033179045,-0.15004349
71203437315000,19595000,-0.036274612,0.03473234,0.005543709
71203456771000,19456000,-0.018415928,0.09378672,0.04664612
71203476312000,19541000,-0.1346671,-0.019555569,0.04985237
71203495908000,19596000,-0.0018989444,-0.113842726,0.1299572
71203515386000,19478000,0.035224855,0.021561623,0.05689621
71203535090000,19704000,0.053403854,-0.015569687,0.041111946
71203554716000,19626000,0.014356732,-0.12944055,-0.09001827
71203574114000,19398000,-0.06278908,-0.032695293,-0.011031151
71203593571000,19457000,-0.02483368,-0.108323336,-0.028430939
71203613630000,20059000,-0.025007427,-0.1263597,-0.0081243515
71203632617000,18987000,-0.10162079,-0.18248105,0.08831692
71203652157000,19540000,0.013516426,0.01078248,0.08855915
71203671726000,19569000,0.013977349,0.032164574,0.03094101
71203691238000,19512000,0.14875257,-0.13746119,-0.04621792
71203710790000,19552000,0.015545726,0.07646966,0.06779194
71203730375000,19585000,-0.0026991963,-0.11143184,0.085710526
71203749859000,19484000,-0.040187657,0.06485176,-0.08817959
71203769470000,19611000,0.07537699,-0.0651803,0.005856514
71203788953000,19483000,0.1141004,-0.080286264,-0.034316063
71203808530000,19577000,0.018462956,-0.0763278,0.07870865
71203828036000,19506000,-0.11582357,0.02325654,-0.018897057
71203847560000,19524000,-0.0014640689,-0.011400938,-0.23129368
71203867131000,19571000,-0.07892275,-0.027101278,0.07367802
71203886757000,19626000,-0.041616023,0.07188368,-0.023236275
71203906229000,19472000,0.01483798,0.1322627,0.014342308
71203925789000,19560000,-0.08181012,0.0390203,-0.0050992966
71203945305000,19516000,0.08992034,0.0027267933,0.033328056
71203964838000,19533000,0.03208697,0.17650437,-0.061976433
71203984623000,19785000,-0.044624507,0.13887477,-0.17614746
71204003899000,19276000,-0.04450327,0.004708767,0.09299469
71204023492000,19593000,-0.082496524,-0.053695202,0.22829723
71204043066000,19574000,-0.15859729,-0.036299706,0.22965336
71204062590000,19524000,0.09116024,0.15280223,0.15428257
71204082145000,19555000,-0.09931356,-0.06082797,-0.017285347
71204102002000,19857000,-0.040453732,-0.064126015,0.0019655228
71204121274000,19272000,-0.057905555,-0.029248714,-0.09450722
71204143252000,21978000,-0.036611438,0.063043594,0.037846565
71204162765000,19513000,-0.053369164,-0.016792536,0.016383171
71204182591000,19826000,-0.10818148,-4.8971176E-4,-0.062963486
71204201845000,19254000,-0.009562612,0.01624751,-0.008422852
71204221345000,19500000,0.08925223,-0.062318802,0.026946068
71204240903000,19558000,-0.17570716,-0.06379342,-0.109913826
71204260450000,19547000,0.076547146,0.03098774,-0.20815468
71204279979000,19529000,-0.05427724,-0.026972055,-0.15267086
71204299550000,19571000,-0.051094115,-0.0844655,-0.077319145
71204319062000,19512000,0.009427667,0.050004005,-0.039361954
71204338967000,19905000,0.05064088,-0.02581954,-3.4046173E-4
71204358164000,19197000,-0.04243678,-0.043881893,-0.075255394
71204377740000,19576000,-0.020851076,-0.023388863,0.06145954
71204397253000,19513000,-0.037858903,-0.060170412,0.08400822
71204416805000,19552000,-0.05514574,-0.020188332,0.06875706
71204436449000,19644000,0.08055115,-0.11415315,0.111166
71204457329000,20880000,0.0053427815,-0.05471635,0.21092701
71204476109000,18780000,0.0065417886,-0.052627563,0.0037088394
71204494968000,18859000,0.045828223,-0.10784459,-0.031931877
71204514536000,19568000,0.04656124,-0.22028732,-0.16435337
71204534489000,19953000,-0.029596567,-0.27492547,0.027804375
71204553626000,19137000,-0.029410958,-0.060982704,-0.048996925
71204573128000,19502000,0.21949875,0.07696605,-0.1455679
71204592709000,19581000,0.10420674,0.062363863,0.006491661
71204612237000,19528000,0.084335744,0.04831958,0.04352665
71204631813000,19576000,0.025709808,0.03459859,-0.11086559
71204653740000,21927000,0.062173784,0.09768367,-0.07343197
71204673359000,19619000,0.021525204,0.026354551,0.19421864
71204693441000,20082000,-0.019622386,-0.007284403,0.021771431
71204712398000,18957000,-0.041939795,0.11149573,0.07949257
71204731933000,19535000,0.050425947,0.018629074,0.06080246
71204751522000,19589000,-0.029674768,0.09711647,-0.111073494
71204771020000,19498000,-0.052241504,0.021333694,-0.07233429
71204790565000,19545000,0.059477866,-0.093764305,0.08121586
71204810117000,19552000,-0.0391652,0.096695185,-0.052636147
71204829654000,19537000,-0.0416317,-0.020033121,0.043276787
71204849230000,19576000,0.032977402,-0.17560196,-0.12901974
71204868830000,19600000,0.012304664,0.051596403,0.06257725
71204888299000,19469000,0.011253297,-0.123473644,-0.052261353
71204907852000,19553000,-0.065990984,-0.030192852,-0.03295803
71204927395000,19543000,0.067816675,-0.0131185055,0.08221054
71204947053000,19658000,0.18276227,0.119431734,0.025099754
71204966468000,19415000,-0.1043486,0.15679336,-0.12770557
71204986033000,19565000,-0.046657443,0.02226305,0.14090824
71205005559000,19526000,-0.04647386,0.060419083,0.16052723
71205025148000,19589000,0.0111147165,0.0029103756,-0.068930626
71205044612000,19464000,0.06867182,0.002802372,-0.030424118
71205064159000,19547000,-0.0461725,-0.05493021,-0.06877804
71205083716000,19557000,-0.14187843,-0.05539775,-0.049892426
71205103250000,19534000,-0.06517929,-0.017714262,0.04546833
71205122793000,19543000,0.011629581,-0.037564278,-0.012444496
71205142330000,19537000,0.0120251775,-0.15315104,0.025432587
71205161902000,19572000,0.18504,0.018719435,-0.22392559
71205181424000,19522000,0.109230995,0.037632465,-0.20498562
71205200981000,19557000,-0.100628555,0.056883574,-0.0708189
71205220545000,19564000,-0.023317099,0.038146496,-0.03191948
71205240071000,19526000,-0.0419901,-0.037816525,-0.030675888
71205259631000,19560000,-0.06087762,0.0012772083,0.16280079
71205279159000,19528000,-0.0033072233,-0.09364796,0.20364761
71205298729000,19570000,-0.060732126,-0.13108444,0.034163475
71205318251000,19522000,0.01593107,0.023071766,-0.039525032
71205337811000,19560000,-0.0030903816,0.024113894,0.0014390945
71205357365000,19554000,-0.0028337836,0.063604355,-0.16873646
71205377274000,19909000,0.05502075,0.06489849,0.120259285
71205396472000,19198000,-0.021100104,0.066189766,-0.050896645
71205415974000,19502000,0.017761111,0.08650565,0.1031332
71205435576000,19602000,-0.13489419,0.049087524,-0.04968357
71205455067000,19491000,0.038069844,-0.027037382,0.026992798
71205474707000,19640000,0.038677156,-0.02702856,-0.069018364
71205494400000,19693000,0.0010099411,-0.084956646,0.1794939
71205513944000,19544000,0.11657351,-0.06664562,0.06389713
71205535172000,21228000,-0.07437593,-0.010300159,-0.12855339
71205552810000,17638000,0.0027084947,-0.011413097,0.061932564
71205572358000,19548000,0.022162914,0.045051336,0.022403717
71205591887000,19529000,0.118049264,-0.05150485,-0.18962002
71205611439000,19552000,-0.035264432,-0.09034157,0.03886509
71205631036000,19597000,0.02187854,0.024348497,0.2674322
71205650545000,19509000,-0.07444459,0.10105157,0.01728344
71205670097000,19552000,0.13548136,-0.03263688,-0.022116661
71205689642000,19545000,-0.056983292,-0.1086359,0.07252407
71205709200000,19558000,0.05687934,0.06452584,-0.005320549
71205728716000,19516000,-0.04004711,-0.011187315,-0.0066804886
71205748319000,19603000,-0.041265666,-0.029355526,-0.046477318
71205767804000,19485000,-0.061632216,-0.04748273,-0.028891563
71205787425000,19621000,-0.04359752,0.10678697,0.084456444
71205806916000,19491000,-0.12112832,0.0503428,0.025486946
71205826440000,19524000,0.050652385,-0.025345087,-0.090844154
71205846012000,19572000,-0.08361775,0.109484434,-0.13043118
71205865515000,19503000,0.031559765,0.10998535,-0.016584396
71205885098000,19583000,-0.044345796,0.014373064,-0.09395695
71205904752000,19654000,-0.004913032,0.071552515,0.02062893
71205924141000,19389000,-0.0034502149,0.032479525,-0.036688805
71205946140000,21999000,-0.020764053,-0.045559168,-0.093369484
71205965908000,19768000,0.057838857,-0.06657028,-0.03465557
71205986246000,20338000,0.02157849,-0.011312962,-0.10952568
71206004778000,18532000,-0.014778554,-0.18598294,-0.049962044
71206024340000,19562000,-0.013005078,0.060798645,-0.009131432
71206043853000,19513000,-0.04977888,0.05884981,0.16614056
71206063396000,19543000,-0.04850024,-0.038473368,0.18841934
71206083163000,19767000,0.010012686,-0.03958273,-0.13405514
71206105508000,22345000,0.049184144,-0.021007776,0.0029506683
71206124464000,18956000,-0.045856953,-0.040338516,-0.05200386
71206144030000,19566000,-0.0069440603,0.05566621,-0.18405056
71206163557000,19527000,0.07017106,-0.116105795,0.124007225
71206183191000,19634000,0.12802702,-0.038550615,0.18272114
71206202656000,19465000,0.0516572,0.020137072,0.26025867
71206222353000,19697000,-0.0632568,0.0024700165,-0.0074129105
71206241746000,19393000,0.032226145,0.042449474,-0.045833588
71206261318000,19572000,0.06993556,-0.032389164,0.010817528
71206280836000,19518000,-0.0267241,0.16092038,-0.1055727
71206301885000,21049000,-0.04708624,-0.028951168,-0.18427372
71206322365000,20480000,-0.010197163,-0.008395433,0.19642258
71206341982000,19617000,-0.03084147,-0.026499748,-0.035780907
71206361964000,19982000,0.006008625,-0.0641458,0.038653374
71206381047000,19083000,-0.014462709,0.14687347,-0.11648655
71206400559000,19512000,0.061038256,0.10858774,0.016005516
71206421502000,20943000,0.09846717,0.05078411,-0.10008526
71206439633000,18131000,0.02114433,0.18420053,0.18644047
71206459193000,19560000,-0.017768085,-0.00846076,0.10947323
71206478747000,19554000,0.096570015,0.028192759,-0.043789864
71206498363000,19616000,-0.018981636,0.025993824,-0.024510384
71206517842000,19479000,-5.547404E-4,-0.014992952,0.10971928
71206537527000,19685000,-0.020560503,0.07770109,0.0906477
71206556953000,19426000,-0.040670633,0.15097713,-0.0626688
71206576601000,19648000,-0.07998884,-0.0057878494,-0.04385662
71206595990000,19389000,0.033956528,0.048001766,-0.006149292
71206615702000,19712000,-0.1009655,0.063370466,-0.121881485
71206635120000,19418000,0.10908693,-0.036226988,-0.16108418
71206654846000,19726000,0.07039487,0.01740861,-0.10442734
71206674201000,19355000,-0.06384426,0.12859917,-0.14323044
71206693745000,19544000,-0.044689596,-0.04736948,-0.10488033
71206713311000,19566000,0.03204751,-0.08907843,0.10656643
71206733024000,19713000,0.05142218,-0.034775496,0.012356758
71206752407000,19383000,0.07085228,0.05817628,0.0720768
71206771960000,19553000,-0.08210909,0.05578041,0.074873924
71206791494000,19534000,0.07131392,0.111278296,0.13540936
71206811049000,19555000,0.071389556,-0.120150805,-0.033911705
71206830603000,19554000,-0.043614328,-0.02566433,-0.06944084
71206850154000,19551000,-0.12049425,0.049932003,-0.14372921
71206869689000,19535000,-0.025145054,-0.008301258,0.011338234
71206889439000,19750000,0.031829715,0.106063604,0.012751579
71206908878000,19439000,-0.1026932,0.0098872185,-0.024469376
71206928357000,19479000,0.03105855,-0.047916412,0.11043644
71206947844000,19487000,0.08837998,-0.048257113,0.09188938
71206967440000,19596000,0.06927943,0.10461211,0.053940773
71206986941000,19501000,0.031152368,0.046767473,-0.022621155
71207006545000,19604000,0.031353712,0.08463287,-0.0037698746
71207026040000,19495000,0.012315571,0.1032207,-0.042723656
71207045634000,19594000,0.06972039,0.025823593,-0.2543354
71207065124000,19490000,-0.06463796,0.06304717,-0.14044476
71207084723000,19599000,0.049746275,0.0807488,0.12680721
71207104221000,19498000,0.010662079,0.02144003,-0.007813454
71207123784000,19563000,0.06713307,0.03834057,0.030412674
71207143309000,19525000,0.04680097,-0.0025923252,-0.06497669
71207162870000,19561000,-0.08862758,0.10939145,-0.17910099
71207182399000,19529000,-0.07096404,0.067908764,-0.13959122
71207202030000,19631000,-0.015043914,-0.05037427,-0.13793087
71207221534000,19504000,0.0026441813,-0.05384755,-0.039967537
71207241136000,19602000,-0.113550544,-0.0381763,-0.01801014
71207260628000,19492000,0.0770002,-0.13727689,0.1194582
71207280575000,19947000,-0.057696223,0.07040262,0.12335682
71207299729000,19154000,-0.038794816,-0.08535147,0.050839424
71207321748000,22019000,-0.038572133,-0.029741287,-0.07908535
71207341227000,19479000,0.019466102,-0.069247246,-0.15189934
71207360846000,19619000,-0.113687575,-0.012290001,-0.07195759
71207380300000,19454000,-0.054991722,-0.031262398,-0.06908703
71207399968000,19668000,0.004014015,0.02703476,-0.009121895
71207419422000,19454000,-0.013312399,0.009266853,0.05058098
71207439074000,19652000,-0.14530241,0.049388647,0.18669415
71207458523000,19449000,-0.085538805,0.07060552,0.1118803
71207478190000,19667000,-0.02554518,0.11103845,0.055858612
71207497616000,19426000,-0.061088324,-0.0019130707,-0.038977623
71207517274000,19658000,-0.096383035,-2.9087067E-4,0.018797874
71207536718000,19444000,-0.016531348,-0.018295527,0.07595348
71207556361000,19643000,0.006075084,-0.17089391,0.17081165
71207575808000,19447000,0.08628863,0.05913019,0.07355976
71207595510000,19702000,-0.0824399,0.13558483,0.07147503
71207614912000,19402000,-0.021412492,-0.037190914,-0.02695179
71207634581000,19669000,0.096888244,0.019680023,-0.18337822
71207654014000,19433000,0.04251796,-0.07683706,-0.11031246
71207673665000,19651000,0.026062727,-0.07768822,-0.05648899
71207693115000,19450000,-0.12495327,0.09383774,-0.13650036
71207712795000,19680000,0.029961824,0.035600185,-0.043587685
71207732225000,19430000,0.088618636,-0.06082487,-0.026514053
71207751858000,19633000,0.03190124,-0.08050442,0.06810665
71207771338000,19480000,0.03221917,-0.061716795,0.10620403
71207790811000,19473000,0.10873097,0.03390169,-0.10386944
71207810436000,19625000,-0.0067213774,0.09147644,0.012322426
71207829912000,19476000,-0.14173585,0.015220404,0.07150841
71207849533000,19621000,0.029358506,0.0157485,-0.13716984
71207869089000,19556000,0.16191947,0.03549552,-0.020104408
71207888635000,19546000,0.06450766,-0.07886076,-0.09453392
71207908101000,19466000,0.043605506,-0.020920277,0.060881615
71207927728000,19627000,-0.034887135,0.11353183,0.10135174
71207947209000,19481000,-0.07519591,-0.020275354,-0.049801826
71207966759000,19550000,0.09510857,0.056473017,-0.10535717
71207986301000,19542000,0.093024135,-0.0010201931,-0.12281132
71208005859000,19558000,-0.0047980547,0.056214094,-0.14041996
71208025402000,19543000,-0.0642792,-0.059141397,0.24415302
71208044951000,19549000,-0.1428557,0.035992146,0.22651768
71208064501000,19550000,0.08516419,-0.022270441,0.20880795
71208084066000,19565000,0.006967604,-0.08064628,0.03755474
71208103606000,19540000,-0.090072155,-0.0049808025,0.24877644
71208123156000,19550000,-0.052688062,0.013281345,0.03777218
71208142692000,19536000,0.13830203,-0.15984607,0.055592537
71208162251000,19559000,0.13812011,-0.08373904,-0.15751076
71208181779000,19528000,0.099886596,-0.12220335,-0.0076761246
71208201353000,19574000,0.080871284,-0.08357024,0.08395004
71208220904000,19551000,0.042551756,0.051424265,0.04104328
71208240445000,19541000,-0.11101341,-0.023634672,0.055386543
71208259991000,19546000,0.04147315,-0.11724758,-0.006907463
71208279541000,19550000,0.19355786,-0.095416546,-0.030766487
71208299089000,19548000,0.019651294,-0.03482485,-0.07350731
71208318638000,19549000,-0.0014073849,0.19852996,-0.2498951
71208338172000,19534000,-0.08029181,-0.04670596,-0.042586327
71208357736000,19564000,-0.02538681,-0.15780425,0.012330055
71208377290000,19554000,-0.0089303255,-0.039156675,-0.065835
71208396818000,19528000,0.007550299,-0.035602808,-0.028037071
71208416369000,19551000,-0.14817631,0.025223732,0.049074173
71208435973000,19604000,-0.073738456,0.009233236,0.031306267
71208455540000,19567000,-0.056286395,-0.14106059,-0.04322529
71208475023000,19483000,0.019235909,-0.1192019,-0.15558147
71208494582000,19559000,-0.038626194,0.036556005,-0.018619537
71208514150000,19568000,-2.5749207E-5,6.787777E-4,-0.053822517
71208533708000,19558000,9.023547E-4,-0.07355666,0.083498955
71208553253000,19545000,-0.112553716,-0.013750553,0.06763935
71208572807000,19554000,-0.148952,0.14178777,0.20490932
71208592375000,19568000,0.12149,0.105709314,0.092871666
71208611926000,19551000,0.028335333,-0.007178068,-0.077176094
71208631475000,19549000,-0.007146418,-0.04378581,0.07764721
71208651049000,19574000,0.0723508,0.05325198,0.0018014908
71208670600000,19551000,-0.09725225,0.034903288,0.0017518997
71208690192000,19592000,0.058524847,0.016085386,0.058405876
71208709726000,19534000,0.17566836,0.07342601,0.037799835
71208729263000,19537000,0.024237692,0.11117077,0.07412052
71208748833000,19570000,-0.08941811,0.033552885,-0.138978
71208768388000,19555000,-0.050434172,0.12786555,0.030706406
71208788019000,19631000,-0.03115344,-0.08474231,-0.06788063
71208807719000,19700000,0.16006994,0.08528137,0.005976677
71208827131000,19412000,0.101967394,0.0059552193,0.13751793
71208846602000,19471000,0.15847903,-0.054478407,0.02036953
71208866240000,19638000,-0.09182209,0.01901269,-0.019853592
71208885718000,19478000,0.0022594333,0.054188013,-0.0023412704
71208905335000,19617000,0.057668447,0.051156044,-0.3101778
71208924974000,19639000,-0.021284938,-0.08577728,0.01437664
71208944431000,19457000,-0.11956632,0.045668602,-0.0053949356
71208964090000,19659000,-0.026359022,-0.05245161,-0.043766975
71208983543000,19453000,0.028666317,0.02213645,-0.13901424
71209003432000,19889000,-0.011803031,-0.017835855,-0.09955788
71209022650000,19218000,-0.032747865,0.095780134,0.11286259
71209042505000,19855000,-0.11071199,-9.536743E-4,0.057725906
71209061757000,19252000,0.118248224,-0.039963007,-0.13106823
71209081416000,19659000,-0.15028608,0.016997576,0.00603199
71209100860000,19444000,0.022188365,-0.079114914,-0.04827404
71209120519000,19659000,0.09934372,0.01644969,0.012374878
71209139971000,19452000,-0.11043632,-0.0027678013,0.053803444
71209159815000,19844000,-0.03262067,-0.11760211,0.15252781
71209179076000,19261000,0.064534724,0.11247969,-0.055516243
71209198739000,19663000,-0.048866868,-0.021195412,-0.05331707
71209218183000,19444000,-0.06644249,0.036793947,-0.032476425
71209237845000,19662000,-0.02654177,-0.096672535,-0.12705517
71209257288000,19443000,-0.06325728,-2.567768E-4,-0.04964161
71209277330000,20042000,-0.08079165,4.2581558E-4,-0.010781288
71209296399000,19069000,0.13154948,0.0011334419,0.18122005
71209316055000,19656000,-0.058279753,-0.017285109,0.0667429
71209335499000,19444000,-0.07570678,-0.11229944,0.067129135
71209355160000,19661000,-0.035678446,-0.09235096,0.029047966
71209374595000,19435000,-0.053119957,-0.014843702,0.14392853
71209394437000,19842000,0.0060752034,-0.07122445,0.23926163
71209413694000,19257000,-0.049624622,0.1216135,-0.10643482
71209433317000,19623000,0.047945917,-0.12583876,-0.050527573
71209452815000,19498000,0.011459827,-0.009172916,0.0047750473
71209472417000,19602000,-0.025050044,0.050188303,-0.07448578
71209491898000,19481000,-0.11909515,-0.043581963,0.03749752
71209511817000,19919000,-0.021686673,-0.003232479,0.05359745
71209531002000,19185000,-0.07756752,0.037071705,-0.04514599
71209550679000,19677000,-0.03767395,0.09642577,0.12443447
71209570148000,19469000,0.021431804,-0.11255956,0.06440735
71209589779000,19631000,-0.015134692,0.080418825,-0.09115124
71209609250000,19471000,0.13991326,0.081553936,-0.112407684
71209629060000,19810000,-0.06893629,-0.013429642,-0.11424255
71209648350000,19290000,0.04773736,0.063592196,0.09497547
71209667999000,19649000,0.01100564,0.08273506,-0.0018024445
71209687757000,19758000,-0.0068208575,0.024822712,-0.09808636
71209707157000,19400000,0.032521963,0.062241793,-0.07898235
71209726580000,19423000,0.22476655,0.060914278,0.15126419
71209746574000,19994000,-0.023923397,0.039974928,-0.07773876
71209765688000,19114000,-0.06236714,0.056969166,0.15324116
71209785334000,19646000,0.05191505,-0.041325092,0.07794094
71209804789000,19455000,-0.064092994,0.032482386,-0.016521454
71209824472000,19683000,0.049378455,0.10608959,-0.20692539
71209843899000,19427000,0.02853638,0.0072169304,-0.091109276
71209863829000,19930000,0.007538736,0.13812208,0.005373955
71209882998000,19169000,-0.07096416,8.678436E-4,0.216712
71209902624000,19626000,-0.01536417,-0.05979514,0.1598711
71209922159000,19535000,0.021208823,0.051936865,0.14121151
71209941720000,19561000,-0.037772894,0.12542582,0.0073156357
71209961216000,19496000,-0.07732338,0.14154935,-0.222826
71209980964000,19748000,0.11329889,0.0044984818,-0.12788105
71210000382000,19418000,-0.021349609,-0.017629147,-0.014151573
71210019956000,19574000,-0.13652056,0.017664671,0.25264835
71210039489000,19533000,-0.0023956895,0.0146307945,0.3087349
71210059043000,19554000,0.017106771,0.011623144,0.077445984
71210078583000,19540000,-0.039709866,0.18107152,0.17151165
71210098145000,19562000,0.15272945,-0.070771694,-0.060502052
71210117686000,19541000,-0.11433786,-0.016076088,-0.024956703
71210137244000,19558000,-0.036554337,0.038709164,-0.08576298
71210156789000,19545000,-0.01621145,-0.059604406,-0.10869503
71210176352000,19563000,0.042432785,0.052951574,0.040560722
71210195926000,19574000,0.04358709,-0.15987015,-0.059103966
71210215442000,19516000,0.0063590407,0.02983427,-0.13929653
71210235016000,19574000,0.0456087,0.009222746,-0.21894741
71210254554000,19538000,-0.10686892,-0.14503598,-0.08713627
71210274129000,19575000,-0.010559857,-0.06898165,-0.069247246
71210293673000,19544000,-0.048503518,-0.1456325,-0.10765934
71210313228000,19555000,-0.029094458,0.10391617,0.008379936
71210332800000,19572000,0.02859193,0.028461933,0.029828072
71210352342000,19542000,0.086304426,0.12592101,-0.13923359
71210371882000,19540000,-0.08578789,0.032200098,-0.13508892
71210391446000,19564000,-0.0280115,-0.023084879,0.1761427
71210410994000,19548000,0.0489403,0.017312527,-0.029353142
71210430549000,19555000,0.030148387,0.057462692,0.0334692
71210450113000,19564000,0.04966718,-0.01766777,0.23025131
71210469712000,19599000,0.0882895,-0.035764217,0.101008415
71210489249000,19537000,-0.007290542,0.022315264,-0.18217945
71210508817000,19568000,-0.045611262,-0.01577735,0.18491459
71210528362000,19545000,-0.06500983,0.041555643,-0.0044813156
71210547906000,19544000,-0.027142882,-0.09292078,0.11152649
71210567646000,19740000,0.10637331,-0.036054373,0.0157938
71210586996000,19350000,0.0100016,0.078192234,0.014882088
71210606574000,19578000,0.047680557,-0.037394047,0.03225994
71210626111000,19537000,0.008708835,0.057775974,0.16384411
71210645759000,19648000,0.027137756,0.07641339,0.0841465
71210665234000,19475000,-0.031121075,-0.058118105,-0.20670891
71210685000000,19766000,-0.089451015,0.018061876,-0.24890804
71210704348000,19348000,0.024582863,-0.058982372,-0.13790417
71210723963000,19615000,0.042895198,-0.0019388199,0.030900002
71210743459000,19496000,-0.05361253,-0.11722851,0.23868465
71210763056000,19597000,-0.11167538,0.016589165,0.35151196
71210782569000,19513000,-0.01632297,-0.13671374,0.29261494
71210802196000,19627000,0.07928091,-0.11736107,0.0041646957
71210821686000,19490000,0.0410859,0.074735165,-0.0928812
71210841257000,19571000,0.022284448,0.037415028,-0.15202999
71210860793000,19536000,-0.053823113,-0.13356614,0.018202782
71210880370000,19577000,0.13828617,-0.016884327,-0.04175949
71210899933000,19563000,-0.11015308,-0.014823914,-0.19764996
71210919889000,19956000,-0.16712725,-0.069955826,-0.18108845
71210939007000,19118000,-0.05177313,-0.009995937,0.06567955
71210958611000,19604000,0.10192156,-0.045659304,-0.050845146
71210978120000,19509000,-0.031574726,-0.11953521,-0.051668167
71210997703000,19583000,-0.03085643,-0.0018017292,0.17817783
71211017208000,19505000,0.10405743,0.11598539,-0.012604713
71211037195000,19987000,0.009210825,-0.11096525,-0.08784771
71211056359000,19164000,0.029276788,-0.108145475,0.10542774
71211075932000,19573000,0.03009379,-0.067112684,0.16483402
71211095447000,19515000,0.2605641,-0.10276389,0.18591595
71211115028000,19581000,0.14594805,-0.06180334,-0.0039815903
71211134551000,19523000,-0.026625752,0.09414196,0.09287357
71211154132000,19581000,-0.16154063,0.11609316,-0.117468834
71211173863000,19731000,0.04763323,0.17635155,-0.46266365
71211193231000,19368000,-0.06932902,-0.050887823,-0.06142521
71211212764000,19533000,0.043200254,-0.029522419,0.30128765
