71189807681000,0,3.1875,6.5625,-37.5
71189924860000,117179000,-12.0625,-4.5,-36.0
71190008475000,83615000,-42.5,-24.375,-32.8125
71189991745000,-16730000,-42.25,-24.125,-32.5625
71189975133000,-16612000,-41.75,-24.125,-32.3125
71189958292000,-16841000,-42.0,-24.125,-32.5625
71189941648000,-16644000,-27.25,-14.5625,-34.5
71190075671000,134023000,-41.5,-25.375,-32.3125
71190058801000,-16870000,-42.25,-24.875,-32.3125
71190042063000,-16738000,-42.75,-25.125,-32.5625
71190025316000,-16747000,-42.25,-25.125,-33.0625
71190092340000,67024000,-40.8125,-24.625,-32.3125
71190109253000,16913000,-40.3125,-24.625,-33.0625
71190127909000,18656000,-40.5625,-24.875,-32.8125
71190142598000,14689000,-40.8125,-24.125,-32.3125
71190159524000,16926000,-41.25,-24.625,-32.3125
71190178507000,18983000,-41.75,-24.625,-32.0625
71190192893000,14386000,-42.0,-24.375,-32.3125
71190209665000,16772000,-42.75,-24.375,-32.3125
71190226591000,16926000,-43.25,-23.875,-32.8125
71190243283000,16692000,-43.5,-24.125,-33.0625
71190260167000,16884000,-43.0,-24.375,-33.0625
71190276770000,16603000,-42.5,-24.625,-33.5625
71190293449000,16679000,-42.0,-24.875,-33.0625
71190310122000,16673000,-41.5,-24.375,-32.5625
71190327187000,17065000,-41.5,-24.375,-32.5625
71190345229000,18042000,-41.25,-24.625,-32.8125
71190360481000,15252000,-41.5,-24.625,-32.3125
71190377226000,16745000,-41.75,-24.625,-32.8125
71190393856000,16630000,-42.0,-24.625,-32.8125
71190410645000,16789000,-42.25,-24.375,-32.3125
71190427352000,16707000,-42.0,-24.375,-33.0625
71190444246000,16894000,-42.0,-24.375,-32.8125
71190460816000,16570000,-42.25,-23.875,-32.5625
71190477572000,16756000,-42.5,-23.625,-32.5625
71190494296000,16724000,-42.5,-23.625,-32.3125
71190511081000,16785000,-42.5,-23.625,-32.3125
71190527778000,16697000,-42.75,-23.375,-32.5625
71190544525000,16747000,-42.5,-23.875,-32.3125
71190561546000,17021000,-43.5,-23.625,-32.3125
71190577952000,16406000,-44.5,-23.875,-32.0625
71190594749000,16797000,-44.5,-24.375,-32.0625
71190612301000,17552000,-44.6875,-24.125,-32.8125
71190629136000,16835000,-44.25,-24.375,-32.8125
71190647732000,18596000,-44.0,-24.375,-33.3125
71190664183000,16451000,-43.75,-24.375,-32.8125
71190681997000,17814000,-44.0,-24.375,-32.3125
71190698074000,16077000,-44.25,-24.375,-32.5625
71190714666000,16592000,-44.25,-24.125,-31.8125
71190731301000,16635000,-44.5,-23.875,-32.3125
71190747877000,16576000,-44.25,-23.875,-32.5625
71190764610000,16733000,-44.0,-24.125,-32.0625
71190781353000,16743000,-43.5,-24.125,-32.0625
71190798366000,17013000,-43.75,-24.375,-31.5625
71190814837000,16471000,-44.6875,-24.875,-31.8125
71190831801000,16964000,-45.6875,-24.625,-32.3125
71190848641000,16840000,-46.1875,-24.625,-32.5625
71190865251000,16610000,-45.9375,-24.625,-32.8125
71190882253000,17002000,-45.9375,-24.125,-32.5625
71190898710000,16457000,-45.9375,-24.125,-32.0625
71190915551000,16841000,-45.6875,-23.875,-32.0625
71190932446000,16895000,-46.1875,-24.125,-31.8125
71190949063000,16617000,-46.1875,-24.375,-31.3125
71190966326000,17263000,-45.9375,-24.375,-31.3125
71190982565000,16239000,-46.9375,-24.625,-31.5625
71190999290000,16725000,-46.9375,-24.625,-32.0625
71191015953000,16663000,-46.1875,-24.625,-33.0625
71191032765000,16812000,-45.6875,-24.375,-33.3125
71191049608000,16843000,-44.5,-24.375,-33.0625
71191066202000,16594000,-43.25,-23.875,-33.3125
71191083451000,17249000,-43.5,-24.125,-32.8125
71191099844000,16393000,-43.25,-24.375,-32.8125
71191116451000,16607000,-43.25,-23.875,-33.3125
71191133174000,16723000,-44.9375,-24.125,-32.8125
71191149826000,16652000,-45.4375,-23.625,-33.0625
71191166643000,16817000,-46.6875,-23.625,-32.5625
71191183369000,16726000,-46.9375,-23.875,-31.8125
71191200448000,17079000,-45.4375,-23.875,-32.0625
71191216880000,16432000,-44.6875,-23.875,-31.8125
71191233763000,16883000,-43.5,-23.375,-32.0625
71191250452000,16689000,-43.25,-23.625,-33.0625
71191267153000,16701000,-44.0,-23.625,-32.8125
71191283955000,16802000,-44.0,-23.625,-32.5625
71191300820000,16865000,-43.75,-24.125,-32.5625
71191317702000,16882000,-44.25,-24.125,-32.0625
71191334179000,16477000,-44.25,-23.875,-31.8125
71191351045000,16866000,-45.1875,-23.625,-32.0625
71191367819000,16774000,-45.6875,-23.375,-32.0625
71191384522000,16703000,-45.1875,-23.375,-32.3125
71191401290000,16768000,-44.6875,-23.625,-32.5625
71191418147000,16857000,-43.5,-23.875,-32.5625
71191435126000,16979000,-43.5,-24.125,-32.5625
71191451752000,16626000,-44.0,-24.125,-32.3125
71191468379000,16627000,-44.25,-23.875,-32.8125
71191485127000,16748000,-44.0,-23.625,-33.0625
71191501791000,16664000,-44.6875,-23.375,-33.3125
71191518572000,16781000,-44.0,-23.375,-33.0625
71191535360000,16788000,-44.0,-23.375,-33.0625
71191552360000,17000000,-44.25,-23.375,-32.5625
71191568815000,16455000,-43.0,-23.1875,-32.5625
71191585676000,16861000,-44.25,-22.9375,-32.5625
71191602280000,16604000,-44.5,-23.375,-32.3125
71191619017000,16737000,-44.6875,-23.875,-32.3125
71191635667000,16650000,-45.4375,-24.375,-32.3125
71191652694000,17027000,-44.9375,-24.875,-32.5625
71191669691000,16997000,-45.6875,-24.375,-32.5625
71191687710000,18019000,-46.1875,-24.125,-32.8125
71191704113000,16403000,-46.1875,-24.125,-32.8125
71191720682000,16569000,-46.6875,-23.625,-32.5625
71191738664000,17982000,-47.6875,-23.875,-32.8125
71191754250000,15586000,-47.4375,-23.625,-32.5625
71191770974000,16724000,-47.6875,-23.625,-32.5625
71191787906000,16932000,-47.6875,-23.875,-32.8125
71191805021000,17115000,-46.1875,-24.125,-32.5625
71191821347000,16326000,-47.6875,-24.375,-32.0625
71191838790000,17443000,-47.4375,-24.625,-32.0625
71191855212000,16422000,-46.9375,-24.625,-31.8125
71191871937000,16725000,-46.1875,-24.375,-31.8125
71191888844000,16907000,-44.5,-24.875,-32.5625
71191905705000,16861000,-45.4375,-24.625,-32.3125
71191922144000,16439000,-45.4375,-24.625,-32.3125
71191939191000,17047000,-45.9375,-24.625,-31.8125
71191955756000,16565000,-46.1875,-24.125,-31.8125
71191972518000,16762000,-45.9375,-24.125,-31.8125
71191989303000,16785000,-47.1875,-24.125,-32.0625
71192006174000,16871000,-47.1875,-23.875,-32.5625
71192022955000,16781000,-47.4375,-23.875,-32.5625
71192040036000,17081000,-46.1875,-23.375,-33.0625
71192056641000,16605000,-46.1875,-23.1875,-32.5625
71192073340000,16699000,-46.9375,-23.1875,-32.5625
71192090126000,16786000,-46.1875,-23.1875,-32.0625
71192106907000,16781000,-46.4375,-23.375,-31.8125
71192123640000,16733000,-44.9375,-23.625,-32.0625
71192140451000,16811000,-44.9375,-23.375,-32.0625
71192157090000,16639000,-44.6875,-23.375,-32.5625
71192173974000,16884000,-44.5,-23.875,-32.5625
71192190627000,16653000,-44.25,-23.875,-32.5625
71192207303000,16676000,-43.25,-24.125,-32.5625
71192224074000,16771000,-44.6875,-24.375,-32.3125
71192240942000,16868000,-44.9375,-24.125,-32.3125
71192257706000,16764000,-45.1875,-24.125,-32.0625
71192274374000,16668000,-45.1875,-24.375,-31.8125
71192291328000,16954000,-43.75,-23.875,-32.0625
71192307895000,16567000,-44.5,-24.125,-31.8125
71192324601000,16706000,-45.1875,-24.625,-32.0625
71192341385000,16784000,-44.9375,-24.875,-32.3125
71192358248000,16863000,-45.1875,-25.125,-31.8125
71192374953000,16705000,-44.5,-24.625,-32.0625
71192391975000,17022000,-43.0,-24.375,-32.3125
71192408559000,16584000,-43.25,-24.375,-31.5625
71192425225000,16666000,-43.25,-24.125,-31.8125
71192441916000,16691000,-43.25,-24.375,-31.8125
71192458666000,16750000,-43.75,-24.125,-32.0625
71192475561000,16895000,-43.75,-24.125,-32.3125
71192492157000,16596000,-43.75,-24.375,-32.5625
71192508878000,16721000,-43.5,-24.125,-32.8125
71192525878000,17000000,-43.5,-24.125,-32.5625
71192542397000,16519000,-43.25,-24.125,-33.3125
71192559277000,16880000,-43.5,-23.875,-33.0625
71192576017000,16740000,-43.25,-24.125,-32.3125
71192592882000,16865000,-43.75,-23.625,-32.0625
71192609653000,16771000,-44.25,-23.625,-31.3125
71192626513000,16860000,-44.5,-23.875,-31.0625
71192643708000,17195000,-44.6875,-23.625,-31.5625
71192660449000,16741000,-44.0,-24.125,-31.8125
71192677290000,16841000,-43.0,-23.625,-32.3125
71192694139000,16849000,-42.25,-23.625,-32.8125
71192710798000,16659000,-42.25,-23.625,-33.0625
71192727533000,16735000,-42.0,-23.625,-33.0625
71192744561000,17028000,-42.5,-23.875,-33.0625
71192761271000,16710000,-42.75,-24.125,-33.0625
71192777948000,16677000,-42.5,-23.875,-33.0625
71192794762000,16814000,-43.25,-23.875,-32.8125
71192811469000,16707000,-42.75,-23.875,-32.5625
71192828388000,16919000,-43.0,-23.875,-32.5625
71192845152000,16764000,-42.75,-24.125,-32.0625
71192861696000,16544000,-42.0,-24.125,-32.5625
71192878410000,16714000,-42.5,-24.125,-32.8125
71192895199000,16789000,-42.0,-23.875,-33.0625
71192911857000,16658000,-41.5,-24.125,-33.5625
71192928654000,16797000,-41.75,-24.125,-33.0625
71192945718000,17064000,-41.0625,-24.125,-33.0625
71192962121000,16403000,-40.8125,-24.125,-32.8125
71192979075000,16954000,-41.5,-24.125,-32.5625
71192995761000,16686000,-41.5,-23.625,-32.5625
71193012622000,16861000,-42.75,-23.875,-32.5625
71193029390000,16768000,-44.0,-23.875,-32.3125
71193046181000,16791000,-44.25,-23.375,-32.5625
71193062872000,16691000,-44.25,-23.875,-32.5625
71193079914000,17042000,-44.0,-23.625,-32.5625
71193096616000,16702000,-43.75,-23.875,-32.8125
71193113282000,16666000,-44.0,-24.375,-32.8125
71193130032000,16750000,-44.5,-24.125,-33.3125
71193146775000,16743000,-44.6875,-24.125,-33.0625
71193163478000,16703000,-44.0,-24.125,-33.0625
71193180270000,16792000,-43.75,-24.375,-32.8125
71193197075000,16805000,-42.75,-24.625,-33.0625
71193213810000,16735000,-42.0,-24.625,-33.3125
71193230376000,16566000,-42.0,-24.375,-33.3125
71193247135000,16759000,-42.0,-24.125,-33.0625
71193263840000,16705000,-42.25,-24.625,-32.5625
71193280622000,16782000,-42.25,-24.625,-32.5625
71193297472000,16850000,-42.25,-24.375,-33.0625
71193314379000,16907000,-42.0,-24.625,-33.0625
71193331125000,16746000,-42.75,-24.125,-33.0625
71193347885000,16760000,-43.0,-24.125,-33.3125
71193364551000,16666000,-43.0,-24.125,-32.5625
71193381331000,16780000,-43.0,-23.875,-33.0625
71193398178000,16847000,-43.25,-23.625,-33.0625
71193415113000,16935000,-43.25,-23.375,-32.8125
71193431804000,16691000,-43.25,-23.375,-33.0625
71193448419000,16615000,-43.25,-23.375,-32.3125
71193465437000,17018000,-42.5,-23.375,-32.0625
71193482054000,16617000,-41.75,-23.625,-31.8125
71193498719000,16665000,-41.75,-24.125,-32.0625
71193515404000,16685000,-42.5,-24.125,-32.5625
71193532362000,16958000,-42.75,-23.875,-33.0625
71193553278000,20916000,-43.75,-24.125,-33.3125
71193567164000,13886000,-44.5,-23.875,-33.3125
71193584863000,17699000,-44.9375,-24.625,-32.8125
71193600772000,15909000,-45.4375,-24.875,-32.8125
71193617498000,16726000,-45.6875,-24.875,-32.8125
71193634400000,16902000,-45.6875,-24.875,-32.5625
71193651017000,16617000,-45.4375,-24.125,-33.0625
71193667602000,16585000,-45.4375,-24.375,-32.8125
71193684523000,16921000,-45.6875,-23.875,-32.5625
71193701114000,16591000,-45.1875,-23.625,-32.5625
71193718029000,16915000,-44.6875,-23.875,-32.5625
71193734730000,16701000,-44.6875,-23.375,-32.5625
71193751482000,16752000,-44.5,-23.875,-32.8125
71193768573000,17091000,-44.6875,-24.375,-32.5625
71193785364000,16791000,-44.5,-24.125,-32.5625
71193801833000,16469000,-44.25,-24.625,-32.3125
71193818841000,17008000,-43.75,-24.375,-32.0625
71193835580000,16739000,-43.25,-23.875,-32.5625
71193852421000,16841000,-43.25,-24.125,-32.5625
71193869207000,16786000,-43.25,-23.625,-32.8125
71193886048000,16841000,-43.0,-23.375,-33.0625
71193902977000,16929000,-43.25,-23.875,-32.8125
71193920440000,17463000,-43.5,-24.125,-32.5625
71193937108000,16668000,-43.75,-24.375,-32.5625
71193954085000,16977000,-44.0,-24.625,-32.5625
71193970655000,16570000,-44.0,-24.125,-32.8125
71193987276000,16621000,-44.25,-23.625,-33.3125
71194004429000,17153000,-43.75,-23.625,-33.3125
71194021436000,17007000,-43.25,-23.875,-33.3125
71194037844000,16408000,-43.0,-24.125,-33.0625
71194054517000,16673000,-43.0,-24.125,-33.3125
71194071274000,16757000,-43.25,-24.875,-33.0625
71194088125000,16851000,-44.0,-24.375,-33.0625
71194104976000,16851000,-44.5,-24.125,-33.0625
71194121726000,16750000,-44.5,-24.125,-32.8125
71194138282000,16556000,-44.5,-23.625,-33.0625
71194155079000,16797000,-44.25,-23.875,-33.0625
71194171797000,16718000,-44.25,-24.125,-33.0625
71194188532000,16735000,-43.75,-23.875,-32.8125
71194205973000,17441000,-44.0,-23.625,-32.5625
71194222086000,16113000,-44.6875,-23.625,-32.3125
71194239178000,17092000,-44.9375,-22.9375,-32.3125
71194255531000,16353000,-45.1875,-23.1875,-32.5625
71194272217000,16686000,-44.9375,-23.625,-32.3125
71194288951000,16734000,-44.5,-23.375,-32.3125
71194305995000,17044000,-44.0,-24.125,-32.0625
71194323001000,17006000,-44.25,-24.125,-32.0625
71194339559000,16558000,-44.0,-23.875,-32.8125
71194356322000,16763000,-44.0,-24.125,-33.0625
71194373050000,16728000,-44.25,-23.875,-33.5625
71194389790000,16740000,-44.0,-23.875,-33.8125
71194406512000,16722000,-44.25,-23.625,-33.5625
71194423291000,16779000,-44.0,-23.375,-33.5625
71194439989000,16698000,-43.5,-23.625,-33.0625
71194456811000,16822000,-43.0,-23.875,-33.0625
71194473653000,16842000,-42.5,-24.125,-33.5625
71194490189000,16536000,-42.25,-24.625,-33.8125
71194506875000,16686000,-42.25,-24.875,-34.25
71194523820000,16945000,-42.75,-24.875,-34.0
71194540641000,16821000,-42.75,-24.875,-33.5625
71194557543000,16902000,-42.75,-24.625,-33.0625
71194574269000,16726000,-43.0,-24.625,-32.5625
71194590923000,16654000,-44.0,-24.375,-32.3125
71194607897000,16974000,-44.5,-24.375,-32.3125
71194624447000,16550000,-45.1875,-24.125,-32.5625
71194641182000,16735000,-45.9375,-23.875,-33.0625
71194657962000,16780000,-45.1875,-23.875,-32.8125
71194674830000,16868000,-45.6875,-23.625,-32.3125
71194691657000,16827000,-46.1875,-24.125,-31.8125
71194708642000,16985000,-45.9375,-24.125,-31.3125
71194725263000,16621000,-46.1875,-23.875,-31.3125
71194741952000,16689000,-46.1875,-23.625,-31.3125
71194759815000,17863000,-46.4375,-23.1875,-31.8125
71194776438000,16623000,-46.6875,-22.9375,-32.3125
71194793332000,16894000,-46.6875,-23.1875,-32.3125
71194809911000,16579000,-46.6875,-23.625,-32.5625
71194826662000,16751000,-46.1875,-23.625,-32.5625
71194843308000,16646000,-45.4375,-23.625,-32.0625
71194860072000,16764000,-44.25,-23.375,-32.3125
71194876971000,16899000,-43.25,-23.375,-33.0625
71194893568000,16597000,-42.0,-23.375,-33.0625
71194910356000,16788000,-42.25,-23.625,-33.3125
71194927244000,16888000,-42.75,-23.625,-33.3125
71194943971000,16727000,-44.0,-23.625,-32.3125
71194960625000,16654000,-45.4375,-23.875,-32.3125
71194977403000,16778000,-46.6875,-23.375,-32.3125
71194994187000,16784000,-46.9375,-23.375,-31.8125
71195010882000,16695000,-46.4375,-23.375,-31.8125
71195027664000,16782000,-45.4375,-23.1875,-31.8125
71195044560000,16896000,-44.6875,-23.375,-32.0625
71195061681000,17121000,-45.1875,-23.625,-32.5625
71195078296000,16615000,-44.6875,-23.875,-33.0625
71195094987000,16691000,-44.6875,-24.375,-33.0625
71195111764000,16777000,-44.25,-24.625,-33.3125
71195128602000,16838000,-43.75,-24.625,-33.3125
71195145262000,16660000,-44.25,-24.375,-33.3125
71195162104000,16842000,-45.1875,-24.125,-33.3125
71195178659000,16555000,-44.9375,-24.125,-32.5625
71195195468000,16809000,-44.9375,-23.875,-32.8125
71195212192000,16724000,-45.1875,-23.875,-32.8125
71195228925000,16733000,-44.5,-23.625,-33.0625
71195245827000,16902000,-45.1875,-23.375,-33.3125
71195262494000,16667000,-45.6875,-23.375,-33.0625
71195279350000,16856000,-45.6875,-23.1875,-32.8125
71195295923000,16573000,-45.6875,-23.1875,-32.3125
71195312720000,16797000,-45.1875,-23.375,-31.8125
71195329369000,16649000,-45.9375,-23.625,-32.0625
71195346088000,16719000,-45.9375,-23.375,-31.8125
71195363152000,17064000,-47.1875,-23.625,-32.0625
71195379588000,16436000,-46.9375,-23.625,-32.3125
71195396491000,16903000,-45.6875,-23.375,-31.8125
71195413433000,16942000,-45.4375,-23.875,-32.5625
71195430133000,16700000,-44.25,-23.625,-32.3125
71195447089000,16956000,-44.9375,-23.625,-32.0625
71195463923000,16834000,-44.9375,-23.875,-32.5625
71195480613000,16690000,-45.1875,-23.875,-32.3125
71195497285000,16672000,-45.1875,-23.875,-32.3125
71195514241000,16956000,-44.6875,-23.875,-32.5625
71195530828000,16587000,-44.25,-24.125,-32.0625
71195547653000,16825000,-44.5,-23.875,-32.3125
71195564445000,16792000,-45.1875,-24.125,-32.3125
71195581315000,16870000,-45.4375,-24.125,-32.3125
71195598134000,16819000,-46.4375,-23.875,-32.5625
71195614908000,16774000,-46.9375,-23.875,-32.3125
71195631645000,16737000,-46.9375,-23.875,-32.0625
71195648750000,17105000,-47.1875,-23.875,-32.3125
71195665170000,16420000,-47.6875,-24.125,-32.3125
71195683349000,18179000,-47.4375,-24.125,-32.3125
71195698627000,15278000,-47.1875,-24.125,-32.3125
71195715372000,16745000,-46.6875,-24.125,-32.5625
71195732149000,16777000,-45.6875,-23.875,-32.8125
71195748946000,16797000,-44.9375,-23.875,-32.0625
71195765819000,16873000,-44.9375,-24.125,-32.0625
71195782326000,16507000,-44.6875,-24.375,-31.8125
71195799374000,17048000,-44.25,-24.125,-31.8125
71195816665000,17291000,-44.0,-24.375,-32.3125
71195833102000,16437000,-43.25,-23.875,-32.5625
71195849833000,16731000,-44.9375,-23.625,-32.5625
71195866568000,16735000,-45.6875,-23.875,-32.0625
71195883715000,17147000,-46.6875,-23.875,-32.3125
71195900452000,16737000,-47.1875,-24.375,-32.5625
71195917197000,16745000,-45.6875,-23.875,-32.0625
71195934058000,16861000,-45.9375,-23.625,-32.5625
71195951119000,17061000,-44.6875,-23.625,-32.5625
71195967766000,16647000,-45.9375,-23.375,-32.0625
71195984075000,16309000,-45.9375,-23.625,-32.0625
71196000981000,16906000,-46.1875,-24.125,-31.8125
71196017604000,16623000,-46.4375,-24.125,-31.8125
71196034344000,16740000,-45.1875,-24.625,-32.0625
71196051100000,16756000,-44.9375,-24.875,-32.0625
71196067892000,16792000,-44.9375,-24.375,-31.8125
71196084582000,16690000,-44.9375,-24.375,-32.0625
71196101431000,16849000,-45.4375,-23.875,-32.0625
71196118096000,16665000,-46.4375,-23.875,-32.8125
71196134793000,16697000,-45.9375,-23.875,-32.8125
71196151494000,16701000,-46.6875,-24.125,-32.5625
71196168377000,16883000,-46.6875,-24.125,-33.0625
71196185169000,16792000,-46.6875,-24.375,-32.5625
71196201727000,16558000,-47.1875,-24.625,-32.5625
71196218505000,16778000,-46.6875,-24.125,-32.3125
71196235372000,16867000,-46.6875,-24.125,-31.5625
71196251992000,16620000,-45.9375,-23.875,-31.5625
71196268751000,16759000,-44.9375,-24.125,-31.3125
71196285870000,17119000,-44.6875,-24.125,-31.5625
71196302427000,16557000,-45.1875,-23.875,-32.0625
71196319047000,16620000,-44.9375,-23.875,-32.8125
71196335842000,16795000,-46.6875,-23.375,-33.5625
71196352936000,17094000,-46.9375,-23.375,-33.5625
71196369742000,16806000,-45.9375,-23.625,-33.8125
71196386466000,16724000,-46.6875,-23.875,-33.3125
71196403344000,16878000,-45.4375,-24.125,-33.0625
71196420447000,17103000,-45.6875,-24.625,-33.0625
71196436709000,16262000,-45.9375,-24.875,-32.8125
71196453396000,16687000,-45.4375,-24.625,-32.8125
71196470192000,16796000,-45.4375,-24.625,-32.5625
71196486866000,16674000,-44.9375,-24.375,-32.0625
71196504145000,17279000,-44.5,-24.125,-31.8125
71196520370000,16225000,-44.25,-23.875,-32.0625
71196537299000,16929000,-43.75,-23.625,-31.8125
71196553900000,16601000,-44.25,-23.625,-32.3125
71196570754000,16854000,-44.0,-23.875,-32.0625
71196587500000,16746000,-44.6875,-24.375,-31.3125
71196604145000,16645000,-44.6875,-24.625,-31.8125
71196620932000,16787000,-44.5,-24.375,-31.8125
71196637655000,16723000,-44.9375,-24.125,-32.0625
71196654513000,16858000,-45.6875,-23.875,-31.8125
71196671174000,16661000,-45.6875,-23.875,-31.5625
71196688625000,17451000,-46.1875,-24.625,-31.3125
71196704845000,16220000,-45.6875,-24.375,-32.0625
71196721453000,16608000,-44.9375,-24.125,-32.8125
71196738237000,16784000,-46.4375,-24.125,-32.8125
71196754959000,16722000,-45.6875,-23.625,-32.8125
71196771690000,16731000,-46.1875,-23.625,-32.0625
71196788485000,16795000,-45.6875,-23.625,-31.8125
71196805453000,16968000,-45.4375,-23.875,-32.0625
71196822160000,16707000,-45.6875,-23.625,-32.0625
71196838852000,16692000,-46.4375,-24.125,-32.0625
71196855686000,16834000,-46.6875,-24.125,-32.3125
71196872318000,16632000,-46.4375,-23.875,-32.0625
71196889205000,16887000,-47.1875,-24.375,-32.0625
71196906317000,17112000,-46.6875,-24.125,-31.8125
71196922708000,16391000,-47.6875,-24.125,-31.5625
71196939531000,16823000,-47.6875,-23.875,-31.3125
71196957773000,18242000,-46.9375,-23.875,-31.5625
71196974598000,16825000,-46.4375,-23.875,-31.5625
71196991414000,16816000,-45.1875,-24.125,-31.3125
71197008434000,17020000,-45.9375,-24.125,-31.5625
71197025137000,16703000,-45.6875,-23.875,-31.8125
71197041722000,16585000,-46.9375,-23.875,-31.8125
71197058380000,16658000,-46.9375,-23.875,-32.0625
71197075107000,16727000,-44.9375,-24.125,-32.0625
71197092140000,17033000,-45.1875,-24.125,-31.5625
71197108827000,16687000,-44.0,-24.125,-31.8125
71197125729000,16902000,-43.75,-24.375,-32.5625
71197142425000,16696000,-44.0,-24.375,-32.3125
71197159083000,16658000,-43.25,-24.625,-32.3125
71197175729000,16646000,-43.25,-24.875,-32.5625
71197192553000,16824000,-43.75,-24.625,-32.3125
71197209400000,16847000,-43.75,-24.875,-32.3125
71197226145000,16745000,-44.25,-24.625,-32.5625
71197243133000,16988000,-44.25,-24.375,-32.5625
71197259668000,16535000,-43.75,-24.125,-32.0625
71197276914000,17246000,-45.1875,-23.625,-32.3125
71197293243000,16329000,-46.1875,-23.375,-32.3125
71197310126000,16883000,-45.9375,-23.625,-32.3125
71197326752000,16626000,-46.4375,-23.625,-32.5625
71197343503000,16751000,-45.1875,-23.875,-32.8125
71197360290000,16787000,-45.4375,-23.875,-32.8125
71197377069000,16779000,-46.1875,-23.875,-32.8125
71197393773000,16704000,-45.9375,-24.125,-32.8125
71197410481000,16708000,-46.1875,-23.625,-32.5625
71197427419000,16938000,-45.4375,-23.625,-32.3125
71197444054000,16635000,-46.6875,-23.1875,-32.3125
71197460719000,16665000,-46.6875,-23.375,-32.5625
71197477417000,16698000,-46.4375,-23.625,-33.0625
71197494189000,16772000,-46.4375,-23.875,-33.0625
71197511082000,16893000,-44.5,-23.875,-33.0625
71197527763000,16681000,-44.9375,-23.625,-32.5625
71197544486000,16723000,-45.9375,-23.625,-32.3125
71197561297000,16811000,-45.9375,-23.375,-32.0625
71197577962000,16665000,-47.1875,-23.875,-31.8125
71197594727000,16765000,-47.9375,-23.875,-32.0625
71197611574000,16847000,-48.1875,-24.375,-31.5625
71197628345000,16771000,-48.625,-24.375,-32.0625
71197645013000,16668000,-48.375,-24.125,-32.3125
71197661745000,16732000,-48.625,-23.625,-32.0625
71197678613000,16868000,-48.625,-23.625,-32.5625
71197695290000,16677000,-48.375,-23.625,-32.3125
71197712160000,16870000,-48.1875,-23.625,-32.3125
71197729521000,17361000,-47.9375,-23.875,-32.8125
71197746239000,16718000,-47.1875,-23.875,-33.3125
71197762771000,16532000,-47.9375,-24.125,-33.3125
71197779391000,16620000,-47.9375,-24.125,-33.3125
71197796086000,16695000,-48.625,-24.375,-32.5625
71197812841000,16755000,-49.125,-24.125,-31.5625
71197829573000,16732000,-49.125,-23.875,-31.8125
71197846287000,16714000,-48.875,-23.875,-31.5625
71197862943000,16656000,-48.1875,-23.875,-31.8125
71197880038000,17095000,-47.4375,-23.875,-32.5625
71197896631000,16593000,-45.6875,-23.625,-32.3125
71197913286000,16655000,-45.6875,-23.375,-32.5625
71197929986000,16700000,-44.6875,-23.625,-32.8125
71197946673000,16687000,-44.6875,-23.375,-32.3125
71197963513000,16840000,-45.4375,-24.125,-32.3125
71197980197000,16684000,-45.9375,-24.125,-32.3125
71197996886000,16689000,-45.9375,-23.625,-32.0625
71198013572000,16686000,-46.1875,-23.875,-32.3125
71198030532000,16960000,-46.1875,-23.625,-32.8125
71198047330000,16798000,-46.1875,-23.625,-32.8125
71198063849000,16519000,-46.9375,-23.625,-32.8125
71198080667000,16818000,-47.1875,-23.375,-32.5625
71198097322000,16655000,-47.9375,-23.375,-32.0625
71198114093000,16771000,-47.9375,-23.625,-31.8125
71198130724000,16631000,-47.1875,-23.875,-32.3125
71198147441000,16717000,-46.9375,-24.125,-32.3125
71198164228000,16787000,-45.1875,-24.125,-32.3125
71198181106000,16878000,-45.9375,-23.875,-32.0625
71198197963000,16857000,-45.9375,-23.875,-32.0625
71198214557000,16594000,-45.1875,-23.625,-32.3125
71198231333000,16776000,-45.9375,-23.625,-32.8125
71198248346000,17013000,-44.9375,-23.875,-33.3125
71198265227000,16881000,-45.4375,-23.625,-32.8125
71198281929000,16702000,-45.1875,-23.875,-32.5625
71198298653000,16724000,-44.9375,-23.875,-32.0625
71198315654000,17001000,-44.6875,-23.875,-31.8125
71198332335000,16681000,-44.25,-24.375,-31.0625
71198349012000,16677000,-45.6875,-24.375,-31.3125
71198365865000,16853000,-46.1875,-24.125,-31.3125
71198382523000,16658000,-46.6875,-23.875,-31.5625
71198399343000,16820000,-46.9375,-23.625,-32.5625
71198416052000,16709000,-45.9375,-23.625,-32.3125
71198432747000,16695000,-46.1875,-24.125,-32.5625
71198449612000,16865000,-46.1875,-24.375,-32.5625
71198466194000,16582000,-46.1875,-24.125,-32.3125
71198483418000,17224000,-46.4375,-23.875,-32.5625
71198500078000,16660000,-46.1875,-23.625,-32.3125
71198516874000,16796000,-46.1875,-23.625,-32.0625
71198533451000,16577000,-46.6875,-24.125,-32.0625
71198550181000,16730000,-46.9375,-24.375,-31.8125
71198566924000,16743000,-47.9375,-24.125,-32.0625
71198583676000,16752000,-48.375,-23.875,-32.5625
71198600756000,17080000,-48.375,-23.875,-32.8125
71198617630000,16874000,-48.625,-23.875,-33.0625
71198634215000,16585000,-47.9375,-23.875,-32.8125
71198651153000,16938000,-46.6875,-24.875,-32.0625
71198667833000,16680000,-46.4375,-24.625,-31.8125
71198684683000,16850000,-46.4375,-24.375,-31.3125
71198701303000,16620000,-45.4375,-25.125,-31.0625
71198718353000,17050000,-45.4375,-24.375,-31.5625
71198735053000,16700000,-45.1875,-24.375,-31.5625
71198751776000,16723000,-44.5,-24.625,-31.8125
71198768762000,16986000,-45.4375,-24.125,-32.0625
71198785385000,16623000,-45.4375,-23.875,-32.0625
71198802004000,16619000,-44.6875,-23.375,-32.3125
71198818705000,16701000,-44.6875,-23.375,-32.5625
71198835622000,16917000,-44.25,-23.1875,-32.5625
71198852227000,16605000,-45.4375,-23.1875,-32.0625
71198869286000,17059000,-45.6875,-23.625,-32.0625
71198886143000,16857000,-45.4375,-23.625,-32.3125
71198902734000,16591000,-44.9375,-23.625,-32.5625
71198919522000,16788000,-45.4375,-23.625,-33.3125
71198936206000,16684000,-45.1875,-23.625,-33.3125
71198952962000,16756000,-45.1875,-23.875,-32.8125
71198969975000,17013000,-45.1875,-23.375,-33.0625
71198987025000,17050000,-43.75,-23.375,-33.0625
71199003705000,16680000,-44.6875,-23.375,-32.5625
71199020287000,16582000,-44.9375,-23.1875,-32.8125
71199037093000,16806000,-45.1875,-23.875,-33.0625
71199053965000,16872000,-44.6875,-24.125,-33.0625
71199070940000,16975000,-43.75,-23.875,-33.5625
71199087565000,16625000,-44.6875,-24.125,-33.5625
71199104334000,16769000,-44.5,-24.125,-33.3125
71199120985000,16651000,-44.9375,-24.125,-33.0625
71199138085000,17100000,-45.4375,-24.625,-32.8125
71199154501000,16416000,-45.6875,-24.375,-32.5625
71199171232000,16731000,-46.9375,-24.125,-32.3125
71199188280000,17048000,-46.1875,-24.375,-32.3125
71199204895000,16615000,-45.6875,-24.125,-32.5625
71199221611000,16716000,-44.25,-23.875,-32.3125
71199238325000,16714000,-44.25,-24.125,-32.0625
71199255343000,17018000,-44.5,-24.125,-31.8125
71199271833000,16490000,-44.5,-23.875,-31.8125
71199288544000,16711000,-44.6875,-24.375,-32.3125
71199305321000,16777000,-43.75,-24.125,-32.5625
71199322192000,16871000,-44.6875,-23.625,-32.5625
71199338801000,16609000,-45.1875,-23.625,-32.8125
71199355627000,16826000,-45.1875,-22.9375,-32.8125
71199372594000,16967000,-45.1875,-23.1875,-32.8125
71199389150000,16556000,-44.25,-23.375,-32.8125
71199405841000,16691000,-44.9375,-23.875,-32.3125
71199422750000,16909000,-44.9375,-24.375,-32.0625
71199439470000,16720000,-45.1875,-23.875,-31.5625
71199456112000,16642000,-45.4375,-24.125,-31.5625
71199472862000,16750000,-45.6875,-24.125,-31.5625
71199490418000,17556000,-47.1875,-24.125,-31.5625
71199506445000,16027000,-46.9375,-24.375,-31.8125
71199523123000,16678000,-46.6875,-24.125,-32.0625
71199539896000,16773000,-45.6875,-23.625,-31.8125
71199556681000,16785000,-44.5,-23.875,-32.3125
71199573486000,16805000,-44.6875,-24.125,-32.5625
71199590418000,16932000,-44.9375,-24.125,-32.5625
71199607179000,16761000,-44.5,-24.375,-32.5625
71199623726000,16547000,-44.25,-24.375,-32.0625
71199640422000,16696000,-44.0,-24.625,-31.8125
71199657249000,16827000,-44.0,-24.375,-31.5625
71199674137000,16888000,-44.25,-24.875,-32.0625
71199691432000,17295000,-44.0,-24.375,-32.3125
71199707903000,16471000,-44.0,-24.375,-32.5625
71199724960000,17057000,-44.0,-24.875,-32.3125
71199741579000,16619000,-43.5,-24.375,-32.0625
71199758276000,16697000,-44.0,-24.625,-32.3125
71199774867000,16591000,-43.75,-24.375,-32.3125
71199791638000,16771000,-43.25,-24.125,-32.8125
71199808288000,16650000,-44.0,-24.125,-32.8125
71199825069000,16781000,-43.5,-24.375,-32.5625
71199842043000,16974000,-43.75,-24.625,-32.5625
71199858708000,16665000,-43.75,-24.625,-32.8125
71199875511000,16803000,-42.75,-24.625,-33.0625
71199892347000,16836000,-42.75,-24.375,-33.0625
71199908768000,16421000,-42.5,-24.125,-33.0625
71199925511000,16743000,-42.75,-23.875,-32.0625
71199942244000,16733000,-43.25,-24.125,-32.0625
71199959381000,17137000,-43.0,-24.375,-31.8125
71199975974000,16593000,-43.0,-24.375,-31.8125
71199992854000,16880000,-43.0,-24.375,-32.3125
71200009436000,16582000,-43.25,-24.625,-32.0625
71200026076000,16640000,-43.75,-24.375,-32.5625
71200042819000,16743000,-43.25,-24.625,-32.8125
71200059488000,16669000,-42.75,-24.875,-33.3125
71200076294000,16806000,-42.25,-24.375,-33.5625
71200093191000,16897000,-42.0,-24.375,-32.8125
71200109774000,16583000,-42.5,-23.875,-32.8125
71200126659000,16885000,-42.5,-24.125,-32.0625
71200143358000,16699000,-42.5,-24.125,-32.3125
71200159981000,16623000,-41.5,-23.875,-32.5625
71200176810000,16829000,-41.5,-24.125,-32.3125
71200193583000,16773000,-41.5,-24.125,-32.3125
71200210288000,16705000,-41.0625,-23.875,-31.8125
71200226945000,16657000,-41.5,-24.125,-32.3125
71200243656000,16711000,-41.5,-24.375,-32.5625
71200260405000,16749000,-41.75,-24.375,-33.0625
71200277283000,16878000,-42.25,-24.375,-33.3125
71200294081000,16798000,-42.25,-23.875,-33.0625
71200311025000,16944000,-42.0,-23.625,-32.8125
71200327764000,16739000,-42.5,-23.375,-32.8125
71200344243000,16479000,-42.5,-23.625,-32.8125
71200360929000,16686000,-42.5,-23.875,-33.0625
71200377709000,16780000,-42.25,-23.625,-33.3125
71200394560000,16851000,-42.0,-23.875,-33.3125
71200411306000,16746000,-42.25,-23.625,-33.3125
71200428292000,16986000,-42.5,-23.625,-33.3125
71200444773000,16481000,-42.5,-23.625,-33.0625
71200461502000,16729000,-42.5,-23.375,-33.0625
71200478232000,16730000,-41.75,-23.375,-33.0625
71200495006000,16774000,-42.0,-23.625,-32.8125
71200511864000,16858000,-42.25,-23.625,-33.0625
71200528607000,16743000,-42.0,-23.875,-32.8125
71200545612000,17005000,-42.25,-23.875,-32.5625
71200561903000,16291000,-41.5,-23.875,-32.5625
71200578870000,16967000,-41.5,-23.875,-32.3125
71200595467000,16597000,-41.75,-23.875,-32.5625
71200612176000,16709000,-42.25,-24.625,-32.5625
71200629408000,17232000,-43.25,-24.375,-32.5625
71200646022000,16614000,-43.75,-24.375,-32.5625
71200662809000,16787000,-44.0,-24.125,-32.3125
71200679649000,16840000,-43.25,-23.375,-32.5625
71200696239000,16590000,-43.0,-23.625,-32.3125
71200712989000,16750000,-42.75,-24.125,-32.0625
71200729876000,16887000,-42.0,-23.875,-32.0625
71200746536000,16660000,-42.5,-24.625,-32.0625
71200763291000,16755000,-42.5,-24.375,-32.3125
71200780083000,16792000,-41.75,-23.875,-32.3125
71200796735000,16652000,-42.25,-24.125,-32.3125
71200813644000,16909000,-42.25,-23.875,-32.8125
71200830677000,17033000,-41.75,-23.625,-33.0625
71200847424000,16747000,-42.25,-23.875,-33.0625
71200864135000,16711000,-42.0,-23.625,-33.3125
71200881055000,16920000,-42.0,-23.375,-32.8125
71200897744000,16689000,-41.75,-23.625,-32.3125
71200914771000,17027000,-41.5,-23.375,-32.0625
71200931339000,16568000,-41.75,-23.375,-31.5625
71200947978000,16639000,-41.5,-22.9375,-30.8125
71200964726000,16748000,-41.75,-22.9375,-31.3125
71200981420000,16694000,-42.25,-22.9375,-31.8125
71200998186000,16766000,-42.0,-22.9375,-32.5625
71201015002000,16816000,-41.75,-23.1875,-33.0625
71201032204000,17202000,-42.5,-23.625,-33.5625
71201048648000,16444000,-42.5,-23.875,-33.8125
71201065277000,16629000,-42.5,-24.375,-33.5625
71201082023000,16746000,-43.0,-24.625,-34.0
71201098695000,16672000,-42.25,-24.125,-33.3125
71201115498000,16803000,-42.25,-24.125,-32.8125
71201132179000,16681000,-42.0,-23.625,-32.8125
71201148916000,16737000,-42.0,-23.875,-33.0625
71201165907000,16991000,-42.0,-24.125,-33.0625
71201182568000,16661000,-42.0,-24.375,-33.0625
71201199176000,16608000,-42.0,-24.375,-33.3125
71201215948000,16772000,-41.75,-24.125,-33.0625
71201232575000,16627000,-42.0,-23.875,-33.3125
71201249385000,16810000,-41.5,-23.375,-33.8125
71201266122000,16737000,-42.0,-23.625,-33.8125
71201282839000,16717000,-42.5,-23.1875,-33.3125
71201299554000,16715000,-42.75,-23.375,-33.0625
71201316661000,17107000,-42.75,-23.375,-32.5625
71201333320000,16659000,-42.25,-23.375,-32.8125
71201350099000,16779000,-42.5,-23.625,-32.8125
71201366802000,16703000,-42.25,-23.625,-32.5625
71201383733000,16931000,-42.25,-23.875,-32.8125
71201400348000,16615000,-42.5,-24.125,-32.5625
71201417461000,17113000,-42.0,-24.625,-33.0625
71201433965000,16504000,-41.5,-24.375,-33.5625
71201450605000,16640000,-41.75,-23.875,-33.3125
71201467405000,16800000,-42.0,-23.625,-33.0625
71201484109000,16704000,-42.0,-23.1875,-32.8125
71201501035000,16926000,-43.0,-23.375,-32.5625
71201517644000,16609000,-43.0,-23.875,-32.5625
71201534763000,17119000,-42.5,-23.875,-32.8125
71201551215000,16452000,-42.75,-23.875,-33.3125
71201567917000,16702000,-42.5,-23.875,-33.3125
71201584735000,16818000,-42.5,-23.875,-33.8125
71201601558000,16823000,-42.75,-23.875,-33.8125
71201618356000,16798000,-42.75,-23.875,-33.3125
71201635395000,17039000,-42.0,-23.875,-33.0625
71201652069000,16674000,-41.75,-23.875,-32.8125
71201668667000,16598000,-41.5,-23.875,-32.8125
71201685474000,16807000,-41.5,-24.125,-32.5625
71201702405000,16931000,-42.5,-24.125,-32.5625
71201719300000,16895000,-42.75,-23.625,-32.8125
71201736099000,16799000,-43.75,-23.625,-32.8125
71201753346000,17247000,-44.0,-23.375,-33.0625
71201770099000,16753000,-43.25,-23.1875,-33.0625
71201786844000,16745000,-43.25,-23.375,-32.8125
71201803516000,16672000,-43.0,-23.625,-32.3125
71201820318000,16802000,-42.5,-23.875,-32.5625
71201837090000,16772000,-42.75,-23.875,-32.5625
71201853726000,16636000,-43.0,-23.625,-32.5625
71201870576000,16850000,-43.0,-23.375,-33.0625
71201887361000,16785000,-43.25,-23.375,-32.8125
71201904200000,16839000,-43.25,-23.375,-33.0625
71201920930000,16730000,-43.5,-23.625,-33.3125
71201937959000,17029000,-43.0,-23.625,-33.3125
71201954545000,16586000,-42.75,-23.375,-33.3125
71201971157000,16612000,-43.25,-23.375,-33.3125
71201987819000,16662000,-43.0,-23.375,-32.8125
71202005130000,17311000,-43.0,-23.375,-32.0625
71202021752000,16622000,-43.0,-23.875,-32.0625
71202038655000,16903000,-43.0,-24.125,-32.3125
71202055166000,16511000,-42.75,-24.375,-33.0625
71202071885000,16719000,-42.75,-24.375,-33.3125
71202088593000,16708000,-42.75,-24.375,-33.0625
71202105353000,16760000,-42.5,-24.375,-32.8125
71202122199000,16846000,-42.5,-24.375,-32.0625
71202138774000,16575000,-42.5,-24.375,-32.5625
71202155678000,16904000,-42.25,-24.125,-32.8125
71202172321000,16643000,-42.75,-23.875,-32.5625
71202189436000,17115000,-42.5,-23.625,-32.8125
71202205908000,16472000,-42.5,-23.375,-33.0625
71202222668000,16760000,-42.75,-23.625,-32.8125
71202239478000,16810000,-42.0,-23.875,-33.5625
71202256251000,16773000,-42.25,-24.125,-33.5625
71202272966000,16715000,-42.5,-24.375,-32.8125
71202289592000,16626000,-42.5,-24.375,-33.0625
71202306381000,16789000,-42.5,-24.375,-32.8125
71202323239000,16858000,-42.0,-24.375,-32.8125
71202340166000,16927000,-41.5,-24.125,-32.8125
71202356831000,16665000,-41.5,-23.625,-33.3125
71202373457000,16626000,-41.25,-23.375,-33.0625
71202390214000,16757000,-41.75,-23.625,-33.0625
71202406942000,16728000,-41.75,-24.125,-33.3125
71202423933000,16991000,-41.5,-24.375,-32.8125
71202440577000,16644000,-41.75,-24.625,-32.5625
71202457632000,17055000,-41.75,-24.375,-32.8125
71202474386000,16754000,-41.5,-24.375,-32.8125
71202491077000,16691000,-42.0,-24.375,-32.8125
71202507969000,16892000,-42.0,-24.375,-32.8125
71202524590000,16621000,-41.75,-24.625,-32.3125
71202541250000,16660000,-42.5,-24.625,-32.3125
71202558046000,16796000,-42.25,-24.875,-32.5625
71202575453000,17407000,-42.25,-24.875,-32.5625
71202592157000,16704000,-43.0,-24.875,-33.0625
71202608790000,16633000,-43.0,-24.625,-33.3125
71202625566000,16776000,-43.75,-24.625,-32.8125
71202642447000,16881000,-43.25,-25.125,-33.3125
71202659136000,16689000,-42.5,-24.875,-33.0625
71202676056000,16920000,-42.25,-25.125,-32.5625
71202692747000,16691000,-42.25,-24.875,-32.8125
71202709421000,16674000,-43.0,-24.875,-32.3125
71202726071000,16650000,-43.25,-24.875,-32.0625
71202742859000,16788000,-43.75,-24.375,-32.0625
71202759614000,16755000,-42.75,-24.375,-32.0625
71202776378000,16764000,-42.75,-23.875,-32.0625
71202793386000,17008000,-42.75,-23.875,-31.8125
71202810068000,16682000,-42.5,-24.375,-31.8125
71202826684000,16616000,-42.75,-25.125,-31.8125
71202843398000,16714000,-42.5,-25.375,-31.5625
71202860140000,16742000,-42.5,-25.875,-32.3125
71202876869000,16729000,-42.25,-25.625,-32.3125
71202893590000,16721000,-42.0,-25.125,-32.0625
71202910678000,17088000,-42.0,-25.375,-32.5625
71202927244000,16566000,-42.25,-25.375,-32.0625
71202943981000,16737000,-42.0,-25.375,-32.0625
71202960642000,16661000,-42.0,-25.375,-31.8125
71202977337000,16695000,-42.0,-24.875,-31.8125
71202994091000,16754000,-42.0,-24.125,-32.3125
71203010979000,16888000,-42.25,-23.875,-32.8125
71203027803000,16824000,-42.25,-23.625,-33.0625
71203044417000,16614000,-42.25,-23.375,-33.3125
71203061197000,16780000,-41.75,-23.1875,-33.3125
71203078092000,16895000,-41.5,-23.375,-32.8125
71203094967000,16875000,-42.0,-23.375,-33.0625
71203111695000,16728000,-42.0,-23.625,-33.0625
71203128386000,16691000,-42.25,-24.125,-32.5625
71203145139000,16753000,-42.25,-24.375,-32.8125
71203162082000,16943000,-42.0,-24.625,-32.8125
71203178671000,16589000,-41.75,-24.625,-32.8125
71203195345000,16674000,-41.75,-24.375,-33.0625
71203212121000,16776000,-42.25,-24.125,-33.0625
71203229010000,16889000,-42.75,-23.875,-32.8125
71203245757000,16747000,-43.25,-23.625,-32.5625
71203262460000,16703000,-43.5,-24.125,-32.5625
71203279353000,16893000,-43.25,-23.875,-32.3125
71203295966000,16613000,-42.5,-24.125,-32.5625
71203312653000,16687000,-42.0,-24.125,-32.5625
71203329637000,16984000,-41.5,-24.125,-32.5625
71203346305000,16668000,-41.5,-24.375,-32.8125
71203362898000,16593000,-41.5,-24.375,-33.3125
71203379710000,16812000,-41.5,-24.625,-33.5625
71203396604000,16894000,-42.25,-24.875,-33.5625
71203413206000,16602000,-42.25,-24.875,-33.5625
71203430213000,17007000,-42.75,-24.375,-33.0625
71203446885000,16672000,-43.25,-24.125,-32.8125
71203463595000,16710000,-42.75,-23.625,-32.8125
71203480401000,16806000,-43.0,-23.1875,-32.5625
71203497221000,16820000,-43.0,-23.625,-32.5625
71203513807000,16586000,-43.25,-23.375,-32.3125
71203530519000,16712000,-43.75,-23.1875,-32.3125
71203547721000,17202000,-43.75,-23.375,-32.8125
71203564023000,16302000,-44.0,-23.375,-32.8125
71203581236000,17213000,-44.0,-24.125,-33.3125
71203598094000,16858000,-43.5,-24.375,-33.0625
71203614882000,16788000,-43.75,-24.875,-33.0625
71203631567000,16685000,-43.5,-24.125,-33.0625
71203648319000,16752000,-43.25,-23.875,-32.8125
71203665227000,16908000,-43.25,-24.125,-33.0625
71203681830000,16603000,-43.0,-24.125,-32.8125
71203698505000,16675000,-42.25,-24.625,-32.5625
71203715293000,16788000,-41.5,-24.375,-32.5625
71203732149000,16856000,-41.5,-23.875,-32.3125
71203748888000,16739000,-41.5,-23.875,-32.5625
71203765801000,16913000,-42.25,-23.625,-33.0625
71203782636000,16835000,-43.0,-23.875,-33.0625
71203799561000,16925000,-42.75,-23.875,-32.8125
71203816428000,16867000,-42.75,-23.625,-32.3125
71203833326000,16898000,-42.75,-23.625,-31.8125
71203849860000,16534000,-42.5,-23.625,-31.8125
71203866717000,16857000,-43.25,-24.125,-32.3125
71203883398000,16681000,-42.75,-23.875,-32.5625
71203900422000,17024000,-43.0,-24.125,-32.8125
71203917558000,17136000,-43.0,-23.875,-32.8125
71203934552000,16994000,-42.5,-23.875,-32.8125
71203951000000,16448000,-43.25,-24.125,-32.8125
71203967652000,16652000,-42.75,-24.125,-32.8125
71203984359000,16707000,-42.75,-24.375,-32.8125
71204001065000,16706000,-42.5,-23.875,-32.8125
71204017884000,16819000,-42.25,-23.625,-32.8125
71204034750000,16866000,-42.25,-23.625,-32.5625
71204051370000,16620000,-42.25,-23.625,-32.5625
71204068405000,17035000,-42.5,-23.875,-32.8125
71204084976000,16571000,-41.75,-23.875,-32.8125
71204101812000,16836000,-41.5,-23.875,-33.3125
71204118455000,16643000,-41.0625,-23.875,-33.3125
71204138076000,19621000,-41.0625,-23.875,-33.0625
71204152924000,14848000,-41.5,-24.125,-33.3125
71204168832000,15908000,-42.0,-24.125,-33.3125
71204185535000,16703000,-43.0,-23.875,-33.3125
71204202426000,16891000,-43.25,-24.125,-33.3125
71204219618000,17192000,-43.25,-23.875,-33.0625
71204235904000,16286000,-43.25,-23.875,-32.3125
71204252639000,16735000,-42.75,-23.875,-32.5625
71204269540000,16901000,-43.0,-23.375,-32.5625
71204286171000,16631000,-43.0,-22.9375,-32.5625
71204302862000,16691000,-43.75,-22.4375,-33.3125
71204319775000,16913000,-44.5,-22.9375,-32.8125
71204336572000,16797000,-45.6875,-23.1875,-32.5625
71204353178000,16606000,-46.1875,-23.625,-32.3125
71204369990000,16812000,-45.4375,-23.875,-32.3125
71204386659000,16669000,-45.9375,-23.875,-32.5625
71204403693000,17034000,-45.4375,-23.625,-32.8125
71204420340000,16647000,-45.6875,-23.875,-32.8125
71204437248000,16908000,-46.4375,-23.625,-32.3125
71204453844000,16596000,-45.9375,-23.375,-32.3125
71204471026000,17182000,-44.9375,-23.375,-31.8125
71204487629000,16603000,-44.9375,-23.625,-32.0625
71204504441000,16812000,-44.6875,-24.125,-32.0625
71204521199000,16758000,-44.5,-23.875,-32.3125
71204538249000,17050000,-44.9375,-24.125,-32.8125
71204557242000,18993000,-44.9375,-23.625,-32.8125
71204572320000,15078000,-45.4375,-23.875,-33.0625
71204588669000,16349000,-45.9375,-24.125,-32.5625
71204605915000,17246000,-47.1875,-23.875,-32.5625
71204622700000,16785000,-46.6875,-23.875,-32.3125
71204640280000,17580000,-45.9375,-23.625,-32.3125
71204655928000,15648000,-45.6875,-23.625,-32.5625
71204672767000,16839000,-44.0,-24.125,-32.3125
71204689435000,16668000,-44.25,-24.375,-32.5625
71204706503000,17068000,-44.25,-24.125,-32.5625
71204723158000,16655000,-44.25,-24.125,-32.8125
71204739773000,16615000,-44.6875,-24.375,-33.0625
71204756707000,16934000,-44.9375,-24.875,-32.8125
71204773572000,16865000,-45.6875,-24.875,-32.8125
71204790033000,16461000,-47.1875,-24.875,-32.8125
71204806741000,16708000,-48.1875,-24.375,-32.5625
71204823568000,16827000,-48.375,-23.625,-32.5625
71204840420000,16852000,-47.6875,-23.875,-32.3125
71204857167000,16747000,-46.4375,-23.875,-32.0625
71204873945000,16778000,-46.6875,-23.625,-32.0625
71204890822000,16877000,-47.6875,-23.875,-32.3125
71204907308000,16486000,-47.6875,-23.625,-32.5625
71204924507000,17199000,-47.4375,-23.375,-32.3125
71204940858000,16351000,-46.1875,-23.625,-32.5625
71204957740000,16882000,-46.1875,-23.375,-32.3125
71204974330000,16590000,-46.1875,-23.625,-32.5625
71204991268000,16938000,-45.4375,-24.125,-32.5625
71205007936000,16668000,-45.4375,-24.125,-32.5625
71205024654000,16718000,-44.0,-24.625,-33.0625
71205041407000,16753000,-45.1875,-24.875,-32.5625
71205058110000,16703000,-45.9375,-24.625,-32.5625
71205074932000,16822000,-45.1875,-24.625,-32.3125
71205091875000,16943000,-45.1875,-24.125,-32.0625
71205108521000,16646000,-43.75,-23.875,-32.5625
71205125175000,16654000,-44.5,-23.625,-32.3125
71205141864000,16689000,-44.6875,-23.375,-32.0625
71205158643000,16779000,-44.5,-24.125,-31.8125
71205175645000,17002000,-44.25,-24.125,-31.5625
71205192144000,16499000,-43.5,-24.375,-32.3125
71205209061000,16917000,-44.0,-24.875,-32.8125
71205225888000,16827000,-43.5,-24.625,-33.0625
71205242458000,16570000,-44.25,-24.625,-32.8125
71205259117000,16659000,-43.75,-24.875,-32.8125
71205275939000,16822000,-44.9375,-24.625,-32.3125
71205292705000,16766000,-45.6875,-23.875,-32.3125
71205309447000,16742000,-45.1875,-23.625,-32.8125
71205326624000,17177000,-45.1875,-23.625,-32.3125
71205343348000,16724000,-43.5,-23.625,-32.8125
71205359780000,16432000,-44.25,-23.375,-32.5625
71205376646000,16866000,-44.5,-23.625,-32.0625
71205393243000,16597000,-44.9375,-23.875,-32.8125
71205410359000,17116000,-44.9375,-23.375,-33.0625
71205427220000,16861000,-44.25,-24.125,-33.3125
71205443861000,16641000,-45.4375,-23.875,-33.3125
71205460632000,16771000,-45.4375,-23.625,-32.5625
71205477462000,16830000,-45.9375,-24.125,-32.0625
71205494054000,16592000,-45.6875,-24.125,-32.3125
71205510834000,16780000,-44.0,-24.375,-32.5625
71205527916000,17082000,-44.0,-24.375,-32.5625
71205544441000,16525000,-43.5,-24.625,-32.5625
71205561567000,17126000,-43.75,-24.375,-32.0625
71205578187000,16620000,-44.5,-24.375,-32.0625
71205594912000,16725000,-44.9375,-24.375,-31.5625
71205611836000,16924000,-45.1875,-24.125,-31.8125
71205628474000,16638000,-44.9375,-24.625,-31.8125
71205645136000,16662000,-44.25,-24.125,-31.3125
71205661914000,16778000,-43.25,-23.375,-32.0625
71205678926000,17012000,-44.25,-23.875,-31.8125
71205695537000,16611000,-44.6875,-23.625,-32.3125
71205712180000,16643000,-44.9375,-24.125,-32.8125
71205729420000,17240000,-44.9375,-24.625,-33.0625
71205745813000,16393000,-43.75,-23.625,-33.0625
71205762443000,16630000,-44.5,-23.375,-32.8125
71205779037000,16594000,-45.4375,-22.9375,-32.5625
71205795812000,16775000,-45.4375,-23.1875,-32.3125
71205812680000,16868000,-44.9375,-23.625,-32.3125
71205829495000,16815000,-44.0,-23.625,-32.3125
71205846735000,17240000,-43.5,-24.125,-32.0625
71205863171000,16436000,-43.75,-23.625,-31.8125
71205880577000,17406000,-44.5,-23.375,-31.8125
71205896539000,15962000,-44.5,-23.375,-31.5625
71205914377000,17838000,-44.5,-23.375,-32.0625
71205931861000,17484000,-44.25,-23.625,-32.0625
71205948091000,16230000,-44.0,-23.875,-32.3125
71205965637000,17546000,-44.0,-24.125,-32.5625
71205981158000,15521000,-44.0,-24.125,-32.5625
71205999397000,18239000,-44.9375,-24.125,-32.5625
71206016051000,16654000,-44.6875,-24.125,-32.5625
71206032552000,16501000,-45.1875,-24.125,-32.8125
71206049691000,17139000,-44.5,-24.125,-32.5625
71206066210000,16519000,-43.75,-24.625,-32.8125
71206082982000,16772000,-44.0,-24.625,-32.8125
71206102407000,19425000,-43.75,-24.625,-32.5625
71206116503000,14096000,-43.75,-24.375,-33.0625
71206133325000,16822000,-43.5,-23.625,-33.0625
71206150044000,16719000,-43.25,-23.375,-33.0625
71206166848000,16804000,-42.5,-23.1875,-33.5625
71206183854000,17006000,-42.75,-23.1875,-33.5625
71206200296000,16442000,-42.5,-23.625,-33.5625
71206216964000,16668000,-43.0,-23.875,-33.3125
71206233826000,16862000,-43.5,-23.875,-33.0625
71206250609000,16783000,-44.0,-23.875,-32.8125
71206267244000,16635000,-44.6875,-23.375,-32.5625
71206284070000,16826000,-44.6875,-23.375,-32.5625
71206301481000,17411000,-45.4375,-23.625,-32.5625
71206317437000,15956000,-44.9375,-23.875,-32.8125
71206334543000,17106000,-44.5,-24.125,-33.0625
71206350857000,16314000,-44.25,-23.875,-33.5625
71206368451000,17594000,-43.5,-23.625,-33.3125
71206386586000,18135000,-43.25,-23.375,-33.0625
71206403033000,16447000,-42.75,-22.6875,-32.8125
71206421233000,18200000,-42.5,-22.6875,-32.5625
71206436584000,15351000,-42.0,-22.6875,-32.5625
71206453235000,16651000,-42.25,-23.1875,-32.5625
71206471039000,17804000,-42.75,-23.875,-32.8125
71206487543000,16504000,-42.75,-24.125,-33.3125
71206504375000,16832000,-42.75,-24.375,-33.3125
71206521244000,16869000,-42.5,-24.625,-32.5625
71206538000000,16756000,-42.5,-24.625,-32.5625
71206554675000,16675000,-42.75,-24.875,-32.0625
71206571255000,16580000,-42.75,-24.875,-32.3125
71206588462000,17207000,-43.0,-24.375,-32.8125
71206604774000,16312000,-43.0,-24.125,-33.0625
71206621781000,17007000,-42.5,-24.125,-33.0625
71206638542000,16761000,-42.5,-24.375,-32.8125
71206655341000,16799000,-42.5,-24.375,-33.3125
71206671894000,16553000,-42.0,-24.875,-33.3125
71206688766000,16872000,-42.5,-24.625,-33.0625
71206706121000,17355000,-42.75,-24.375,-33.3125
71206723185000,17064000,-42.75,-24.625,-33.0625
71206740245000,17060000,-43.25,-24.125,-32.5625
71206756988000,16743000,-43.0,-24.375,-32.8125
71206773769000,16781000,-42.75,-23.875,-32.5625
71206790417000,16648000,-42.75,-23.625,-32.8125
71206807182000,16765000,-42.5,-23.375,-32.8125
71206824400000,17218000,-42.5,-23.1875,-33.0625
71206840751000,16351000,-42.25,-23.375,-33.3125
71206857544000,16793000,-42.0,-23.375,-33.0625
71206874121000,16577000,-42.75,-23.625,-33.3125
71206890930000,16809000,-43.0,-23.625,-32.8125
71206907676000,16746000,-43.5,-23.875,-32.3125
71206924533000,16857000,-43.75,-23.875,-32.5625
71206941673000,17140000,-43.25,-24.125,-32.5625
71206957980000,16307000,-43.25,-24.125,-32.5625
71206974842000,16862000,-43.75,-24.375,-32.5625
71206991668000,16826000,-43.75,-24.125,-32.3125
71207008333000,16665000,-44.25,-24.125,-32.0625
71207024946000,16613000,-44.25,-23.875,-32.3125
71207041646000,16700000,-43.75,-23.625,-33.0625
71207058970000,17324000,-44.0,-23.625,-33.0625
71207075857000,16887000,-43.75,-23.625,-33.3125
71207092143000,16286000,-43.5,-23.875,-33.3125
71207108933000,16790000,-43.75,-23.875,-32.8125
71207125508000,16575000,-44.0,-24.125,-33.0625
71207142290000,16782000,-43.75,-23.875,-32.8125
71207158985000,16695000,-44.0,-24.125,-32.5625
71207175945000,16960000,-43.5,-24.125,-32.3125
71207192591000,16646000,-43.0,-24.125,-32.3125
71207209148000,16557000,-42.5,-24.375,-32.5625
71207225965000,16817000,-41.5,-24.125,-32.5625
71207242734000,16769000,-41.5,-24.375,-32.8125
71207259422000,16688000,-41.25,-24.625,-32.0625
71207276201000,16779000,-41.25,-24.375,-32.3125
71207292904000,16703000,-41.5,-23.875,-32.3125
71207310183000,17279000,-41.5,-23.1875,-32.3125
71207327551000,17368000,-40.8125,-22.9375,-32.8125
71207344463000,16912000,-40.5625,-22.9375,-32.5625
71207361214000,16751000,-40.8125,-23.375,-32.8125
71207377704000,16490000,-40.3125,-23.625,-33.0625
71207394499000,16795000,-40.8125,-23.625,-33.0625
71207411271000,16772000,-40.5625,-24.125,-33.0625
71207428005000,16734000,-40.8125,-23.875,-33.3125
71207444783000,16778000,-40.8125,-24.125,-33.0625
71207461787000,17004000,-40.3125,-24.125,-32.8125
71207478795000,17008000,-40.5625,-23.875,-32.8125
71207495069000,16274000,-40.3125,-23.875,-32.8125
71207511895000,16826000,-40.3125,-23.875,-32.5625
71207528593000,16698000,-40.5625,-23.875,-32.5625
71207545315000,16722000,-40.8125,-23.625,-32.3125
71207562090000,16775000,-40.5625,-23.375,-32.3125
71207579011000,16921000,-40.5625,-23.1875,-32.5625
71207595732000,16721000,-40.5625,-23.375,-32.8125
71207612356000,16624000,-40.5625,-23.625,-32.8125
71207629149000,16793000,-40.5625,-23.875,-32.5625
71207645895000,16746000,-40.3125,-24.125,-32.8125
71207662612000,16717000,-40.8125,-24.125,-32.5625
71207679402000,16790000,-41.0625,-24.125,-32.8125
71207696396000,16994000,-41.25,-23.875,-32.8125
71207713053000,16657000,-42.25,-23.875,-32.3125
71207729736000,16683000,-41.75,-23.625,-32.3125
71207746523000,16787000,-41.25,-23.875,-32.3125
71207763400000,16877000,-41.25,-24.625,-32.0625
71207780422000,17022000,-40.8125,-24.875,-32.3125
71207797225000,16803000,-41.0625,-25.125,-32.5625
71207813893000,16668000,-41.75,-25.125,-32.0625
71207830755000,16862000,-41.5,-24.875,-32.3125
71207847411000,16656000,-41.25,-24.625,-32.3125
71207864092000,16681000,-41.5,-24.375,-32.3125
71207880854000,16762000,-40.8125,-23.875,-32.8125
71207897688000,16834000,-40.8125,-23.875,-33.0625
71207914342000,16654000,-40.8125,-23.375,-32.8125
71207931128000,16786000,-40.3125,-23.1875,-33.0625
71207948054000,16926000,-40.5625,-23.1875,-32.8125
71207964640000,16586000,-40.5625,-22.9375,-32.3125
71207981375000,16735000,-40.3125,-23.1875,-32.3125
71207998139000,16764000,-40.8125,-23.375,-32.0625
71208014957000,16818000,-41.25,-23.625,-32.8125
71208031632000,16675000,-41.0625,-23.375,-32.8125
71208048330000,16698000,-41.5,-23.875,-33.3125
71208065229000,16899000,-41.25,-23.875,-32.8125
71208081941000,16712000,-41.0625,-23.625,-32.0625
71208098576000,16635000,-41.25,-24.125,-32.3125
71208115286000,16710000,-41.25,-23.875,-32.0625
71208132055000,16769000,-41.0625,-24.125,-32.5625
71208148885000,16830000,-40.3125,-24.125,-32.8125
71208165547000,16662000,-40.0625,-24.125,-32.8125
71208182495000,16948000,-40.0625,-24.375,-32.8125
71208198933000,16438000,-40.0625,-24.125,-32.8125
71208215761000,16828000,-40.3125,-24.625,-33.0625
71208232615000,16854000,-40.8125,-24.875,-33.0625
71208249370000,16755000,-40.8125,-25.125,-33.0625
71208266246000,16876000,-40.8125,-25.125,-32.8125
71208283001000,16755000,-41.0625,-25.125,-32.5625
71208299892000,16891000,-40.8125,-24.625,-32.0625
71208316586000,16694000,-40.3125,-24.125,-31.8125
71208333181000,16595000,-40.3125,-23.875,-31.8125
71208349920000,16739000,-40.5625,-23.625,-32.0625
71208366873000,16953000,-41.0625,-24.125,-32.5625
71208383493000,16620000,-41.0625,-24.125,-32.8125
71208400316000,16823000,-41.5,-24.125,-33.0625
71208417199000,16883000,-41.75,-24.125,-32.5625
71208434202000,17003000,-41.75,-23.875,-32.3125
71208450507000,16305000,-42.75,-24.125,-32.5625
71208467189000,16682000,-42.75,-24.375,-32.5625
71208484508000,17319000,-42.75,-24.375,-33.0625
71208501133000,16625000,-42.5,-24.625,-32.8125
71208517997000,16864000,-42.0,-24.625,-32.0625
71208534649000,16652000,-41.75,-23.875,-32.0625
71208551349000,16700000,-40.8125,-24.375,-31.8125
71208568360000,17011000,-40.8125,-24.125,-32.0625
71208585037000,16677000,-40.5625,-24.375,-32.8125
71208601798000,16761000,-40.5625,-24.875,-32.5625
71208618467000,16669000,-41.25,-24.375,-32.5625
71208635234000,16767000,-41.0625,-24.375,-32.8125
71208652050000,16816000,-41.0625,-23.875,-32.8125
71208669132000,17082000,-41.0625,-23.875,-32.8125
71208685697000,16565000,-40.8125,-23.625,-33.3125
71208702338000,16641000,-41.0625,-23.375,-33.3125
71208719080000,16742000,-41.5,-23.375,-33.0625
71208735791000,16711000,-41.75,-23.375,-33.3125
71208752546000,16755000,-41.5,-23.625,-32.8125
71208769369000,16823000,-41.5,-23.875,-33.3125
71208786448000,17079000,-40.8125,-24.125,-33.5625
71208803058000,16610000,-40.5625,-24.625,-33.5625
71208820088000,17030000,-40.3125,-24.375,-33.8125
71208836928000,16840000,-40.3125,-24.125,-33.5625
71208853683000,16755000,-40.5625,-23.875,-32.8125
71208870489000,16806000,-40.5625,-23.625,-32.8125
71208887104000,16615000,-40.5625,-24.125,-32.8125
71208903757000,16653000,-40.5625,-24.125,-32.5625
71208920545000,16788000,-40.3125,-24.375,-32.8125
71208937490000,16945000,-40.0625,-24.625,-33.0625
71208954002000,16512000,-40.0625,-24.375,-32.8125
71208970978000,16976000,-39.5625,-24.375,-33.0625
71208987810000,16832000,-39.8125,-24.125,-33.5625
71209004419000,16609000,-39.8125,-23.875,-33.8125
71209021172000,16753000,-39.8125,-23.875,-33.0625
71209038114000,16942000,-40.5625,-24.125,-32.5625
71209054868000,16754000,-40.5625,-24.125,-32.5625
71209071523000,16655000,-40.0625,-23.875,-32.3125
71209088295000,16772000,-40.3125,-23.375,-33.0625
71209105121000,16826000,-39.5625,-23.875,-33.0625
71209121719000,16598000,-40.0625,-23.875,-32.5625
71209138486000,16767000,-40.5625,-24.125,-32.3125
71209155439000,16953000,-40.3125,-24.375,-32.5625
71209172124000,16685000,-40.8125,-23.875,-32.8125
71209188840000,16716000,-40.3125,-23.875,-32.8125
71209205632000,16792000,-40.0625,-23.875,-32.8125
71209222507000,16875000,-40.3125,-24.125,-32.3125
71209239256000,16749000,-40.3125,-24.375,-32.3125
71209255936000,16680000,-40.0625,-24.375,-32.8125
71209272749000,16813000,-40.5625,-23.875,-32.5625
71209289597000,16848000,-40.5625,-23.875,-33.3125
71209306606000,17009000,-40.5625,-23.625,-33.3125
71209323199000,16593000,-40.5625,-23.625,-33.3125
71209339822000,16623000,-40.5625,-23.875,-33.5625
71209356541000,16719000,-41.25,-23.875,-32.8125
71209373218000,16677000,-41.75,-23.625,-33.0625
71209390066000,16848000,-42.0,-23.625,-32.8125
71209406738000,16672000,-42.0,-23.875,-33.0625
71209423576000,16838000,-41.75,-23.875,-33.5625
71209440512000,16936000,-41.25,-24.375,-33.3125
71209457144000,16632000,-42.0,-24.375,-33.5625
71209473831000,16687000,-42.25,-24.375,-33.5625
71209490612000,16781000,-42.25,-24.375,-33.8125
71209507450000,16838000,-42.5,-24.375,-34.0
71209524114000,16664000,-42.25,-24.625,-34.0
71209540929000,16815000,-42.25,-24.625,-34.0
71209557819000,16890000,-42.75,-24.125,-34.0
71209574553000,16734000,-42.75,-23.625,-34.0
71209591038000,16485000,-42.75,-23.375,-33.5625
71209607847000,16809000,-42.5,-22.9375,-33.0625
71209624772000,16925000,-41.75,-23.625,-32.8125
71209641356000,16584000,-41.75,-23.625,-32.8125
71209658030000,16674000,-42.0,-23.625,-33.3125
71209674738000,16708000,-42.25,-23.375,-33.5625
71209692321000,17583000,-42.75,-23.1875,-33.0625
71209708536000,16215000,-42.5,-22.9375,-32.8125
71209725336000,16800000,-42.25,-22.9375,-32.3125
71209742109000,16773000,-42.0,-23.875,-32.0625
71209758811000,16702000,-41.75,-24.125,-32.8125
71209775592000,16781000,-42.0,-24.625,-33.0625
71209792475000,16883000,-42.25,-24.625,-33.5625
71209809074000,16599000,-42.0,-24.375,-34.0
71209825812000,16738000,-42.25,-24.375,-33.5625
71209842475000,16663000,-42.25,-24.125,-33.3125
71209859419000,16944000,-41.75,-24.125,-33.0625
71209876054000,16635000,-42.25,-24.125,-33.0625
71209892775000,16721000,-42.25,-23.875,-32.8125
71209909511000,16736000,-42.25,-23.875,-33.0625
71209926373000,16862000,-42.5,-23.875,-33.0625
71209942964000,16591000,-42.0,-23.875,-32.5625
71209959756000,16792000,-41.0625,-23.875,-33.0625
71209976435000,16679000,-40.5625,-24.125,-32.8125
71209993318000,16883000,-40.3125,-24.125,-32.8125
71210009947000,16629000,-40.3125,-24.125,-33.3125
71210026615000,16668000,-40.5625,-24.375,-33.0625
71210043383000,16768000,-40.8125,-24.375,-32.8125
71210060190000,16807000,-40.5625,-24.375,-33.0625
71210076905000,16715000,-40.5625,-24.125,-33.0625
71210093566000,16661000,-40.3125,-24.125,-33.0625
71210110265000,16699000,-40.0625,-24.375,-33.5625
71210127076000,16811000,-40.0625,-24.625,-33.3125
71210143782000,16706000,-40.0625,-24.875,-32.5625
71210160521000,16739000,-40.3125,-24.625,-32.8125
71210177279000,16758000,-40.5625,-24.125,-32.3125
71210194117000,16838000,-40.5625,-23.625,-32.5625
71210210993000,16876000,-40.8125,-23.875,-32.8125
71210227562000,16569000,-41.0625,-24.125,-32.5625
71210244215000,16653000,-41.0625,-24.375,-32.8125
71210260987000,16772000,-41.0625,-24.625,-32.5625
71210277713000,16726000,-40.8125,-24.375,-32.8125
71210294572000,16859000,-41.0625,-24.125,-32.8125
71210311098000,16526000,-41.5,-24.125,-32.5625
71210328344000,17246000,-41.25,-24.125,-32.3125
71210344893000,16549000,-41.0625,-23.875,-32.5625
71210361714000,16821000,-40.0625,-23.875,-32.5625
71210378570000,16856000,-39.3125,-23.875,-32.5625
71210395340000,16770000,-39.0625,-24.125,-32.8125
71210412186000,16846000,-39.3125,-24.375,-32.5625
71210428965000,16779000,-39.3125,-24.375,-32.3125
71210445647000,16682000,-39.3125,-24.625,-33.0625
71210462431000,16784000,-39.3125,-24.125,-32.5625
71210479282000,16851000,-38.5625,-23.875,-32.3125
71210496045000,16763000,-38.5625,-24.125,-32.8125
71210512914000,16869000,-38.0625,-24.125,-32.3125
71210529663000,16749000,-38.5625,-24.125,-32.8125
71210546374000,16711000,-39.5625,-24.625,-32.8125
71210563257000,16883000,-39.8125,-24.375,-32.3125
71210580032000,16775000,-41.0625,-24.125,-32.3125
71210596945000,16913000,-41.75,-24.625,-32.5625
71210613446000,16501000,-41.75,-24.375,-32.3125
71210630416000,16970000,-42.5,-24.375,-32.5625
71210647123000,16707000,-42.0,-24.375,-32.5625
71210663947000,16824000,-40.8125,-24.125,-32.3125
71210680714000,16767000,-40.8125,-24.125,-32.5625
71210697444000,16730000,-40.5625,-23.875,-32.5625
71210714107000,16663000,-40.0625,-23.875,-33.3125
71210730997000,16890000,-40.3125,-23.625,-33.5625
71210747990000,16993000,-40.0625,-23.625,-33.5625
71210764711000,16721000,-39.3125,-23.875,-33.8125
71210781451000,16740000,-39.3125,-23.625,-33.0625
71210798219000,16768000,-39.3125,-23.1875,-32.8125
71210815269000,17050000,-39.3125,-22.6875,-33.3125
71210831861000,16592000,-39.5625,-22.4375,-32.8125
71210848522000,16661000,-40.0625,-22.9375,-32.8125
71210865297000,16775000,-40.0625,-23.375,-32.5625
71210882006000,16709000,-39.8125,-23.625,-32.3125
71210898761000,16755000,-40.0625,-23.625,-32.5625
71210915516000,16755000,-39.5625,-23.625,-33.0625
71210932369000,16853000,-40.3125,-23.875,-33.5625
71210949240000,16871000,-40.5625,-24.125,-33.5625
71210965791000,16551000,-40.5625,-23.875,-33.3125
71210982718000,16927000,-41.0625,-23.1875,-32.5625
71210999210000,16492000,-39.8125,-23.1875,-32.3125
71211015964000,16754000,-39.5625,-23.1875,-32.8125
71211033005000,17041000,-39.8125,-23.625,-33.0625
71211049646000,16641000,-39.8125,-24.375,-33.3125
71211066571000,16925000,-40.5625,-24.125,-33.3125
71211082932000,16361000,-40.8125,-23.875,-33.0625
71211099928000,16996000,-40.5625,-23.625,-33.5625
71211116668000,16740000,-39.8125,-23.1875,-33.8125
71211133369000,16701000,-39.8125,-23.1875,-33.5625
71211150161000,16792000,-39.8125,-23.875,-33.3125
71211167228000,17067000,-39.8125,-24.125,-32.5625
71211183901000,16673000,-40.3125,-24.125,-32.5625
71211200440000,16539000,-40.0625,-24.625,-33.0625
