221393882474000,19648000,0.3678465
221393901894000,19420000,0.17553616
221393921336000,19442000,-0.18954754
221393940951000,19615000,-0.26784325
221393960394000,19443000,0.11310959
221393979974000,19580000,0.41718578
221393999387000,19413000,0.24225998
221394018927000,19540000,0.067064285
221394038439000,19512000,-0.07027626
221394057928000,19489000,0.04082203
221394077445000,19517000,-0.0018405914
221394096956000,19511000,-0.064058304
221394116508000,19552000,-0.049869537
221394136011000,19503000,-0.16971684
221394155510000,19499000,-0.32753563
221394175016000,19506000,-0.21650696
221394194491000,19475000,-0.046920776
221394214039000,19548000,-0.18234444
221394233519000,19480000,-0.028821945
221394257952000,24433000,-0.083384514
221394277544000,19592000,0.035808563
221394297005000,19461000,0.2519083
221394316595000,19590000,0.14318657
221394336321000,19726000,-0.0035419464
221394355596000,19275000,-0.054761887
221394375043000,19447000,0.046598434
221394394532000,19489000,0.012984276
221394414067000,19535000,0.054947853
221394438448000,24381000,0.09550285
221394457889000,19441000,-0.07565498
221394477461000,19572000,-0.07542133
221394496966000,19505000,0.19210625
221394516619000,19653000,0.114154816
221394535968000,19349000,-0.098443985
221394555471000,19503000,-0.024228096
221394578465000,22994000,0.08770752
221394594626000,16161000,-0.16425323
221394614023000,19397000,-0.22463703
221394633710000,19687000,-0.16982079
221394653141000,19431000,4.940033E-4
221394673543000,20402000,0.09508324
221394692743000,19200000,-9.469986E-4
221394711594000,18851000,-3.566742E-4
221394731111000,19517000,0.07762718
221394750612000,19501000,-0.16941452
221394770168000,19556000,-0.09043884
221394789670000,19502000,-0.08779144
221394809158000,19488000,-0.18066597
221394828776000,19618000,0.014026642
221394848171000,19395000,-0.020853996
221394867706000,19535000,0.11690712
221394887256000,19550000,0.06328583
221394906782000,19526000,0.14370537
221394926204000,19422000,-0.0059928894
221394946095000,19891000,0.16940498
221394965276000,19181000,-0.28795815
221394984898000,19622000,-0.24809933
221395004305000,19407000,0.07843113
221395024423000,20118000,0.0023269653
221395043413000,18990000,-0.112238884
221395062876000,19463000,0.022195816
221395082329000,19453000,0.118442535
221395101951000,19622000,0.0041618347
221395121418000,19467000,-0.09084129
221395140873000,19455000,0.12067795
221395160472000,19599000,0.102357864
221395179919000,19447000,-0.14588737
221395199401000,19482000,-0.24104881
221395218930000,19529000,-0.14476776
221395238500000,19570000,-0.086709976
221395257964000,19464000,0.14402103
221395277875000,19911000,0.18364525
221395296993000,19118000,0.108675
221395316659000,19666000,-0.13851643
221395336063000,19404000,-0.021844864
221395355748000,19685000,0.36277866
221395375064000,19316000,0.65126514
221395395009000,19945000,0.44099903
221395414117000,19108000,-3.4427643E-4
221395433572000,19455000,-0.15615845
221395453121000,19549000,0.16488075
221395473378000,20257000,0.5413313
221395492165000,18787000,0.26508045
221395511620000,19455000,0.14049149
221395531235000,19615000,-0.043056488
221395550615000,19380000,-0.24694157
221395570109000,19494000,-0.20257759
221395589627000,19518000,-0.3689747
221395609144000,19517000,-0.22817326
221395628693000,19549000,-0.18157387
221395648535000,19842000,-0.34335232
221395667975000,19440000,-0.40654945
221395687782000,19807000,-0.46642685
221395706880000,19098000,-0.08237553
221395726331000,19451000,0.1712265
221395745965000,19634000,0.37078953
221395765428000,19463000,0.41974735
221395784904000,19476000,0.3553133
221395804352000,19448000,0.13788605
221395824020000,19668000,0.20678616
221395843398000,19378000,0.15878296
221395862952000,19554000,-0.1791935
221395882421000,19469000,-0.19449997
221395902193000,19772000,-0.021157265
221395921763000,19570000,-0.15664673
221395941156000,19393000,-0.25553894
221395960440000,19284000,-0.14473248
221395979937000,19497000,0.119003296
221395999767000,19830000,-0.057489395
221396018968000,19201000,-0.11833954
221396038512000,19544000,0.2240057
221396057936000,19424000,0.2609129
221396077444000,19508000,0.12630844
221396096928000,19484000,0.011399269
221396118145000,21217000,-0.23736
221396135954000,17809000,-0.6968198
221396155546000,19592000,-0.7156224
221396174954000,19408000,-0.5230942
221396194479000,19525000,-0.0035476685
221396215787000,21308000,0.42267895
221396233573000,17786000,0.0078125
221396253017000,19444000,0.7823343
221396272575000,19558000,0.7343483
221396292027000,19452000,0.6670923
221396311541000,19514000,0.42592335
221396331047000,19506000,0.31595707
221396350590000,19543000,0.2595682
221396370163000,19573000,-0.31837463
221396389584000,19421000,-0.90053797
221396409243000,19659000,-1.2754545
221396428637000,19394000,-0.8858514
221396448125000,19488000,-0.47654533
221396467622000,19497000,0.06953716
221396487222000,19600000,0.14106178
221396506647000,19425000,-0.18474388
221396526161000,19514000,0.2221508
221396545686000,19525000,0.63326454
221396565228000,19542000,0.74100304
221396584720000,19492000,0.9651098
221396604660000,19940000,0.51840496
221396623764000,19104000,-0.31375122
221396643263000,19499000,-0.86237955
221396662747000,19484000,-1.0512056
221396682273000,19526000,-0.5730252
221396701827000,19554000,-0.6330037
221396721292000,19465000,-1.0569572
221396740839000,19547000,-0.75134516
221396760304000,19465000,-0.15511799
221396779836000,19532000,0.90523434
221396799317000,19481000,1.6253433
221396819042000,19725000,1.8700161
221396838348000,19306000,1.4067383
221396857853000,19505000,0.92193127
221396877384000,19531000,0.9679804
221396896848000,19464000,0.81470776
221396916342000,19494000,1.1501188
221396935948000,19606000,1.5328293
221396955411000,19463000,2.6139574
221396974865000,19454000,2.937522
221396994692000,19827000,3.344966
221397014197000,19505000,3.3760376
221397033637000,19440000,2.4165192
221397052947000,19310000,1.1934824
221397072498000,19551000,0.08941746
221397091986000,19488000,-0.91271114
221397111467000,19481000,-1.4450564
221397130948000,19481000,-1.9425249
221397150387000,19439000,-1.9195075
221397169894000,19507000,-2.0777712
221397189419000,19525000,-2.4873571
221397208937000,19518000,-2.9319568
221397228425000,19488000,-2.9857717
221397248025000,19600000,-2.492116
221397267438000,19413000,-2.369133
221397286961000,19523000,-2.5779848
221397306444000,19483000,-2.71796
221397326005000,19561000,-2.4465122
221397345491000,19486000,-1.9971361
221397364963000,19472000,-1.9484491
221397384477000,19514000,-1.6918497
221397403994000,19517000,-1.1363702
221397423510000,19516000,-0.82325745
221397443092000,19582000,-0.08697128
221397462549000,19457000,0.5500622
221397482078000,19529000,0.25947094
221397501527000,19449000,0.18579006
221397521030000,19503000,0.55503225
221397540776000,19746000,1.574893
221397560217000,19441000,2.9176698
221397579740000,19523000,2.8191776
221397599150000,19410000,2.0246544
221397618658000,19508000,2.3328085
221397638252000,19594000,3.9534025
221397657708000,19456000,4.779844
221397677232000,19524000,4.0456924
221397696686000,19454000,1.8661122
221397716325000,19639000,-0.2838006
221397735888000,19563000,-1.6533761
221397755240000,19352000,-1.9483571
221397774719000,19479000,-1.4480281
221397794490000,19771000,-0.58379936
221397813803000,19313000,-0.2841015
221397833376000,19573000,0.33924007
221397852740000,19364000,0.7738724
221397872210000,19470000,0.3516264
221397891835000,19625000,-1.1381073
221397911280000,19445000,-2.7392473
221397930796000,19516000,-3.495278
221397950268000,19472000,-3.0810547
221397969839000,19571000,-2.032237
221397989276000,19437000,-1.651135
221398008962000,19686000,-1.5160794
221398028286000,19324000,-0.9593086
221398047914000,19628000,-0.020962715
221398067597000,19683000,1.0077276
221398087150000,19553000,1.6423187
221398106305000,19155000,1.6652794
221398126368000,20063000,1.6840363
221398145378000,19010000,1.8444576
221398164837000,19459000,2.8304806
221398184473000,19636000,3.1240106
221398203757000,19284000,2.7217517
221398223225000,19468000,2.9229307
221398242722000,19497000,3.955699
221398262247000,19525000,3.865746
221398281764000,19517000,2.6533847
221398301257000,19493000,0.8946295
221398320797000,19540000,-0.6606755
221398340387000,19590000,-1.98809
221398359774000,19387000,-2.5426674
221398379403000,19629000,-2.6410084
221398398811000,19408000,-1.7932496
221398418282000,19471000,-1.3113041
221398437779000,19497000,-1.2447548
221398457382000,19603000,-1.7988439
221398476797000,19415000,-2.6072073
221398496452000,19655000,-3.1702638
221398515817000,19365000,-3.1634898
221398535326000,19509000,-3.4683132
221398554923000,19597000,-3.7028022
221398574408000,19485000,-3.543714
221398593950000,19542000,-2.6100326
221398613696000,19746000,-1.7083879
221398633302000,19606000,-1.0925198
221398652652000,19350000,-0.6152992
221398672019000,19367000,0.11969566
221398691640000,19621000,1.6428022
221398710948000,19308000,2.873258
221398730867000,19919000,3.9572048
221398749961000,19094000,3.8129768
221398769712000,19751000,3.1600251
221398789001000,19289000,3.639287
221398808633000,19632000,4.7467813
221398828383000,19750000,5.0232477
221398847788000,19405000,3.8941078
221398867076000,19288000,1.2068691
221398886471000,19395000,-0.77621937
221398906240000,19769000,-1.8975306
221398925554000,19314000,-1.5124431
221398945062000,19508000,-0.893085
221398964625000,19563000,-0.716393
221398984150000,19525000,-1.4303255
221399003538000,19388000,-1.9717722
221399023094000,19556000,-2.4290557
221399042548000,19454000,-2.7200503
221399062196000,19648000,-3.089468
221399081918000,19722000,-3.247446
221399101299000,19381000,-3.098462
221399120712000,19413000,-2.738587
221399140049000,19337000,-1.7486176
221399159673000,19624000,-0.89691544
221399179125000,19452000,-0.26617432
221399198580000,19455000,0.3858633
221399218033000,19453000,1.5300589
221399237699000,19666000,2.2195978
221399256957000,19258000,2.54006
221399276487000,19530000,3.0765371
221399295981000,19494000,3.7438931
221399315500000,19519000,3.5770144
221399334988000,19488000,2.187026
221399354815000,19827000,2.0974784
221399374053000,19238000,3.0796237
221399393683000,19630000,3.8113532
221399413018000,19335000,2.7069197
221399432535000,19517000,0.95656633
221399452025000,19490000,-0.3620062
221399471942000,19917000,-1.4352064
221399491080000,19138000,-2.327795
221399510572000,19492000,-2.2650914
221399530054000,19482000,-1.2558608
221399549557000,19503000,-1.0719023
221399569109000,19552000,-1.5332837
221399588598000,19489000,-2.0986538
221399608533000,19935000,-2.8599315
221399627716000,19183000,-3.5684948
221399647183000,19467000,-3.7249293
221399666814000,19631000,-3.3288174
221399686381000,19567000,-2.7835364
221399705753000,19372000,-2.3407202
221399725572000,19819000,-1.7142491
221399744864000,19292000,-1.0641727
221399764257000,19393000,-0.51034546
221399783799000,19542000,0.3626814
221399803269000,19470000,1.815485
221399822966000,19697000,3.2659607
221399842315000,19349000,4.340871
221399862072000,19757000,4.7056794
221399881285000,19213000,3.6045957
221399900754000,19469000,2.4468565
221399920386000,19632000,2.7589345
221399939830000,19444000,3.8880644
221399959543000,19713000,3.5732546
221399978780000,19237000,1.6467767
221399998387000,19607000,-0.5868087
221400017827000,19440000,-1.91325
221400037630000,19803000,-2.1140213
221400056815000,19185000,-1.5390062
221400076474000,19659000,-0.27358246
221400095882000,19408000,0.19954395
221400115578000,19696000,-0.14993763
221400134858000,19280000,-1.508431
221400154339000,19481000,-3.0300846
221400174241000,19902000,-3.831305
221400193398000,19157000,-4.2185574
221400213002000,19604000,-3.978312
221400232374000,19372000,-3.3590584
221400251861000,19487000,-2.5131745
221400271341000,19480000,-1.4035544
221400290960000,19619000,0.17786312
221400310386000,19426000,1.4584827
221400329782000,19396000,2.5262117
221400349283000,19501000,2.6821613
221400368838000,19555000,2.5667582
221400388320000,19482000,3.0118456
221400407942000,19622000,3.7204251
221400427296000,19354000,3.382339
221400446823000,19527000,2.6041808
221400466311000,19488000,2.8190017
221400485828000,19517000,3.7000122
221400505355000,19527000,3.4478002
221400524824000,19469000,2.0078106
221400544452000,19628000,0.6283679
221400563866000,19414000,-0.7601228
221400583379000,19513000,-1.7671618
221400602857000,19478000,-2.0572295
221400622422000,19565000,-1.7346735
221400641888000,19466000,-1.0567379
221400661356000,19468000,-1.1634331
221400680956000,19600000,-1.9519114
221400700409000,19453000,-3.0919614
221400719890000,19481000,-4.082484
221400739390000,19500000,-4.116917
221400759145000,19755000,-3.959166
221400778583000,19438000,-3.5141478
221400798444000,19861000,-3.0870624
221400817544000,19100000,-2.128169
221400837186000,19642000,-1.1554966
221400856465000,19279000,-0.55942535
221400876361000,19896000,0.15367699
221400896005000,19644000,1.3952389
221400915025000,19020000,2.9818468
221400934666000,19641000,4.235114
221400954131000,19465000,4.205922
221400973621000,19490000,2.6927404
221400993045000,19424000,1.2195277
221401012550000,19505000,1.4087358
221401032048000,19498000,3.5458417
221401052296000,20248000,3.9704957
221401071051000,18755000,2.4618
221401090746000,19695000,0.6656513
221401110040000,19294000,-0.5109
221401130200000,20160000,-0.50918245
221401149133000,18933000,0.2250576
221401168665000,19532000,1.0089998
221401188596000,19931000,0.91173077
221401207492000,18896000,-0.21139431
221401227034000,19542000,-1.6284404
221401246467000,19433000,-3.124422
221401265984000,19517000,-4.1780024
221401285463000,19479000,-4.4781547
221401305023000,19560000,-3.7517514
221401324501000,19478000,-2.837459
221401344082000,19581000,-2.1152935
221401363545000,19463000,-1.5087671
221401383025000,19480000,-1.0200243
221401402501000,19476000,-0.40467358
221401422031000,19530000,0.50337315
221401441538000,19507000,1.4853516
221401461047000,19509000,1.7086964
221401480576000,19529000,1.9301796
221401500033000,19457000,2.8109188
221401519657000,19624000,3.576429
221401539041000,19384000,2.8213038
221401558758000,19717000,2.626841
221401578035000,19277000,3.5456147
221401597618000,19583000,4.1189075
221401617089000,19471000,3.7529845
221401636735000,19646000,2.5820012
221401656292000,19557000,0.9152603
221401675773000,19481000,-0.4380436
221401695213000,19440000,-1.3369627
221401714679000,19466000,-1.4471416
221401734329000,19650000,-1.1419215
221401753745000,19416000,-0.965662
221401773263000,19518000,-1.2156982
221401792807000,19544000,-2.401575
221401812365000,19558000,-3.4639435
221401831651000,19286000,-4.8582854
221401851218000,19567000,-5.3350544
221401870725000,19507000,-4.2971826
221401890174000,19449000,-3.3129
221401910195000,20021000,-2.321353
221401929136000,18941000,-1.483139
221401948598000,19462000,-0.5696697
221401968111000,19513000,0.41233063
221401987679000,19568000,1.3390713
221402007147000,19468000,2.3144827
221402027530000,20383000,3.5018435
221402046285000,18755000,4.0813665
221402065935000,19650000,3.4683762
221402085216000,19281000,1.9790182
221402105061000,19845000,1.0798626
221402124587000,19526000,1.7834492
221402143760000,19173000,3.0567245
221402163679000,19919000,2.5047493
221402182733000,19054000,0.5184989
221402202365000,19632000,-0.7925663
221402221746000,19381000,-1.47757
221402241434000,19688000,-1.183919
221402260772000,19338000,-0.3411007
221402280231000,19459000,-0.012662888
221402299829000,19598000,0.26879406
221402319508000,19679000,-0.18052864
221402338788000,19280000,-1.0507631
221402358540000,19752000,-2.4737048
221402378189000,19649000,-3.6245418
221402397288000,19099000,-4.062196
221402416708000,19420000,-4.128914
221402436187000,19479000,-3.343689
221402455718000,19531000,-2.1645536
221402475175000,19457000,-1.0513783
221402494717000,19542000,0.16652203
221402514198000,19481000,0.8140316
221402533690000,19492000,1.4208145
221402553197000,19507000,1.7104778
221402572738000,19541000,2.7657404
221402592233000,19495000,4.0026646
221402611720000,19487000,4.74184
221402631232000,19512000,4.3042855
221402650739000,19507000,3.6784453
221402670240000,19501000,3.9695616
221402689852000,19612000,4.369459
221402709670000,19818000,4.033528
221402728883000,19213000,2.8703718
221402748565000,19682000,1.1102419
221402768372000,19807000,-0.858521
221402787674000,19302000,-2.4691486
221402806844000,19170000,-2.7337484
221402826678000,19834000,-2.235958
221402845938000,19260000,-1.8995175
221402865403000,19465000,-2.7282534
221402885034000,19631000,-4.0420804
221402904406000,19372000,-5.0485787
221402923957000,19551000,-5.320145
221402943384000,19427000,-5.1402583
221402962909000,19525000,-4.295138
221402982388000,19479000,-3.6081657
221403002148000,19760000,-2.945663
221403021419000,19271000,-1.6260204
221403041080000,19661000,-0.45822048
221403060388000,19308000,0.29711437
221403080235000,19847000,1.5318861
221403099446000,19211000,3.0582924
221403118962000,19516000,4.11777
221403138601000,19639000,4.62081
221403158211000,19610000,3.5205402
221403177543000,19332000,2.1859188
221403196939000,19396000,2.5633283
221403216623000,19684000,4.0161986
221403235963000,19340000,4.2667303
221403255583000,19620000,3.162179
221403275033000,19450000,1.5883703
221403294687000,19654000,0.48836184
221403314140000,19453000,0.043700695
221403333433000,19293000,0.53288555
221403353061000,19628000,1.0646086
221403372476000,19415000,0.7305002
221403392291000,19815000,-0.44246483
221403411795000,19504000,-2.177827
221403431124000,19329000,-4.02833
221403450361000,19237000,-5.16403
221403469874000,19513000,-5.501375
221403489445000,19571000,-4.5928526
221403508893000,19448000,-3.4097996
221403528344000,19451000,-2.31251
221403547879000,19535000,-1.549181
221403567369000,19490000,-1.2764235
221403586868000,19499000,-0.6001234
221403606464000,19596000,0.70154095
221403625897000,19433000,1.6216412
221403645378000,19481000,1.9577465
221403664878000,19500000,2.8475285
221403684392000,19514000,4.011469
221403703957000,19565000,4.2896833
221403723471000,19514000,3.3087811
221403742978000,19507000,3.148973
221403762503000,19525000,4.0734286
221403781954000,19451000,4.0308237
221403801579000,19625000,3.0013046
221403821111000,19532000,1.8687925
221403840584000,19473000,0.4083414
221403860162000,19578000,-0.81811
221403879547000,19385000,-1.2447362
221403899171000,19624000,-1.6659822
221403918562000,19391000,-2.1457653
221403938234000,19672000,-2.8263583
221403957577000,19343000,-3.2179146
221403977253000,19676000,-4.000714
221403996675000,19422000,-4.7078104
221404016421000,19746000,-4.8918734
221404035812000,19391000,-4.1860948
221404055420000,19608000,-3.4491982
221404074685000,19265000,-2.855671
221404094777000,20092000,-2.327094
221404113859000,19082000,-1.7411828
221404133295000,19436000,-0.7772217
221404152715000,19420000,0.32598782
221404172359000,19644000,1.9232035
221404191659000,19300000,3.8486204
221404211207000,19548000,4.961005
221404230940000,19733000,4.117775
221404250237000,19297000,2.1496902
221404269853000,19616000,1.8623762
221404289277000,19424000,3.5953107
221404308971000,19694000,4.2231593
221404328386000,19415000,2.8856812
221404347776000,19390000,1.0409288
221404367394000,19618000,-0.48406792
221404386840000,19446000,-1.3743691
221404406318000,19478000,-1.3136821
221404425917000,19599000,-0.750463
221404445655000,19738000,-0.036973953
221404464830000,19175000,0.014793396
221404484528000,19698000,-0.7601032
221404503838000,19310000,-2.336616
221404523637000,19799000,-3.3312097
221404542781000,19144000,-4.2585077
221404562273000,19492000,-4.463512
221404581761000,19488000,-3.8668027
221404601740000,19979000,-3.0966663
221404620801000,19061000,-2.3669767
221404640425000,19624000,-1.1976166
221404659805000,19380000,0.48297596
221404679316000,19511000,1.9604216
221404698832000,19516000,2.9193497
221404718361000,19529000,3.5595055
221404737852000,19491000,4.2517414
221404757389000,19537000,5.2902927
221404776932000,19543000,5.0354977
221404796409000,19477000,3.841363
221404816108000,19699000,3.672463
221404835533000,19425000,3.9511786
221404855215000,19682000,3.430317
221404874489000,19274000,2.3825588
221404894281000,19792000,1.4032135
221404913556000,19275000,0.3304329
221404933056000,19500000,-0.6364651
221404952701000,19645000,-1.0657482
221404972088000,19387000,-1.3275056
221404991610000,19522000,-1.8702159
221405011037000,19427000,-2.874412
221405030575000,19538000,-4.3114333
221405050057000,19482000,-5.636574
221405069680000,19623000,-6.2099705
221405089179000,19499000,-5.546613
221405108786000,19607000,-4.2156334
221405128214000,19428000,-3.8052673
221405147577000,19363000,-3.071536
221405167168000,19591000,-1.9019241
221405186626000,19458000,-0.9556627
221405206116000,19490000,-0.3569498
221405225686000,19570000,0.24717045
221405245417000,19731000,1.5151939
221405264617000,19200000,3.489729
221405284170000,19553000,5.163351
221405303674000,19504000,4.9526935
221405323251000,19577000,2.6542277
221405342692000,19441000,0.97839785
221405362288000,19596000,2.1983776
221405381632000,19344000,3.8240643
221405401514000,19882000,2.9626684
221405420759000,19245000,1.0774264
221405440200000,19441000,-0.275661
221405459948000,19748000,-0.40056467
221405479261000,19313000,0.5999012
221405498776000,19515000,1.6051464
221405518218000,19442000,1.5715265
221405537896000,19678000,0.1614542
221405557242000,19346000,-1.9097939
221405576824000,19582000,-3.775424
221405596257000,19433000,-5.1808224
221405615867000,19610000,-5.2575645
221405635143000,19276000,-4.478096
221405654692000,19549000,-3.0844965
221405674205000,19513000,-1.5898819
221405693832000,19627000,0.06456852
221405713176000,19344000,1.1465816
221405733038000,19862000,1.7475157
221405752200000,19162000,2.5819616
221405772136000,19936000,2.9705725
221405791231000,19095000,3.377202
221405810729000,19498000,3.4266672
221405830340000,19611000,3.0697365
221405849780000,19440000,2.010563
221405869570000,19790000,0.2042532
221405888943000,19373000,-0.22378922
221405908599000,19656000,1.2634697
221405927881000,19282000,1.9714699
221405947719000,19838000,1.5592499
221405966989000,19270000,0.5329752
221405986705000,19716000,-0.24094391
221406006085000,19380000,-0.9851322
221406025517000,19432000,-1.0995674
221406045027000,19510000,-0.84600353
221406064437000,19410000,-0.60135937
221406084081000,19644000,-1.0885029
221406103441000,19360000,-2.0931063
221406123090000,19649000,-3.8611455
221406142536000,19446000,-4.953895
221406161942000,19406000,-5.387743
221406181366000,19424000,-4.8528953
221406200892000,19526000,-3.958778
221406220387000,19495000,-3.086584
221406239879000,19492000,-1.795774
221406259375000,19496000,-0.37617588
221406278876000,19501000,0.7646866
221406298381000,19505000,1.6571865
221406317894000,19513000,2.616931
221406337393000,19499000,3.2878122
221406356909000,19516000,3.4858155
221406376418000,19509000,2.8742595
221406396078000,19660000,2.4587054
221406415742000,19664000,3.898488
221406435044000,19302000,4.853655
221406454819000,19775000,4.190038
221406474126000,19307000,2.6946187
221406493741000,19615000,1.5930448
221406513074000,19333000,1.1016293
221406532520000,19446000,1.2453032
221406552173000,19653000,1.2844539
221406571551000,19378000,0.6167307
221406591901000,20350000,-0.6372433
221406610553000,18652000,-2.520216
221406630326000,19773000,-4.2409453
221406649455000,19129000,-5.214613
221406669038000,19583000,-5.62324
221406688498000,19460000,-5.3808193
221406708175000,19677000,-4.63163
221406727487000,19312000,-3.7733655
221406746989000,19502000,-2.5915537
221406766492000,19503000,-1.2212753
221406786047000,19555000,0.2754135
221406805537000,19490000,1.5064039
221406825466000,19929000,2.5005007
221406844537000,19071000,2.7415094
221406864014000,19477000,2.791438
221406883572000,19558000,4.2834682
221406903060000,19488000,5.8255353
221406922989000,19929000,4.5900636
221406942162000,19173000,3.8447175
221406961643000,19481000,4.520485
221406981687000,20044000,4.351409
221407000736000,19049000,3.0371385
221407020229000,19493000,1.4204092
221407039685000,19456000,0.12059784
221407059325000,19640000,-0.7009034
221407079335000,20010000,-0.97637224
221407098252000,18917000,-0.93608856
221407117720000,19468000,-1.010253
221407137486000,19766000,-1.8194852
221407156675000,19189000,-3.027103
221407176541000,19866000,-4.375548
221407195729000,19188000,-5.5709896
221407215561000,19832000,-5.992714
221407234839000,19278000,-5.5990424
221407254307000,19468000,-4.4235425
221407273829000,19522000,-3.7284803
221407293208000,19379000,-2.7499418
221407312881000,19673000,-1.7585754
221407332965000,20084000,-0.75960827
221407351978000,19013000,0.53631306
221407371293000,19315000,2.024253
221407391079000,19786000,3.3102732
221407410266000,19187000,3.9377022
221407430138000,19872000,4.162197
221407449423000,19285000,3.4340405
221407468748000,19325000,2.8728566
221407488673000,19925000,3.8869233
221407507844000,19171000,4.981145
221407527384000,19540000,3.9880638
221407546732000,19348000,1.6568608
221407566440000,19708000,-0.07630682
221407586549000,20109000,-1.1486874
221407605392000,18843000,-1.2932801
221407624872000,19480000,-0.15681267
221407644496000,19624000,0.28127956
221407663783000,19287000,0.014641762
221407683569000,19786000,-1.2927899
221407702827000,19258000,-2.4646144
221407722162000,19335000,-3.590796
221407741677000,19515000,-4.206415
221407761180000,19503000,-3.8281503
221407780691000,19511000,-3.2185087
221407800168000,19477000,-2.3755322
221407819700000,19532000,-1.5672321
221407839186000,19486000,-0.7772932
221407858827000,19641000,-0.08674908
221407878185000,19358000,0.5341778
221407897893000,19708000,1.0973244
221407917230000,19337000,1.4193573
221407936693000,19463000,2.0656366
221407956209000,19516000,3.3142338
221407975918000,19709000,3.7965412
221407995223000,19305000,2.8537178
221408014722000,19499000,2.2412868
221408034263000,19541000,2.912633
221408053860000,19597000,2.9887767
221408073453000,19593000,2.0105062
221408092934000,19481000,0.6127424
221408112538000,19604000,-0.30042648
221408131818000,19280000,-0.97012186
221408151298000,19480000,-1.331521
221408170860000,19562000,-1.1455836
221408190719000,19859000,-0.9203224
221408209853000,19134000,-1.5844617
221408229267000,19414000,-2.3841286
221408249125000,19858000,-3.1408253
221408268335000,19210000,-4.0612464
221408287901000,19566000,-4.5853186
221408307303000,19402000,-4.5378885
221408326879000,19576000,-3.513712
221408346300000,19421000,-2.4509811
221408365873000,19573000,-1.4266453
221408385333000,19460000,-0.36827183
221408404827000,19494000,0.2968645
221408424323000,19496000,0.4456768
221408443786000,19463000,1.275259
221408463282000,19496000,2.7374487
221408483137000,19855000,3.577714
221408502371000,19234000,4.3408523
221408521807000,19436000,3.7535744
221408541475000,19668000,2.3438268
221408560752000,19277000,2.424613
221408580243000,19491000,4.1074257
221408599841000,19598000,5.0741286
221408619294000,19453000,3.8520155
221408638801000,19507000,1.573267
221408658243000,19442000,-0.39778137
221408678063000,19820000,-1.6541018
221408697339000,19276000,-1.7044473
221408716841000,19502000,-0.6343403
221408736245000,19404000,-0.17477989
221408755787000,19542000,-0.6987591
221408775132000,19345000,-1.7574029
221408794790000,19658000,-3.1338577
221408814109000,19319000,-3.6170387
221408833610000,19501000,-3.9689612
221408853154000,19544000,-3.7650967
221408872624000,19470000,-3.501708
221408892146000,19522000,-3.2929182
221408911611000,19465000,-2.718667
221408931157000,19546000,-1.6472955
221408950633000,19476000,-0.21790028
221408970114000,19481000,0.988348
221408989594000,19480000,1.7139387
221409009273000,19679000,1.2790937
221409028622000,19349000,1.2237682
221409048119000,19497000,2.7451582
221409067623000,19504000,3.7277155
221409087140000,19517000,2.8998394
221409106854000,19714000,2.9365711
221409126220000,19366000,4.026006
221409145927000,19707000,4.03852
221409165279000,19352000,2.8790894
221409184900000,19621000,1.0837674
221409204339000,19439000,-0.21308947
221409223906000,19567000,-0.56552935
221409243445000,19539000,0.2266798
221409262708000,19263000,0.58444595
221409282609000,19901000,0.36200047
221409302219000,19610000,-0.6418905
221409321163000,18944000,-2.3236432
221409341656000,20493000,-4.103488
221409360229000,18573000,-5.266491
221409379594000,19365000,-5.7866235
221409399081000,19487000,-5.618844
221409418607000,19526000,-4.776215
221409438111000,19504000,-3.5034847
221409457651000,19540000,-1.8562875
221409477102000,19451000,-0.105153084
221409496839000,19737000,0.8072815
221409516285000,19446000,1.5401697
221409535782000,19497000,2.752287
221409555179000,19397000,3.759491
221409574864000,19685000,4.203765
221409594473000,19609000,3.9753127
221409613821000,19348000,2.047038
221409633166000,19345000,0.95751953
221409653021000,19855000,2.2325706
221409672227000,19206000,3.3456268
221409691960000,19733000,1.8446131
221409711301000,19341000,0.2446065
221409730780000,19479000,-0.39581537
221409750285000,19505000,-0.43274736
221409769686000,19401000,0.33509922
221409789448000,19762000,1.5905542
221409808742000,19294000,1.9451294
221409828466000,19724000,1.1552248
221409848061000,19595000,-0.3916607
221409867103000,19042000,-1.6580367
221409886569000,19466000,-3.1778831
221409906083000,19514000,-4.5073476
221409925583000,19500000,-4.8376336
221409945083000,19500000,-4.1827736
221409964624000,19541000,-3.093132
221409984064000,19440000,-2.4847746
221410003591000,19527000,-1.800592
221410023094000,19503000,-1.1570072
221410042602000,19508000,-0.36641502
221410062087000,19485000,0.62238693
221410081664000,19577000,1.1506014
221410101188000,19524000,0.88326454
221410120683000,19495000,1.3048592
221410140141000,19458000,2.9618769
221410159640000,19499000,3.6435566
221410179265000,19625000,3.0550847
221410198659000,19394000,3.9101067
221410218174000,19515000,4.7092986
221410237726000,19552000,3.6102118
221410257186000,19460000,1.3200521
221410276685000,19499000,-0.16872501
221410296199000,19514000,-0.967093
221410315686000,19487000,-0.6844964
221410335239000,19553000,-0.077690125
221410354889000,19650000,0.020763397
221410374536000,19647000,0.042178154
221410393818000,19282000,-1.1155205
221410414238000,20420000,-2.9484577
221410432936000,18698000,-4.2629004
221410452674000,19738000,-5.435793
221410471967000,19293000,-5.638493
221410491830000,19863000,-4.7105746
221410511115000,19285000,-3.415615
221410530259000,19144000,-2.6518817
221410549764000,19505000,-2.3412256
221410569308000,19544000,-1.1846027
221410588767000,19459000,0.5813322
221410608362000,19595000,2.1249056
221410627876000,19514000,3.070695
221410647315000,19439000,3.424982
221410667264000,19949000,4.4778137
221410686590000,19326000,5.2384105
221410705936000,19346000,4.0672193
221410725590000,19654000,2.6587934
221410745027000,19437000,2.2335868
221410764538000,19511000,3.3254356
221410783950000,19412000,2.3355155
221410803469000,19519000,0.43595982
221410823147000,19678000,-0.7773018
221410842577000,19430000,-1.4082799
221410861987000,19410000,-1.8095403
221410881460000,19473000,-0.93477774
221410901125000,19665000,0.46137333
221410920910000,19785000,1.5078878
221410939884000,18974000,0.85189056
221410959365000,19481000,-0.9095154
221410978854000,19489000,-2.721746
221410998354000,19500000,-4.124625
221411017911000,19557000,-4.8679843
221411037380000,19469000,-4.988226
221411056917000,19537000,-4.348338
221411076408000,19491000,-3.2907486
221411095903000,19495000,-1.7376466
221411115447000,19544000,-0.13049984
221411134988000,19541000,0.76039696
221411155705000,20717000,1.373251
221411173908000,18203000,1.707489
221411193498000,19590000,1.5474567
221411212954000,19456000,2.3381128
221411232547000,19593000,3.7060566
221411252023000,19476000,3.5932536
221411271470000,19447000,2.720325
221411291120000,19650000,3.4946337
221411310470000,19350000,4.343119
221411329980000,19510000,3.750533
221411349496000,19516000,2.4449234
221411369031000,19535000,1.4243035
221411388809000,19778000,0.61530924
221411408557000,19748000,0.120895386
221411427884000,19327000,-0.2399807
221411447160000,19276000,-0.6879101
221411466671000,19511000,-1.0226994
221411486153000,19482000,-1.2733846
221411505704000,19551000,-2.2553444
221411525238000,19534000,-3.616549
221411544605000,19367000,-4.3931694
221411564323000,19718000,-5.096151
221411583648000,19325000,-5.051143
221411603425000,19777000,-3.92693
221411622882000,19457000,-2.7953162
221411642458000,19576000,-1.7325368
221411661668000,19210000,-0.8970146
221411681136000,19468000,0.08981228
221411700723000,19587000,0.66435623
221411720222000,19499000,1.5434303
221411739972000,19750000,3.0802145
221411759139000,19167000,4.4184237
221411779051000,19912000,5.0300255
221411798204000,19153000,3.7158074
221411817904000,19700000,2.4571643
221411837195000,19291000,2.7614355
221411856869000,19674000,4.125782
221411876602000,19733000,3.9257507
221411896043000,19441000,1.8010821
221411915449000,19406000,0.016126633
221411934715000,19266000,-1.0196319
221411954288000,19573000,-1.2794104
221411973761000,19473000,-0.3682003
221411993441000,19680000,1.0165005
221412012585000,19144000,1.2009497
221412032244000,19659000,0.40275288
221412051608000,19364000,-1.295927
221412071085000,19477000,-2.857305
221412090650000,19565000,-4.144219
221412110190000,19540000,-5.32568
221412129622000,19432000,-5.421068
221412149232000,19610000,-4.6554594
221412168653000,19421000,-3.5239048
221412188140000,19487000,-2.2349114
221412207642000,19502000,-1.1531773
221412227202000,19560000,-0.58883286
221412246650000,19448000,0.5232887
221412266155000,19505000,1.5232248
221412285673000,19518000,1.136282
221412305156000,19483000,1.0941925
221412324689000,19533000,2.5548353
221412344165000,19476000,3.7274208
221412363772000,19607000,3.0905228
221412383209000,19437000,3.701962
221412402680000,19471000,5.173253
221412422410000,19730000,5.0097632
221412441849000,19439000,3.6317468
221412461656000,19807000,1.6880698
221412480899000,19243000,0.18002033
221412500298000,19399000,-0.8689065
221412519856000,19558000,-1.5083017
221412539376000,19520000,-1.5159292
221412558824000,19448000,-1.2430367
221412578480000,19656000,-1.2143173
221412597892000,19412000,-1.782578
221412617618000,19726000,-2.5944858
221412636932000,19314000,-3.375513
221412656376000,19444000,-4.177998
221412675810000,19434000,-4.423723
221412695293000,19483000,-3.975945
221412715076000,19783000,-3.004682
221412734493000,19417000,-2.3551702
221412753761000,19268000,-1.8201356
221412773297000,19536000,-1.3455505
221412792812000,19515000,-0.593626
221412812194000,19382000,0.2928629
221412831740000,19546000,1.1141071
221412851219000,19479000,2.3391075
221412870930000,19711000,3.5370579
221412890347000,19417000,4.371945
221412909739000,19392000,3.7617474
221412929248000,19509000,3.9963207
221412948818000,19570000,5.662501
221412968281000,19463000,5.7295513
221412987731000,19450000,4.0412216
221413007366000,19635000,1.6298966
221413026753000,19387000,-0.92597675
221413046265000,19512000,-2.5865073
221413065765000,19500000,-2.5363698
221413085325000,19560000,-1.2215867
221413104776000,19451000,-0.21664906
221413124782000,20006000,-0.6009865
221413143775000,18993000,-1.6348281
221413163278000,19503000,-2.9468484
221413182780000,19502000,-3.6886983
221413202310000,19530000,-4.25834
221413221817000,19507000,-4.3461914
221413241308000,19491000,-4.1417117
221413260819000,19511000,-3.7205944
221413280317000,19498000,-3.141131
221413299831000,19514000,-2.0993814
221413319336000,19505000,-0.9639168
221413338861000,19525000,0.2970171
221413358405000,19544000,1.2917957
221413378017000,19612000,2.010375
221413397487000,19470000,2.594243
221413416884000,19397000,3.2810345
221413436412000,19528000,3.9261432
221413455966000,19554000,3.658032
221413475416000,19450000,2.6223063
221413494941000,19525000,2.9203668
221413514433000,19492000,3.3815708
221413534044000,19611000,2.7032428
221413553669000,19625000,1.6541004
221413573244000,19575000,1.0052805
221413592769000,19525000,0.13164377
221413612172000,19403000,-0.057774067
221413631892000,19720000,0.1577692
221413651160000,19268000,0.3105688
221413670606000,19446000,-0.22340202
221413690179000,19573000,-1.3027787
221413709675000,19496000,-2.3081899
221413729419000,19744000,-3.4638715
221413748605000,19186000,-4.0180616
221413768132000,19527000,-4.406067
221413787662000,19530000,-4.0490127
221413807238000,19576000,-3.4223385
221413826682000,19444000,-2.6398902
221413846346000,19664000,-1.6438031
221413865610000,19264000,-1.1094704
221413885466000,19856000,-0.44562435
221413904745000,19279000,0.89283276
221413924186000,19441000,2.2083578
221413943807000,19621000,3.1848946
221413963254000,19447000,3.6959743
221413982780000,19526000,3.768865
221414002143000,19363000,3.0485053
221414021704000,19561000,3.173358
221414041169000,19465000,4.3291783
221414061511000,20342000,4.3257003
221414080198000,18687000,2.8240275
221414099701000,19503000,1.0464449
221414119102000,19401000,-0.58146715
221414138609000,19507000,-1.3639288
221414158109000,19500000,-0.16107178
221414177593000,19484000,0.874053
221414197100000,19507000,0.96692276
221414216602000,19502000,-0.5820141
221414236131000,19529000,-1.8693762
221414255623000,19492000,-3.042385
221414275228000,19605000,-3.8848224
221414294663000,19435000,-4.314911
221414314168000,19505000,-4.5956907
221414333703000,19535000,-4.2056413
221414353244000,19541000,-3.5630798
221414372666000,19422000,-2.6673288
221414392280000,19614000,-1.7484231
221414411694000,19414000,-0.31319523
221414431207000,19513000,0.29186153
221414451111000,19904000,0.90252876
221414470271000,19160000,1.2946472
221414489922000,19651000,1.6700459
221414509297000,19375000,2.6304388
221414528995000,19698000,3.0555553
221414548398000,19403000,2.8984323
221414567810000,19412000,3.0331912
221414587404000,19594000,3.74165
221414607058000,19654000,3.220066
221414626348000,19290000,2.5412884
221414646171000,19823000,2.0869336
221414665431000,19260000,1.1541629
221414684847000,19416000,0.41753817
221414704592000,19745000,-0.11737442
221414723850000,19258000,-0.01864624
221414743496000,19646000,-0.15984249
221414762878000,19382000,-0.5504799
221414782567000,19689000,-1.3363442
221414801982000,19415000,-2.758926
221414821525000,19543000,-3.9882994
221414840933000,19408000,-4.6163116
221414860629000,19696000,-4.6750216
221414879914000,19285000,-3.8538632
221414899756000,19842000,-2.8366675
221414919637000,19881000,-2.1582003
221414938435000,18798000,-1.8631101
221414957992000,19557000,-1.4722047
221414977404000,19412000,-0.83909607
221414996874000,19470000,0.50775814
221415016360000,19486000,2.138175
221415035916000,19556000,3.6975613
221415055388000,19472000,4.044544
221415074881000,19493000,3.301775
221415094413000,19532000,3.0099325
221415113935000,19522000,3.4666934
221415133413000,19478000,4.321275
221415153131000,19718000,3.883686
221415172484000,19353000,2.422419
221415192258000,19774000,1.143198
221415211393000,19135000,0.5514765
221415230931000,19538000,-0.28690434
221415250415000,19484000,-0.23247719
221415269904000,19489000,0.38030338
221415289438000,19534000,0.41244602
221415309419000,19981000,-0.37658024
221415328493000,19074000,-1.594131
221415347997000,19504000,-2.6213984
221415367528000,19531000,-3.567535
221415386980000,19452000,-4.235751
221415406489000,19509000,-4.697652
221415425992000,19503000,-4.5658464
221415445462000,19470000,-3.9137387
221415464993000,19531000,-2.950027
221415484565000,19572000,-2.0006232
221415504240000,19675000,-1.0106907
221415524114000,19874000,-0.023493767
221415543457000,19343000,0.9308548
221415562643000,19186000,1.4401264
221415582389000,19746000,1.7639103
221415601735000,19346000,3.0391932
221415621499000,19764000,3.8194408
221415641067000,19568000,3.5965462
221415660080000,19013000,3.2055402
221415680497000,20417000,3.6135783
221415699459000,18962000,3.748703
221415718976000,19517000,2.8024411
221415738057000,19081000,1.6394897
221415757856000,19799000,0.43180132
221415777026000,19170000,-0.5429702
221415796730000,19704000,-1.1258535
221415816078000,19348000,-1.5154257
221415835595000,19517000,-0.76265526
221415855088000,19493000,-0.27397346
221415874678000,19590000,-0.7488537
221415894196000,19518000,-2.3141074
221415913859000,19663000,-3.5660558
221415933306000,19447000,-4.194175
221415952746000,19440000,-4.2713385
221415972235000,19489000,-3.6410127
221415991716000,19481000,-2.9715457
221416011462000,19746000,-2.7595067
221416030731000,19269000,-2.2426758
221416050270000,19539000,-1.6530766
221416069751000,19481000,-0.900589
221416089387000,19636000,0.43001842
221416108846000,19459000,2.5596247
221416128610000,19764000,4.3112364
221416147773000,19163000,4.9062696
221416167354000,19581000,4.1996083
221416186832000,19478000,3.750359
221416208039000,21207000,4.617686
221416225692000,17653000,5.9619956
221416245274000,19582000,5.08926
221416264701000,19427000,2.783461
221416284198000,19497000,0.7878504
221416303799000,19601000,-0.51058626
221416323241000,19442000,-0.8723726
221416342755000,19514000,-0.13309479
221416362274000,19519000,0.66692066
221416381792000,19518000,0.56351376
221416401251000,19459000,-0.22166824
221416420859000,19608000,-1.7185388
221416440237000,19378000,-3.3262167
221416459748000,19511000,-4.5407248
221416479274000,19526000,-4.954106
221416498775000,19501000,-4.8865976
221416518474000,19699000,-4.581895
221416538328000,19854000,-4.112786
221416557562000,19234000,-4.2090783
221416576914000,19352000,-3.377028
221416596530000,19616000,-1.7907696
221416616020000,19490000,0.006749153
221416635637000,19617000,1.0310822
221416655080000,19443000,1.04072
221416674753000,19673000,0.73323154
221416693966000,19213000,1.6272573
221416713473000,19507000,3.1762342
221416733070000,19597000,3.703899
221416752561000,19491000,3.1249719
221416772290000,19729000,3.3090162
221416791512000,19222000,3.697063
221416810998000,19486000,3.8067393
221416830533000,19535000,3.1394782
221416850103000,19570000,2.2522922
221416869554000,19451000,0.9964495
221416891527000,21973000,-0.060330868
221416910962000,19435000,-0.9122987
221416930362000,19400000,-1.3198061
221416949872000,19510000,-1.0811572
221416969437000,19565000,-0.7796831
221416988875000,19438000,-1.5933309
221417008376000,19501000,-2.6717448
221417028025000,19649000,-3.7597003
221417047482000,19457000,-4.4119186
221417067122000,19640000,-4.623775
221417086521000,19399000,-4.220336
221417106047000,19526000,-3.084118
221417125597000,19550000,-2.15343
221417145149000,19552000,-1.2007866
221417164593000,19444000,-0.5190096
221417184254000,19661000,0.19213581
221417203607000,19353000,1.4009142
221417223000000,19393000,2.7526836
221417242668000,19668000,3.7774715
221417262081000,19413000,4.2525196
221417281715000,19634000,3.266533
221417300904000,19189000,2.974544
221417320486000,19582000,4.26868
221417339895000,19409000,5.555092
221417359407000,19512000,5.0686197
221417378944000,19537000,3.3062358
221417398457000,19513000,1.2460957
221417417921000,19464000,-0.2838025
221417437519000,19598000,-1.046834
221417456895000,19376000,-0.91621065
221417476397000,19502000,-0.39746284
221417495934000,19537000,-0.20601368
221417515400000,19466000,-0.7518368
221417534919000,19519000,-1.5661435
221417554430000,19511000,-2.2969847
221417574045000,19615000,-3.0728269
221417593956000,19911000,-3.6781807
221417612955000,18999000,-4.054541
221417632457000,19502000,-3.7576427
221417652076000,19619000,-3.686283
221417671505000,19429000,-3.5735073
221417691541000,20036000,-3.2841778
221417710694000,19153000,-2.6346045
221417730220000,19526000,-1.2631874
221417749736000,19516000,-0.2868948
221417769222000,19486000,0.40155506
221417788704000,19482000,0.65934944
221417808179000,19475000,0.4963112
221417830121000,21942000,1.2872982
221417849585000,19464000,1.8684363
221417868996000,19411000,1.9262943
221417888537000,19541000,3.67702
221417907999000,19462000,5.947833
221417927510000,19511000,6.3977685
221417947107000,19597000,5.6927705
221417966543000,19436000,4.021405
221417986185000,19642000,2.0127935
221418005721000,19536000,0.20522976
221418025151000,19430000,-0.954906
221418044658000,19507000,-0.94197035
221418064421000,19763000,-0.72214365
221418083810000,19389000,-1.0276532
221418103080000,19270000,-1.213964
221418122576000,19496000,-1.2516255
221418142054000,19478000,-1.5721717
221418161604000,19550000,-2.0730066
221418181138000,19534000,-2.5387564
221418200794000,19656000,-2.908832
221418220220000,19426000,-3.2208362
221418240044000,19824000,-3.071094
221418259292000,19248000,-2.7118654
221418278758000,19466000,-2.125136
221418298187000,19429000,-2.0039887
221418317699000,19512000,-1.7014222
221418337202000,19503000,-1.0889683
221418356602000,19400000,-0.5753956
221418376222000,19620000,0.19736958
221418395609000,19387000,0.55134106
221418415105000,19496000,0.57573223
221418434711000,19606000,0.30250168
221418454165000,19454000,0.24310827
221418473655000,19490000,0.89142656
221418493171000,19516000,1.4977045
221418512651000,19480000,1.7346983
221418532154000,19503000,0.739593
221418551652000,19498000,1.098125
221418571177000,19525000,2.5430202
221418590705000,19528000,4.3670015
221418610171000,19466000,5.306977
221418629685000,19514000,4.7112703
221418649346000,19661000,2.9612403
221418668733000,19387000,1.4741979
221418688232000,19499000,0.61415625
221418708150000,19918000,0.13356686
221418727362000,19212000,-0.07436752
221418746818000,19456000,0.4747839
221418766397000,19579000,0.52367496
221418785925000,19528000,0.09829044
221418805951000,20026000,-0.8345432
221418824814000,18863000,-1.6561341
221418844475000,19661000,-1.9222484
221418863874000,19399000,-1.3037767
221418883583000,19709000,-0.6212244
221418902880000,19297000,-0.4867277
221418922530000,19650000,-0.86153126
221418941981000,19451000,-0.7710123
221418961706000,19725000,-0.33228207
221418980941000,19235000,0.20103455
221419000408000,19467000,0.71048546
221419020363000,19955000,1.1921015
221419039518000,19155000,0.83496857
221419059656000,20138000,0.4010105
221419078530000,18874000,-0.15335464
221419098065000,19535000,-0.5248003
221419117441000,19376000,-0.5426302
221419137144000,19703000,-0.3796358
221419156491000,19347000,-0.62841606
221419176342000,19851000,-0.7704334
221419195564000,19222000,-0.9755249
221419215304000,19740000,-1.0307312
221419234492000,19188000,-0.7993183
221419253923000,19431000,-0.56623745
221419273587000,19664000,-0.1571436
221419292920000,19333000,-0.088207245
221419312714000,19794000,-0.16728306
221419331914000,19200000,-0.5483942
221419351617000,19703000,-0.36999035
221419370911000,19294000,-0.09289646
221419390686000,19775000,0.014126778
221419409978000,19292000,-0.18430138
221419429338000,19360000,-0.3826971
221419448833000,19495000,-0.3711958
221419468281000,19448000,-0.26533794
221419487775000,19494000,-0.5634155
221419507310000,19535000,-0.92068195
221419526919000,19609000,-0.95372486
221419546281000,19362000,-0.50867844
221419565818000,19537000,-0.19757557
221419585308000,19490000,0.01850605
221419604792000,19484000,-0.09007549
221419624299000,19507000,-0.3128395
221419643844000,19545000,-0.53527355
221419663306000,19462000,-0.68116
221419682850000,19544000,-0.27178383
221419702310000,19460000,-0.20738983
221419721831000,19521000,-0.085739136
221419741320000,19489000,-0.2900505
221419760828000,19508000,-0.1310234
221419780390000,19562000,0.02716732
221419799913000,19523000,0.4906397
221419819639000,19726000,0.41616726
221419838964000,19325000,0.4925413
221419858617000,19653000,0.39331722
221419877897000,19280000,0.27100658
221419897697000,19800000,0.20151043
221419917446000,19749000,0.29951382
221419936695000,19249000,0.18222809
221419956045000,19350000,0.0031394958
221419975537000,19492000,0.10750866
221419995031000,19494000,0.113033295
221420014631000,19600000,-0.30504417
221420033983000,19352000,-0.57102394
221420053537000,19554000,-0.28159618
221420073086000,19549000,-0.0101213455
221420092527000,19441000,0.26361942
221420112191000,19664000,0.15719795
221420131475000,19284000,0.379344
221420150942000,19467000,0.5466795
221420170558000,19616000,0.6967974
221420190029000,19471000,0.3881092
221420209515000,19486000,0.3856058
221420228980000,19465000,0.47754955
221420248613000,19633000,0.011874199
221420267952000,19339000,-0.49461365
221420288213000,20261000,-0.8697076
221420307134000,18921000,-0.95882845
221420326661000,19527000,-0.87561846
221420345949000,19288000,-0.4841938
221420365826000,19877000,-0.22328377
221420385015000,19189000,0.1379795
221420404496000,19481000,0.063939095
221420424237000,19741000,0.56960964
221420443546000,19309000,0.73441505
221420463084000,19538000,0.6335726
221420482415000,19331000,-0.0029802322
221420501986000,19571000,-0.4490986
221420521409000,19423000,-0.66763306
221420540985000,19576000,-0.6972246
221420560448000,19463000,-0.7672353
221420580002000,19554000,-0.32122612
221420599434000,19432000,0.25885677
221420618990000,19556000,0.22687912
221420638454000,19464000,-0.052947044
221420657930000,19476000,-0.27427578
221420677432000,19502000,0.252141
221420696996000,19564000,0.6065645
221420716438000,19442000,0.2712717
221420735974000,19536000,-0.0074882507
221420755829000,19855000,-0.058055878
221420774976000,19147000,-0.37877274
221420794474000,19498000,-0.1461029
221420814006000,19532000,0.19973278
221420833490000,19484000,0.027103424
221420852992000,19502000,0.025910378
221420872513000,19521000,0.29218197
221420892011000,19498000,1.0941658
221420911494000,19483000,0.24813938
221420931123000,19629000,-0.46509933
221420950564000,19441000,-0.7393422
221420970025000,19461000,-0.76582575
221420989511000,19486000,0.26078892
221421009035000,19524000,1.2497311
221421028680000,19645000,0.07541561
221421048031000,19351000,0.9322195
221421067588000,19557000,-0.50923157
221421087056000,19468000,-0.91678
221421106556000,19500000,-1.209804
221421126175000,19619000,-0.35323906
221421145583000,19408000,0.389966
221421165265000,19682000,0.61855507
221421184601000,19336000,0.16025257
221421204067000,19466000,-0.39159393
221421223602000,19535000,-0.6545181
221421243258000,19656000,-0.24580765
221421262598000,19340000,0.3555336
221421282075000,19477000,0.3832693
221421301609000,19534000,0.0668478
221421321076000,19467000,-0.19213867
221421340679000,19603000,-0.43253994
221421360167000,19488000,-0.61628914
221421379604000,19437000,-0.3792925
221421399111000,19507000,0.16398811
221421418626000,19515000,0.5351248
221421438289000,19663000,0.33195877
221421457725000,19436000,0.14784336
221421477527000,19802000,-0.075258255
221421496772000,19245000,-0.1463108
221421516302000,19530000,-0.16134357
221421535750000,19448000,0.013757706
221421555544000,19794000,-0.38694954
221421574741000,19197000,-0.52027607
221421594596000,19855000,-0.38568115
221421613798000,19202000,-0.07823753
221421633265000,19467000,-0.15273476
221421653075000,19810000,0.023374557
221421672367000,19292000,-0.009577751
221421691944000,19577000,-0.17502213
221421711298000,19354000,-0.109357834
221421731056000,19758000,0.22548294
221421750281000,19225000,0.13946533
221421769788000,19507000,0.11098862
221421789368000,19580000,-0.09033775
221421808995000,19627000,-0.1585207
221421828378000,19383000,-0.13212681
221421848208000,19830000,-0.08781433
221421867209000,19001000,0.0320282
221421887002000,19793000,0.18922329
221421906191000,19189000,0.13489914
221421925757000,19566000,-0.07349014
221421945215000,19458000,-0.033727646
221421964707000,19492000,0.2542181
221421984284000,19577000,0.17746735
221422003733000,19449000,-0.12989426
221422023236000,19503000,-0.18902206
221422042714000,19478000,0.076833725
221422062290000,19576000,0.16989803
221422081737000,19447000,0.09037113
221422101238000,19501000,-0.008428574
221422120755000,19517000,0.10337353
221422140361000,19606000,-0.014737129
221422159890000,19529000,0.02034378
221422179355000,19465000,-0.0020303726
221422199005000,19650000,-0.04349804
221422218422000,19417000,-0.16142178
221422237937000,19515000,-0.010910034
221422257443000,19506000,-0.39624023
221422277039000,19596000,-0.32118416
221422296437000,19398000,-0.14935493
221422316214000,19777000,0.13876343
221422335424000,19210000,0.21762466
221422354873000,19449000,0.08714199
221422374464000,19591000,-0.08064842
221422393981000,19517000,0.020248413
221422413472000,19491000,-0.22347069
221422432923000,19451000,0.4137411
221422452560000,19637000,0.38018227
221422471912000,19352000,-0.056352615
221422491531000,19619000,-0.26417446
221422510965000,19434000,-0.16682434
221422530614000,19649000,-0.14726543
221422549917000,19303000,-0.12850952
221422569717000,19800000,0.004753113
221422589620000,19903000,-0.091840744
221422608454000,18834000,0.27151966
221422628138000,19684000,0.15644264
221422647547000,19409000,0.15660286
221422667034000,19487000,0.21430588
221422686500000,19466000,-0.05381775
221422706314000,19814000,-0.054276466
221422725534000,19220000,-0.41920662
221422744986000,19452000,-0.24827671
221422764535000,19549000,-0.11574364
221422784187000,19652000,-0.040307045
221422803470000,19283000,-0.1365223
221422823348000,19878000,-0.040174484
221422842561000,19213000,0.22960758
221422862601000,20040000,0.0024757385
221422881714000,19113000,-0.22392845
221422900968000,19254000,-0.12422085
221422920421000,19453000,0.24398136
221422939947000,19526000,0.36334896
221422959543000,19596000,-0.11118317
221422978936000,19393000,-0.14568806
221422998462000,19526000,-0.027709961
221423017985000,19523000,-0.02545166
221423037480000,19495000,-0.081376076
221423056983000,19503000,-0.022966385
221423076528000,19545000,0.035019875
221423095968000,19440000,0.16934013
221423115475000,19507000,0.016141891
221423134988000,19513000,0.16917133
221423154519000,19531000,-0.08031654
221423173995000,19476000,-0.25351906
221423193502000,19507000,0.14761162
221423213080000,19578000,0.012299538
221423232513000,19433000,-0.16132927
221423252035000,19522000,-0.0858593
221423271552000,19517000,0.2771368
221423291109000,19557000,0.2573309
221423310548000,19439000,0.10360336
221423330465000,19917000,0.1221571
221423349733000,19268000,0.025436401
221423369165000,19432000,-0.35912514
221423388761000,19596000,-0.05469513
221423408270000,19509000,0.24939823
221423427755000,19485000,0.055379868
221423447485000,19730000,-0.21525383
221423466833000,19348000,-0.25593758
221423486280000,19447000,-0.009033203
221423505802000,19522000,0.08516312
221423525245000,19443000,0.045963287
221423544905000,19660000,0.06492996
221423564349000,19444000,0.00786972
221423584053000,19704000,0.027856827
221423603455000,19402000,-0.6222596
221423623153000,19698000,-0.14202118
221423642397000,19244000,0.08967209
221423661830000,19433000,-0.118494034
221423681305000,19475000,0.05717373
221423700750000,19445000,0.19522667
221423720273000,19523000,-0.16420555
221423739773000,19500000,-0.04455185
221423759385000,19612000,-0.17385674
221423778674000,19289000,0.15641975
221423798266000,19592000,0.21835709
221423817720000,19454000,0.31823063
221423837172000,19452000,0.6855526
221423856793000,19621000,0.53449345
221423883722000,26929000,-0.041207314
221423903380000,19658000,-0.04459381
221423922505000,19125000,-0.012169838
221423942132000,19627000,-0.0972147
221423961485000,19353000,-0.27999496
221423980975000,19490000,-0.17675209
221424000480000,19505000,-0.2079773
221424020094000,19614000,0.20182037
221424039488000,19394000,0.6319666
221424059037000,19549000,0.5272541
221424078542000,19505000,0.13644028
221424098062000,19520000,-0.062143326
221424117601000,19539000,-0.030647278
221424137184000,19583000,0.1349144
221424156579000,19395000,0.45362377
221424176100000,19521000,-0.4153471
221424195659000,19559000,-0.88221216
221424222836000,27177000,-0.33407784
221424244392000,21556000,0.2540636
221424263861000,19469000,0.3658247
221424283417000,19556000,0.020702362
221424302931000,19514000,-0.22608948
221424325807000,22876000,0.04717827
221424342145000,16338000,0.24464321
221424361418000,19273000,0.0025291443
221424380922000,19504000,-0.14338303
221424400441000,19519000,-0.097826004
221424420004000,19563000,0.10055351
221424439539000,19535000,-0.008146286
221424458974000,19435000,-0.021852493
221424478750000,19776000,0.059327126
221424498030000,19280000,0.1395855
221424517546000,19516000,-0.14503288
221424537067000,19521000,-0.25819778
221424556624000,19557000,0.08754349
221424576063000,19439000,0.68171597
221424595612000,19549000,0.7007246
221424615121000,19509000,-0.23880959
221424634710000,19589000,-0.81567526
221424654097000,19387000,-0.7233491
221424673615000,19518000,-0.2102089
221424693130000,19515000,0.43739223
221424712735000,19605000,0.58811283
221424732154000,19419000,0.26124
221424751644000,19490000,0.10764122
221424771245000,19601000,-0.44782066
221424790694000,19449000,-0.56274414
221424810211000,19517000,-0.31369972
221424830001000,19790000,0.2230711
221424849274000,19273000,0.5690384
221424871222000,21948000,0.6669302
221424891023000,19801000,0.43928623
221424910188000,19165000,-0.26797962
221424934082000,23894000,-0.28779507
221424951695000,17613000,-0.23223686
221424971294000,19599000,0.07093811
221424990661000,19367000,0.08590317
221425010144000,19483000,-0.24437332
221425029660000,19516000,-0.4789362
221425049210000,19550000,-0.176754
221425068775000,19565000,-0.0459404
221425088188000,19413000,0.20125484
221425107697000,19509000,0.22025776
221425127206000,19509000,0.20244408
221425146775000,19569000,0.032474518
221425166247000,19472000,0.15033817
221425185906000,19659000,0.095840454
221425205257000,19351000,-0.13145638
221425224791000,19534000,-0.34028912
221425244310000,19519000,-0.16675568
221425263946000,19636000,-0.24269867
221425283316000,19370000,-0.01228714
221425303032000,19716000,-0.39450455
221425322330000,19298000,-0.37386894
221425341925000,19595000,-0.16066742
221425361383000,19458000,-0.022731781
221425380980000,19597000,-0.0556221
221425400507000,19527000,0.14282036
221425419987000,19480000,0.20839024
221425439452000,19465000,-0.5297375
221425459032000,19580000,-0.5396657
221425478927000,19895000,0.3700018
