332435961771000,19433000,-0.44183254
332435981274000,19503000,-0.13474369
332436000732000,19458000,0.15440464
332436020490000,19758000,0.426013
332436039689000,19199000,0.25848675
332436059136000,19447000,0.13023186
332436078606000,19470000,0.28954983
332436098092000,19486000,0.44839954
332436117607000,19515000,-0.026000023
332436137018000,19411000,-0.0041570663
332436156603000,19585000,-0.09932423
332436176008000,19405000,0.2248373
332436195613000,19605000,0.20233822
332436214900000,19287000,0.17825031
332436234428000,19528000,0.037809372
332436253862000,19434000,-0.0080423355
332436273449000,19587000,0.04095745
332436292773000,19324000,-0.044633865
332436312250000,19477000,0.06114292
332436331868000,19618000,-0.19680882
332436351966000,20098000,-0.16691685
332436370673000,18707000,-0.04030323
332436390289000,19616000,-0.16139317
332436409612000,19323000,-0.12771606
332436429103000,19491000,-0.09231186
332436448583000,19480000,-0.11256409
332436468105000,19522000,-0.07355976
332436487536000,19431000,-0.1478033
332436506992000,19456000,-0.16306973
332436526532000,19540000,-0.004611969
332436546047000,19515000,0.0208807
332436565487000,19440000,0.04718113
332436584913000,19426000,-0.09844208
332436604359000,19446000,-0.20563793
332436623857000,19498000,-0.17887783
332436643441000,19584000,0.05834484
332436662794000,19353000,-0.0686388
332436682309000,19515000,0.05304718
332436701768000,19459000,-0.11297703
332436721262000,19494000,0.218503
332436740735000,19473000,0.16631031
332436760220000,19485000,0.09419155
332436779760000,19540000,0.021092415
332436799170000,19410000,-0.01483345
332436818593000,19423000,-0.032788277
332436838210000,19617000,0.23541927
332436857623000,19413000,0.042925835
332436877490000,19867000,0.11760807
332436896584000,19094000,0.057406425
332436915978000,19394000,-0.06101322
332436935433000,19455000,-0.02682209
332436954889000,19456000,0.06441593
332436974537000,19648000,-0.036075592
332436993873000,19336000,-0.13651371
332437013363000,19490000,0.08891773
332437032789000,19426000,-0.010808945
332437052299000,19510000,-0.014182091
332437071750000,19451000,-0.016910553
332437091255000,19505000,0.057637215
332437110866000,19611000,-0.03956127
332437130178000,19312000,-0.0021276474
332437149648000,19470000,0.016635895
332437169119000,19471000,-0.117427826
332437188629000,19510000,-0.059612274
332437208114000,19485000,0.07512951
332437227657000,19543000,-5.350113E-4
332437247153000,19496000,-0.037672997
332437266603000,19450000,-0.112971306
332437286185000,19582000,-0.13069248
332437305542000,19357000,0.004948616
332437325509000,19967000,0.025871277
332437344539000,19030000,0.046967506
332437364118000,19579000,0.029904366
332437383587000,19469000,-0.044576645
332437403286000,19699000,-0.080801964
332437422494000,19208000,-0.02137661
332437441949000,19455000,-0.019534111
332437461599000,19650000,0.11626816
332437481042000,19443000,-0.03536606
332437500508000,19466000,-0.07225132
332437519845000,19337000,-0.16678333
332437539479000,19634000,0.006702423
332437558797000,19318000,0.2376051
332437578364000,19567000,0.06626606
332437597847000,19483000,-0.20092869
332437617536000,19689000,-0.008605003
332437636948000,19412000,0.068629265
332437656153000,19205000,-0.0841074
332437675734000,19581000,0.06951809
332437695024000,19290000,-0.045075417
332437714946000,19922000,0.012663841
332437734175000,19229000,-0.04455471
332437753563000,19388000,0.07059193
332437773044000,19481000,-0.044112206
332437792436000,19392000,0.032710075
332437811992000,19556000,0.10950756
332437831434000,19442000,0.18623066
332437851100000,19666000,0.12868786
332437870366000,19266000,-0.08242321
332437889826000,19460000,-0.04501152
332437909478000,19652000,-0.14216709
332437928755000,19277000,-0.16305256
332437948428000,19673000,0.026619911
332437967725000,19297000,0.120654106
332437987334000,19609000,0.02344799
332438006649000,19315000,0.19472027
332438026423000,19774000,0.2896223
332438045686000,19263000,0.19301224
332438065034000,19348000,0.115273476
332438084525000,19491000,-0.11627865
332438103948000,19423000,-0.32940578
332438123560000,19612000,-0.21756458
332438142947000,19387000,-0.08684254
332438162462000,19515000,0.12065601
332438181878000,19416000,-0.16930485
332438201574000,19696000,-0.07541561
332438220815000,19241000,-0.17215824
332438240292000,19477000,0.057738304
332438259789000,19497000,0.039696693
332438279251000,19462000,0.15668869
332438298774000,19523000,-0.08949852
332438318286000,19512000,-0.06708431
332438337830000,19544000,-0.0061588287
332438357269000,19439000,-0.021830559
332438376651000,19382000,0.096455574
332438396099000,19448000,-0.111102104
332438415598000,19499000,-0.050828934
332438435084000,19486000,-0.22073841
332438454559000,19475000,-0.1419096
332438474041000,19482000,-0.10147762
332438493507000,19466000,-0.2524538
332438512964000,19457000,0.056599617
332438532447000,19483000,0.21292019
332438551898000,19451000,0.2547903
332438571420000,19522000,0.086211205
332438591228000,19808000,-0.04418087
332438610581000,19353000,0.09309101
332438629858000,19277000,0.17216969
332438649699000,19841000,0.3077526
332438668911000,19212000,0.53798103
332438688322000,19411000,0.26877117
332438708034000,19712000,0.20840359
332438727560000,19526000,0.16511345
332438746838000,19278000,0.13887024
332438766176000,19338000,0.053131104
332438786034000,19858000,-0.09197521
332438805245000,19211000,-0.41068172
332438824667000,19422000,-0.5767431
332438844323000,19656000,-0.30193615
332438863610000,19287000,-0.14061928
332438883237000,19627000,-0.03439045
332438902566000,19329000,0.13221073
332438922350000,19784000,0.3019848
332438941797000,19447000,0.2830038
332438961583000,19786000,-0.021065712
332438980586000,19003000,-0.26638508
332439000009000,19423000,-0.47265434
332439019531000,19522000,-0.6976118
332439038912000,19381000,-0.7496109
332439058454000,19542000,-0.57067394
332439077900000,19446000,-0.3133812
332439097257000,19357000,-0.07294369
332439116801000,19544000,-0.11716938
332439136153000,19352000,0.013418198
332439155621000,19468000,0.14602566
332439175092000,19471000,-0.06482887
332439194641000,19549000,0.16531849
332439214447000,19806000,0.14610195
332439233550000,19103000,-0.14256191
332439252997000,19447000,-0.20327473
332439272618000,19621000,-0.07470131
332439291934000,19316000,-0.3506403
332439311409000,19475000,-0.2264452
332439330889000,19480000,0.04927826
332439350376000,19487000,0.45779324
332439369851000,19475000,0.40555668
332439389324000,19473000,0.29470062
332439409235000,19911000,0.5653801
332439428694000,19459000,0.48935223
332439447867000,19173000,0.6790867
332439467400000,19533000,0.48273468
332439486792000,19392000,0.24468899
332439506326000,19534000,0.17535686
332439525770000,19444000,-0.10814953
332439545429000,19659000,-0.31809902
332439564707000,19278000,-0.26183796
332439584509000,19802000,-0.22566319
332439603812000,19303000,-0.30384827
332439623113000,19301000,-0.054652214
332439642918000,19805000,0.27390957
332439662066000,19148000,0.4141817
332439681611000,19545000,0.44285202
332439700988000,19377000,0.26362896
332439720486000,19498000,-0.2008543
332439740067000,19581000,-0.24265766
332439759515000,19448000,-0.551775
332439778989000,19474000,-0.53449726
332439798789000,19800000,-0.51609135
332439817946000,19157000,-0.59185505
332439837899000,19953000,-0.74180984
332439857045000,19146000,-0.23772526
332439876324000,19279000,-0.18997669
332439895772000,19448000,0.1103344
332439915273000,19501000,0.2606783
332439934833000,19560000,0.6624861
332439954197000,19364000,0.64403915
332439973896000,19699000,0.20385647
332439993265000,19369000,-0.21915913
332440012584000,19319000,-0.6261368
332440032087000,19503000,-0.5961304
332440051622000,19535000,-0.33948135
332440071113000,19491000,-0.06602383
332440090624000,19511000,0.11026859
332440109973000,19349000,-0.11629391
332440129532000,19559000,0.17414284
332440149033000,19501000,0.1773529
332440168423000,19390000,-0.106656075
332440187861000,19438000,-0.29490376
332440207291000,19430000,-0.42572308
332440226786000,19495000,-0.3840189
332440246310000,19524000,-0.4184246
332440265810000,19500000,-0.3560953
332440285168000,19358000,-0.19660473
332440304662000,19494000,-0.13112545
332440324113000,19451000,-0.044635773
332440343605000,19492000,0.12020016
332440363065000,19460000,0.22890186
332440382577000,19512000,0.43407345
332440402059000,19482000,0.46669865
332440421500000,19441000,0.72798157
332440441251000,19751000,0.7187805
332440461250000,19999000,-0.02179432
332440480023000,18773000,-0.72803974
332440499568000,19545000,-0.3086481
332440518999000,19431000,0.08786392
332440538508000,19509000,0.615736
332440558066000,19558000,0.96938705
332440577432000,19366000,1.3216095
332440596869000,19437000,1.1549253
332440616462000,19593000,0.14288616
332440635812000,19350000,-0.6999626
332440655560000,19748000,-1.2397714
332440674674000,19114000,-1.4750628
332440694178000,19504000,-1.1357641
332440713656000,19478000,-0.7171631
332440733097000,19441000,-0.082613945
332440752582000,19485000,0.36748505
332440772067000,19485000,0.44226074
332440791558000,19491000,0.6966286
332440811076000,19518000,0.68855476
332440830470000,19394000,0.28176594
332440849971000,19501000,0.06779957
332440869540000,19569000,0.06380749
332440889177000,19637000,-0.21051884
332440908488000,19311000,-0.27712917
332440928150000,19662000,-0.51934814
332440947873000,19723000,-0.094049454
332440967247000,19374000,0.061021805
332440986479000,19232000,0.32967663
332441005971000,19492000,0.21439648
332441025484000,19513000,0.021861076
332441044927000,19443000,-0.22869968
332441064407000,19480000,-0.5371647
332441083828000,19421000,-0.4051895
332441103509000,19681000,-0.5025625
332441122814000,19305000,-0.11990929
332441142240000,19426000,-0.0035858154
332441161718000,19478000,0.038300514
332441181178000,19460000,-0.013418198
332441201037000,19859000,-0.06316662
332441220032000,18995000,0.099059105
332441239561000,19529000,-0.19749165
332441258989000,19428000,-0.3595667
332441278521000,19532000,-0.42577553
332441297945000,19424000,-0.20467472
332441317745000,19800000,-0.13664913
332441336892000,19147000,-0.14506245
332441356362000,19470000,0.019194603
332441375886000,19524000,0.1262188
332441395335000,19449000,0.21408176
332441414851000,19516000,0.12918377
332441434350000,19499000,0.043437958
332441453758000,19408000,0.30115128
332441473224000,19466000,0.21240139
332441492696000,19472000,0.21737957
332441512213000,19517000,0.37326145
332441531643000,19430000,0.39254475
332441551159000,19516000,0.40910625
332441570609000,19450000,0.46113014
332441590204000,19595000,0.567605
332441609556000,19352000,0.5753193
332441629060000,19504000,0.59904957
332441648576000,19516000,0.83027077
332441668098000,19522000,0.63685226
332441687675000,19577000,0.49756336
332441707083000,19408000,0.22105312
332441726777000,19694000,0.01815319
332441746029000,19252000,-0.34000015
332441765471000,19442000,-0.43109798
332441784944000,19473000,-0.56018925
332441804390000,19446000,-0.70646477
332441823897000,19507000,-0.71498966
332441843345000,19448000,-0.9480572
332441862997000,19652000,-0.9253082
332441882282000,19285000,-0.6649227
332441901732000,19450000,-0.62570477
332441921323000,19591000,-0.462533
332441940643000,19320000,-0.23348999
332441960299000,19656000,-0.07320118
332441979689000,19390000,-0.1557579
332441999209000,19520000,-0.2529173
332442018542000,19333000,-0.34749126
332442038397000,19855000,-0.30673027
332442057615000,19218000,-0.4005499
332442077084000,19469000,-0.2467699
332442096608000,19524000,-0.018490791
332442115962000,19354000,0.34115887
332442135652000,19690000,0.33368587
332442154912000,19260000,0.4947443
332442174998000,20086000,0.3830471
332442193849000,18851000,0.66855526
332442213343000,19494000,0.39285946
332442232835000,19492000,0.1302309
332442252250000,19415000,0.07223129
332442271694000,19444000,0.21923733
332442291384000,19690000,-0.17511654
332442310606000,19222000,0.13545895
332442330084000,19478000,0.40495586
332442349567000,19483000,0.27052975
332442369048000,19481000,0.058642387
332442388539000,19491000,0.24878597
332442408004000,19465000,0.13280582
332442427480000,19476000,0.017569542
332442446976000,19496000,0.17154503
332442466469000,19493000,0.5566473
332442486009000,19540000,1.4409924
332442505431000,19422000,1.7705755
332442524888000,19457000,1.467495
332442544508000,19620000,0.93211174
332442563904000,19396000,0.047862053
332442583370000,19466000,-0.59259796
332442602821000,19451000,-1.2189465
332442622278000,19457000,-1.4083066
332442641808000,19530000,-1.3112965
332442661257000,19449000,-0.94373894
332442680868000,19611000,-0.5130625
332442700330000,19462000,-0.24655247
332442719922000,19592000,0.20215797
332442739261000,19339000,0.77565765
332442758749000,19488000,0.9367876
332442779155000,20406000,0.5500431
332442797842000,18687000,-0.10139561
332442817145000,19303000,-0.9622326
332442837019000,19874000,-0.9615631
332442856167000,19148000,-0.8089533
332442875674000,19507000,-0.29350758
332442895158000,19484000,-0.027590752
332442914531000,19373000,0.16163921
332442934233000,19702000,0.025401115
332442953576000,19343000,-0.13011932
332442973204000,19628000,-0.17112637
332442992504000,19300000,-0.19374275
332443011986000,19482000,-0.14066792
332443031661000,19675000,-0.28010273
332443051034000,19373000,-0.15234852
332443070681000,19647000,-0.10203171
332443089916000,19235000,0.0050210953
332443109522000,19606000,-0.19499016
332443129062000,19540000,-0.45301247
332443148607000,19545000,-0.61565685
332443168014000,19407000,-0.39527988
332443187298000,19284000,0.017041206
332443206945000,19647000,0.31529903
332443226248000,19303000,0.42281628
332443245888000,19640000,0.9712715
332443265250000,19362000,0.75299263
332443284656000,19406000,0.66691494
332443304235000,19579000,0.2711115
332443323909000,19674000,0.10074806
332443343105000,19196000,0.021398544
332443362489000,19384000,-0.08192158
332443381957000,19468000,-0.18952274
332443401499000,19542000,0.025162697
332443420926000,19427000,-0.049530983
332443440406000,19480000,0.6026802
332443459917000,19511000,1.0441227
332443479364000,19447000,1.0452557
332443498859000,19495000,0.73978996
332443519307000,20448000,-0.19889927
332443537778000,18471000,-0.37245083
332443557272000,19494000,-0.5283003
332443576755000,19483000,-0.608263
332443596226000,19471000,-0.6877079
332443615890000,19664000,-0.7459698
332443635538000,19648000,-0.5899
332443654974000,19436000,-0.084080696
332443674272000,19298000,0.15941048
332443693745000,19473000,0.33238506
332443713203000,19458000,-0.19779682
332443733020000,19817000,-0.24446964
332443752162000,19142000,-0.1539259
332443771640000,19478000,-0.08026409
332443791092000,19452000,0.033026695
332443810954000,19862000,-0.006344795
332443830117000,19163000,-0.1035738
332443849607000,19490000,-0.1251564
332443869100000,19493000,0.06252384
332443889069000,19969000,-0.11541653
332443908065000,18996000,-0.1228199
332443927500000,19435000,-0.09377289
332443947153000,19653000,-0.0856123
332443966448000,19295000,0.016823769
332443986223000,19775000,-0.03524494
332444005669000,19446000,0.1797905
332444025210000,19541000,0.22152042
332444044459000,19249000,-0.06324673
332444063853000,19394000,0.18735218
332444083405000,19552000,0.20711613
332444102850000,19445000,0.11092472
332444122486000,19636000,0.05192852
332444141787000,19301000,-0.10390949
332444161250000,19463000,-0.29902935
332444180740000,19490000,-0.28412056
332444200163000,19423000,-0.4608841
332444219814000,19651000,-0.17743969
332444239104000,19290000,0.27954578
332444258755000,19651000,0.81472397
332444278037000,19282000,0.68089294
332444297519000,19482000,0.2029829
332444317096000,19577000,-0.007060051
332444336577000,19481000,-0.2756529
332444356175000,19598000,-0.83299446
332444375455000,19280000,-1.314816
332444394997000,19542000,-0.8582392
332444414555000,19558000,0.021075249
332444433780000,19225000,0.71149635
332444453294000,19514000,1.1179104
332444472696000,19402000,1.2971888
332444492152000,19456000,0.9988003
332444511632000,19480000,0.852684
332444531121000,19489000,0.6076641
332444550585000,19464000,0.18536854
332444570109000,19524000,-0.1088171
332444589543000,19434000,-0.33243656
332444609170000,19627000,-0.48488045
332444628447000,19277000,-0.37289906
332444647960000,19513000,-0.30123043
332444667474000,19514000,-0.3636484
332444687009000,19535000,-0.30933475
332444706640000,19631000,-0.32830524
332444725921000,19281000,-0.17050266
332444745741000,19820000,0.27979755
332444765014000,19273000,0.58191395
332444784455000,19441000,0.60125923
332444803958000,19503000,0.43242455
332444823341000,19383000,-0.13683605
332444842902000,19561000,-0.7631149
332444862318000,19416000,-1.2365284
332444882510000,20192000,-1.6526828
332444901228000,18718000,-1.359427
332444920705000,19477000,-1.1019382
332444940211000,19506000,-0.64857864
332444959623000,19412000,-0.11296177
332444979331000,19708000,-0.06887913
332444998608000,19277000,0.0958128
332445018386000,19778000,0.2080431
332445037536000,19150000,0.1697998
332445057006000,19470000,0.07518864
332445076638000,19632000,-0.19256687
332445095955000,19317000,-0.079740524
332445115581000,19626000,-0.08542156
332445134971000,19390000,0.30681133
332445154513000,19542000,0.40699863
332445173817000,19304000,0.655406
332445193676000,19859000,0.49610233
332445212899000,19223000,0.27379704
332445232305000,19406000,0.04573536
332445251825000,19520000,0.11852741
332445271190000,19365000,0.033171654
332445290795000,19605000,0.230937
332445310187000,19392000,0.32986164
332445329876000,19689000,0.69463825
332445349341000,19465000,1.0387058
332445368603000,19262000,1.0941763
332445388202000,19599000,1.2628384
332445407700000,19498000,1.3525257
332445427030000,19330000,0.6920738
332445446475000,19445000,0.12337685
332445465971000,19496000,-0.43044567
332445485533000,19562000,-1.121994
332445505356000,19823000,-1.4708543
332445524287000,18931000,-1.320643
332445543786000,19499000,-0.97496605
332445563246000,19460000,-0.4882412
332445582720000,19474000,0.0078086853
332445602199000,19479000,0.28455257
332445621717000,19518000,0.3610878
332445641157000,19440000,0.42761993
332445661554000,20397000,0.44455242
332445680092000,18538000,0.46530342
332445699565000,19473000,0.4688444
332445719219000,19654000,-0.10265446
332445738580000,19361000,-0.50418377
332445758041000,19461000,-0.64110184
332445777707000,19666000,-0.7817879
332445796983000,19276000,-0.8106241
332445816620000,19637000,-0.8030758
332445835944000,19324000,-0.6810303
332445855430000,19486000,-0.6919651
332445875225000,19795000,-0.2598734
332445894447000,19222000,0.09872627
332445914005000,19558000,0.34596157
332445933412000,19407000,0.5387335
332445953195000,19783000,0.5228586
332445972343000,19148000,0.4497347
332445992657000,20314000,0.37535763
332446011316000,18659000,-0.29570103
332446030780000,19464000,-0.8749714
332446050403000,19623000,-0.96043587
332446069720000,19317000,-0.8577194
332446089363000,19643000,-0.48883247
332446108803000,19440000,-0.4267044
332446128445000,19642000,-0.11439133
332446147745000,19300000,0.62136936
332446167189000,19444000,1.187088
332446186684000,19495000,1.5245781
332446206076000,19392000,1.5363464
332446225584000,19508000,1.2391815
332446245030000,19446000,0.41990185
332446264707000,19677000,0.8193073
332446283993000,19286000,1.2106438
332446303325000,19332000,1.4783669
332446322790000,19465000,1.6220903
332446342276000,19486000,1.239481
332446361825000,19549000,0.4646616
332446381235000,19410000,-0.20350742
332446400752000,19517000,-0.4955349
332446420276000,19524000,-0.58132935
332446439729000,19453000,-0.6683407
332446459315000,19586000,-0.7532368
332446478781000,19466000,-0.3538065
332446498184000,19403000,-0.0036115646
332446517621000,19437000,-0.16047668
332446537113000,19492000,-0.40212154
332446556463000,19350000,-0.8817978
332446575939000,19476000,-1.0634289
332446595397000,19458000,-0.96663666
332446615105000,19708000,-0.59164333
332446634346000,19241000,-0.6865711
332446653812000,19466000,-0.7540016
332446673341000,19529000,-1.1397095
332446692817000,19476000,-0.7914238
332446712263000,19446000,-0.5146656
332446731777000,19514000,-0.27213
332446751185000,19408000,-0.06517506
332446770683000,19498000,-0.23994732
332446790154000,19471000,-0.20429134
332446809684000,19530000,-0.15121365
332446829106000,19422000,-0.10119629
332446848856000,19750000,0.04059124
332446868134000,19278000,0.15837002
332446887592000,19458000,0.07920742
332446907240000,19648000,0.20492458
332446926550000,19310000,0.611989
332446946586000,20036000,0.6679754
332446965508000,18922000,0.526391
332446985255000,19747000,0.68465996
332447004442000,19187000,0.51097965
332447024261000,19819000,0.48385906
332447043505000,19244000,0.33590126
332447062950000,19445000,0.029201508
332447082591000,19641000,-0.014097214
332447102054000,19463000,-0.27145958
332447121529000,19475000,-0.41578484
332447140795000,19266000,-0.29209805
332447160614000,19819000,-0.37770653
332447179798000,19184000,-0.23041725
332447199217000,19419000,0.7446995
332447219344000,20127000,1.1309376
332447238155000,18811000,0.5445013
332447257623000,19468000,1.0529823
332447277081000,19458000,1.4863348
332447296728000,19647000,1.7659159
332447316272000,19544000,1.7553606
332447335479000,19207000,1.0311165
332447355047000,19568000,0.24213505
332447374548000,19501000,-0.15285301
332447394050000,19502000,-0.63241005
332447413429000,19379000,-1.1756306
332447433019000,19590000,-1.3011532
332447452403000,19384000,-1.5223794
332447472068000,19665000,-1.2991886
332447491382000,19314000,-0.9151058
332447510828000,19446000,-0.3670473
332447530319000,19491000,0.2702732
332447549722000,19403000,0.34591675
332447569248000,19526000,-0.29423428
332447588706000,19458000,-0.6371336
332447608111000,19405000,-0.74255085
332447627732000,19621000,-1.0528088
332447647147000,19415000,-1.148262
332447666484000,19337000,-1.0682392
332447685970000,19486000,-0.7556715
332447705448000,19478000,-0.51734924
332447724907000,19459000,0.04853916
332447744402000,19495000,0.27092648
332447763911000,19509000,0.43594265
332447783363000,19452000,0.3887453
332447802890000,19527000,0.3382845
332447822298000,19408000,0.37862492
332447841826000,19528000,0.35514545
332447861254000,19428000,-0.13531876
332447881000000,19746000,-0.55698013
332447900322000,19322000,-0.5070238
332447919972000,19650000,-0.559124
332447939231000,19259000,-0.27093124
332447958909000,19678000,0.03358078
332447978290000,19381000,0.719965
332447997754000,19464000,0.92725563
332448017290000,19536000,0.808835
332448036669000,19379000,0.88132095
332448056294000,19625000,0.6840296
332448075700000,19406000,0.29261303
332448095266000,19566000,0.39573765
332448114567000,19301000,0.91651154
332448134038000,19471000,0.973608
332448153549000,19511000,0.6243715
332448172938000,19389000,0.9031162
332448192627000,19689000,1.1200838
332448211959000,19332000,1.2564621
332448231728000,19769000,0.9670696
332448250878000,19150000,0.38655186
332448270333000,19455000,-0.60007286
332448289967000,19634000,-1.0342932
332448309232000,19265000,-1.0671062
332448329160000,19928000,-0.9835186
332448348229000,19069000,-0.7418995
332448367834000,19605000,-0.3395462
332448387146000,19312000,0.16797924
332448406976000,19830000,0.20734406
332448426197000,19221000,-0.011462212
332448445680000,19483000,-0.0678854
332448465308000,19628000,0.18980789
332448484554000,19246000,0.5679245
332448504125000,19571000,0.6624098
332448523554000,19429000,0.35604668
332448543012000,19458000,-0.295825
332448562471000,19459000,-0.18396282
332448581968000,19497000,-0.30529594
332448601426000,19458000,-0.27695847
332448620826000,19400000,-0.3476019
332448640354000,19528000,-0.47824287
332448659716000,19362000,-0.24654293
332448679167000,19451000,-0.07290459
332448698667000,19500000,-0.14800072
332448718241000,19574000,-0.31796932
332448737581000,19340000,-0.678174
332448757078000,19497000,-0.59610844
332448776547000,19469000,-0.70338154
332448795993000,19446000,-0.13759518
332448816091000,20098000,0.16330719
332448834947000,18856000,0.33269978
332448854526000,19579000,0.7342272
332448873984000,19458000,1.2899828
332448893410000,19426000,1.500184
332448913019000,19609000,1.3625679
332448932406000,19387000,0.7023697
332448951801000,19395000,0.1495943
332448971301000,19500000,-0.2586918
332448990787000,19486000,-0.1968317
332449010249000,19462000,-0.23826885
332449029681000,19432000,-0.07463741
332449049169000,19488000,-0.029390335
332449068706000,19537000,-0.02375698
332449088374000,19668000,0.36550617
332449107711000,19337000,0.029029846
332449127446000,19735000,-0.22782803
332449146626000,19180000,-0.27036858
332449166100000,19474000,-0.3471241
332449185711000,19611000,0.09773159
332449205094000,19383000,0.125741
332449224642000,19548000,0.043221474
332449243898000,19256000,-0.28449917
332449263407000,19509000,-0.6855402
332449282839000,19432000,-0.6815119
332449302310000,19471000,-0.9237194
332449321801000,19491000,-1.182066
332449341261000,19460000,-0.90058804
332449360742000,19481000,-0.72983646
332449380227000,19485000,-0.1521368
332449399843000,19616000,0.2963791
332449419278000,19435000,0.71068287
332449438879000,19601000,0.80215454
332449458221000,19342000,0.8366852
332449477689000,19468000,0.56292343
332449497324000,19635000,0.09345722
332449516650000,19326000,-0.20955276
332449536425000,19775000,-0.09822178
332449555558000,19133000,0.21701145
332449575338000,19780000,0.5639076
332449594496000,19158000,0.5413227
332449613966000,19470000,0.34125423
332449633526000,19560000,0.2324152
332449652909000,19383000,0.23471355
332449672579000,19670000,0.25296688
332449691868000,19289000,0.077503204
332449711602000,19734000,-0.19527149
332449730725000,19123000,-0.10450077
332449750258000,19533000,-0.07073879
332449769731000,19473000,-0.22707844
332449789598000,19867000,-0.112999916
332449808613000,19015000,-0.091739655
332449828082000,19469000,-0.18195248
332449847567000,19485000,-0.21100616
332449867049000,19482000,-0.27460003
332449886536000,19487000,-0.27701855
332449906009000,19473000,-0.25671196
332449925445000,19436000,0.035077095
332449944950000,19505000,-0.22558403
332449964496000,19546000,-0.081498146
332449984133000,19637000,-0.22273731
332450003879000,19746000,-0.2284565
332450023077000,19198000,-0.23336315
332450042519000,19442000,-0.352664
332450062246000,19727000,-0.18431187
332450081469000,19223000,0.041581154
332450100911000,19442000,0.11420536
332450120392000,19481000,-0.00502491
332450139796000,19404000,-0.04834175
332450159960000,20164000,-0.30333614
332450178813000,18853000,-0.34889603
332450198434000,19621000,-0.28071213
332450217719000,19285000,-0.21345997
332450237186000,19467000,-0.08932209
332450257103000,19917000,-0.04202366
332450276244000,19141000,0.25414467
332450295872000,19628000,0.20545006
332450315135000,19263000,0.06061268
332450334693000,19558000,-0.06578159
332450354106000,19413000,-0.020813942
332450373795000,19689000,0.0037984848
332450393066000,19271000,0.027184486
332450412481000,19415000,0.06852245
332450432178000,19697000,0.070399284
332450451468000,19290000,0.090387344
332450471281000,19813000,-0.024710655
332450490475000,19194000,-0.121497154
332450510127000,19652000,0.10660839
332450529345000,19218000,0.008627892
332450549159000,19814000,-0.013059616
332450568379000,19220000,-0.20724297
332450587889000,19510000,-0.19066048
332450607327000,19438000,-0.09711933
332450626764000,19437000,0.054509163
332450646310000,19546000,-0.09947872
332450665846000,19536000,-0.02269268
332450685412000,19566000,-0.040747643
332450704691000,19279000,-0.01966858
332450724149000,19458000,0.17450905
332450743755000,19606000,0.0819006
332450763074000,19319000,-0.24033165
332450782564000,19490000,0.050335884
332450801965000,19401000,0.18759632
332450821411000,19446000,0.09470081
332450840889000,19478000,0.26945782
332450860384000,19495000,0.079566
332450879950000,19566000,-0.16874313
332450899329000,19379000,-0.20739079
332450918802000,19473000,-0.22779179
332450938279000,19477000,-0.018919945
332450957795000,19516000,-0.0017385483
332450977263000,19468000,-0.041809082
332450996800000,19537000,-0.11972332
332451016226000,19426000,0.03282547
332451036112000,19886000,-0.15864658
332451055417000,19305000,-0.023767471
332451074710000,19293000,0.11184406
332451094359000,19649000,0.03744507
332451113703000,19344000,0.25081062
332451133283000,19580000,0.06213665
332451152936000,19653000,0.083987236
332451172384000,19448000,0.0095767975
332451191653000,19269000,-0.06554699
332451211099000,19446000,0.12665272
332451230648000,19549000,-0.06505394
332451249992000,19344000,-0.29579926
332451270216000,20224000,-0.31642723
332451288972000,18756000,-0.2605381
332451308654000,19682000,-0.031887054
332451327916000,19262000,0.02519703
332451347395000,19479000,0.33236504
332451367341000,19946000,0.16179371
332451386338000,18997000,0.16428757
332451406186000,19848000,0.0138578415
332451425335000,19149000,-0.06013012
332451444901000,19566000,-0.19205761
332451464213000,19312000,-0.2862501
332451484064000,19851000,-0.1702156
332451503229000,19165000,0.022266388
332451522718000,19489000,-0.12987995
332451542212000,19494000,-0.18588352
332451561639000,19427000,-0.27963543
332451581291000,19652000,-0.2193842
332451600614000,19323000,0.05248165
332451620618000,20004000,0.11478138
332451639537000,18919000,0.082164764
332451659341000,19804000,0.22263622
332451678596000,19255000,0.36328983
332451698073000,19477000,0.1971283
332451717583000,19510000,0.04915619
332451736959000,19376000,-0.061966896
332451756401000,19442000,-0.02159977
332451775973000,19572000,0.11275387
332451795428000,19455000,0.015651703
332451814907000,19479000,-0.121136665
332451834303000,19396000,-0.18235779
332451853768000,19465000,-0.14844608
332451873156000,19388000,-0.0763607
332451892697000,19541000,-0.023085594
332451912104000,19407000,0.06922245
332451931609000,19505000,0.047555923
332451951063000,19454000,-0.011425972
332451970669000,19606000,0.045437813
332451989993000,19324000,0.02644062
332452009904000,19911000,0.06550598
332452028951000,19047000,-0.10577583
332452048442000,19491000,-0.20024586
332452067875000,19433000,-0.1988163
332452087385000,19510000,0.032650948
332452106988000,19603000,-0.04203701
332452126508000,19520000,-0.19297123
332452146189000,19681000,-0.19024944
332452165473000,19284000,-0.14875317
332452184846000,19373000,0.04654026
332452204544000,19698000,0.012631416
332452223825000,19281000,0.055851936
332452243428000,19603000,0.022824287
332452262776000,19348000,-0.14417362
332452282271000,19495000,-0.0048093796
332452301808000,19537000,-0.15298367
332452321303000,19495000,-0.0141534805
332452340799000,19496000,0.04774952
332452360113000,19314000,0.26254368
332452379752000,19639000,0.11298275
332452399739000,19987000,-0.15213299
332452418616000,18877000,-0.07323742
332452438124000,19508000,-0.052606583
332452457584000,19460000,-0.2816496
332452477072000,19488000,-0.1855154
332452496491000,19419000,-0.24269581
332452516162000,19671000,-0.22293758
332452535472000,19310000,-0.049256325
332452555110000,19638000,0.12544155
332452574432000,19322000,-0.15847206
332452593899000,19467000,-0.11574459
332452613497000,19598000,-0.07211399
332452632798000,19301000,-0.20015812
332452652674000,19876000,-0.53821087
332452671756000,19082000,-0.8373604
332452691367000,19611000,-0.67583084
332452710672000,19305000,-0.3404503
332452730594000,19922000,-0.15606403
332452749755000,19161000,-0.007733345
332452769191000,19436000,0.31527996
332452788685000,19494000,0.71667767
332452808107000,19422000,1.0421448
332452827625000,19518000,0.9453926
332452847134000,19509000,0.271348
332452867672000,20538000,-0.19661808
332452885997000,18325000,-0.45877552
332452905595000,19598000,-0.47753716
332452924846000,19251000,-0.5967083
332452944352000,19506000,-0.91075706
332452963818000,19466000,-0.84319687
332452983278000,19460000,-0.8133421
332453002775000,19497000,-0.32119846
332453022229000,19454000,0.15596771
332453041743000,19514000,0.35086727
332453061288000,19545000,0.5315819
332453080666000,19378000,0.98437214
332453100138000,19472000,1.84167
332453119632000,19494000,2.4498177
332453139191000,19559000,2.8630657
332453158703000,19512000,2.8669147
332453178345000,19642000,2.8594265
332453197625000,19280000,2.1095943
332453217445000,19820000,2.0501184
332453236720000,19275000,2.431859
332453256530000,19810000,1.0697336
332453275655000,19125000,0.4952345
332453295051000,19396000,-0.22847271
332453314602000,19551000,-1.155119
332453334009000,19407000,-1.9532142
332453353625000,19616000,-2.003693
332453372994000,19369000,-1.6631508
332453392445000,19451000,-1.0783205
332453411919000,19474000,-1.1057806
332453431371000,19452000,-1.3972378
332453450857000,19486000,-1.7401714
332453470346000,19489000,-1.904377
332453489961000,19615000,-2.3498855
332453510010000,20049000,-2.6938124
332453528710000,18700000,-2.9030466
332453548344000,19634000,-3.091106
332453567776000,19432000,-3.0303073
332453587286000,19510000,-2.5111837
332453606622000,19336000,-2.053094
332453626219000,19597000,-1.2742653
332453645646000,19427000,-0.98264503
332453665403000,19757000,-0.39572144
332453684613000,19210000,0.05927944
332453704069000,19456000,0.35916615
332453723975000,19906000,0.5188198
332453742960000,18985000,0.6665373
332453762459000,19499000,0.8944411
332453781935000,19476000,1.3524098
332453801576000,19641000,1.5397882
332453821007000,19431000,1.7039919
332453840320000,19313000,2.2654958
332453859941000,19621000,2.840136
332453879535000,19594000,2.680882
332453898982000,19447000,2.0947657
332453918264000,19282000,2.4045062
332453937786000,19522000,3.87879
332453957087000,19301000,4.757716
332453976538000,19451000,4.141626
332453996043000,19505000,1.8777895
332454015499000,19456000,-0.4809971
332454034979000,19480000,-1.9932761
332454054462000,19483000,-2.4043212
332454074037000,19575000,-2.1658792
332454093534000,19497000,-2.1685495
332454112947000,19413000,-1.7902303
332454132377000,19430000,-0.90837383
332454151848000,19471000,-0.11135101
332454171345000,19497000,-0.5841074
332454190874000,19529000,-1.3690729
332454210335000,19461000,-2.0279832
332454229891000,19556000,-2.5634995
332454249344000,19453000,-2.3276882
332454268850000,19506000,-2.4340315
332454288306000,19456000,-2.291442
332454307855000,19549000,-1.8638043
332454327279000,19424000,-1.5562711
332454346744000,19465000,-1.2565746
332454366201000,19457000,-1.255135
332454385853000,19652000,-0.96106815
332454405165000,19312000,-0.6849232
332454424812000,19647000,-0.27606297
332454444087000,19275000,0.070295334
332454463686000,19599000,0.9070196
332454483193000,19507000,1.7138486
332454502627000,19434000,3.1004987
332454522128000,19501000,4.3737936
332454541517000,19389000,4.5144167
332454561222000,19705000,2.808475
332454580474000,19252000,1.6088848
332454599932000,19458000,1.8130541
332454619486000,19554000,1.9844913
332454638790000,19304000,1.6670032
332454658300000,19510000,0.6339226
332454677851000,19551000,-0.34339905
332454697305000,19454000,-1.0857549
332454716826000,19521000,-2.141317
332454736443000,19617000,-2.333591
332454755879000,19436000,-1.4239907
332454775530000,19651000,-0.11362934
332454794764000,19234000,0.41541672
332454814260000,19496000,-0.52322674
332454833771000,19511000,-1.9906168
332454853178000,19407000,-2.9153543
332454873048000,19870000,-3.259325
332454892215000,19167000,-2.9292545
332454911786000,19571000,-2.690599
332454931089000,19303000,-2.008463
332454950939000,19850000,-1.5719647
332454970295000,19356000,-1.2318511
332454989552000,19257000,-1.1255841
332455009395000,19843000,-0.89149904
332455028484000,19089000,0.057545662
332455047905000,19421000,0.66434574
332455067375000,19470000,1.0963392
332455086887000,19512000,2.0569625
332455106332000,19445000,2.6597166
332455125960000,19628000,3.2439885
332455145295000,19335000,3.3451753
332455164809000,19514000,2.2115355
332455184264000,19455000,1.2765269
332455203748000,19484000,2.3584332
332455223225000,19477000,3.9831948
332455242763000,19538000,4.0455213
332455262287000,19524000,2.3751569
332455281701000,19414000,0.5838065
332455301248000,19547000,-0.98069096
332455320827000,19579000,-1.680614
332455340315000,19488000,-1.6610823
332455359981000,19666000,-1.2774119
332455379214000,19233000,-0.51996994
332455398905000,19691000,0.5800648
332455418194000,19289000,1.0318403
332455437969000,19775000,0.37835312
332455457353000,19384000,-0.7872734
332455476608000,19255000,-1.413352
332455496305000,19697000,-2.3438807
332455515549000,19244000,-2.910688
332455535421000,19872000,-2.9983954
332455554556000,19135000,-2.7424998
332455574117000,19561000,-2.6970763
332455593548000,19431000,-2.4792027
332455613531000,19983000,-2.145175
332455632508000,18977000,-1.679894
332455651957000,19449000,-1.1985393
332455671441000,19484000,-0.60807323
332455690884000,19443000,-0.06558037
332455710497000,19613000,0.50141907
332455729842000,19345000,1.2021275
332455749520000,19678000,2.2230778
332455768760000,19240000,3.34733
332455788623000,19863000,2.902587
332455807868000,19245000,1.5920205
332455827917000,20049000,2.4742641
332455846755000,18838000,4.2082205
332455866079000,19324000,4.2625694
332455885591000,19512000,3.018917
332455905073000,19482000,1.7990675
332455924610000,19537000,0.75771046
332455944129000,19519000,-0.27353954
332455963571000,19442000,-1.0009255
332455983278000,19707000,-0.6320963
332456002644000,19366000,0.4024582
332456022162000,19518000,0.2336998
332456041502000,19340000,-1.111948
332456061190000,19688000,-2.7289157
332456080414000,19224000,-3.0418482
332456099836000,19422000,-3.636004
332456119369000,19533000,-3.5494003
332456138807000,19438000,-3.1235337
332456158284000,19477000,-2.6815867
332456177781000,19497000,-2.3569078
332456197296000,19515000,-1.7292905
332456216733000,19437000,-1.1852427
332456236202000,19469000,-0.38463306
332456255688000,19486000,0.053435326
332456275273000,19585000,0.6390562
332456294737000,19464000,1.7277021
332456314372000,19635000,2.8516884
332456333739000,19367000,3.8297472
332456353192000,19453000,3.868297
332456372712000,19520000,2.6912804
332456392155000,19443000,0.867115
332456411693000,19538000,0.46056175
332456431012000,19319000,2.2382903
332456450600000,19588000,3.2520785
332456470011000,19411000,2.3571935
332456489509000,19498000,0.6491828
332456508973000,19464000,-0.6220288
332456528536000,19563000,-0.991035
332456548224000,19688000,-1.2168164
332456567501000,19277000,-0.8113861
332456587087000,19586000,0.19414616
332456606457000,19370000,0.8296213
332456625930000,19473000,0.48639488
332456645495000,19565000,-0.5461035
332456664997000,19502000,-1.7885842
332456684645000,19648000,-2.2066898
332456703835000,19190000,-2.4330072
332456723996000,20161000,-2.3123684
332456742907000,18911000,-2.4212313
332456762554000,19647000,-2.3362532
332456781972000,19418000,-2.4029608
332456802048000,20076000,-2.1414957
332456821073000,19025000,-1.6328549
332456840215000,19142000,-1.0507813
332456859856000,19641000,-0.6647215
332456879241000,19385000,-0.09607601
332456898786000,19545000,0.21062756
332456918119000,19333000,0.6139946
332456937949000,19830000,1.3778286
332456957233000,19284000,2.572919
332456976610000,19377000,3.2940288
332456996107000,19497000,2.3675876
332457015501000,19394000,1.3787422
332457035050000,19549000,2.373238
332457054382000,19332000,3.319611
332457073857000,19475000,3.489194
332457093345000,19488000,3.0546637
332457112792000,19447000,1.9979806
332457134698000,21906000,0.4460621
332457154243000,19545000,-0.9732766
332457173637000,19394000,-1.1814971
332457193109000,19472000,-0.38248348
332457212616000,19507000,0.5121279
332457232083000,19467000,0.05389023
332457251607000,19524000,-1.6940866
332457271055000,19448000,-3.3099232
332457290487000,19432000,-3.9659276
332457309959000,19472000,-4.2706785
332457329471000,19512000,-4.258005
332457348969000,19498000,-3.311121
332457368394000,19425000,-2.442812
332457387851000,19457000,-1.805614
332457407325000,19474000,-1.2864285
332457426798000,19473000,-0.69798183
332457446291000,19493000,-0.04638958
332457465806000,19515000,0.3160429
332457485277000,19471000,0.89788246
332457504844000,19567000,1.9971342
332457524396000,19552000,2.7240095
332457544130000,19734000,3.165977
332457563584000,19454000,2.874712
332457582789000,19205000,1.3078828
332457602201000,19412000,0.51033163
332457621705000,19504000,1.169981
332457641082000,19377000,3.460958
332457660510000,19428000,4.436151
332457679994000,19484000,3.8108006
332457699534000,19540000,2.353105
332457718960000,19426000,1.6555886
332457738407000,19447000,1.2616501
332457758140000,19733000,0.75334454
332457777447000,19307000,0.86561966
332457796907000,19460000,0.9334183
332457816440000,19533000,-0.071847916
332457836068000,19628000,-1.7233129
332457855304000,19236000,-2.789081
332457875226000,19922000,-3.6468678
332457894972000,19746000,-3.983601
332457913846000,18874000,-3.5832996
332457933355000,19509000,-2.6310587
332457952717000,19362000,-2.7709093
332457972268000,19551000,-2.9281588
332457991707000,19439000,-2.644374
332458011372000,19665000,-1.997766
332458030621000,19249000,-1.3774624
332458050113000,19492000,-0.74939156
332458069582000,19469000,-0.40767002
332458089040000,19458000,0.31053257
332458108530000,19490000,1.0909328
332458127975000,19445000,1.1209793
332458147666000,19691000,1.178627
332458166850000,19184000,1.8695679
332458186457000,19607000,2.2113686
332458205792000,19335000,1.5103669
332458225282000,19490000,0.9318204
332458244748000,19466000,2.4091725
332458264244000,19496000,4.4870114
332458283728000,19484000,5.2891016
332458303207000,19479000,4.451814
332458322720000,19513000,2.7601438
332458342171000,19451000,1.0767078
332458361632000,19461000,-0.3855343
332458381119000,19487000,-1.0471387
332458400659000,19540000,-0.61354256
332458420496000,19837000,-0.5513706
332458439694000,19198000,-1.6924138
332458459244000,19550000,-3.5499778
332458478692000,19448000,-4.526105
332458498349000,19657000,-4.6702623
332458517623000,19274000,-4.454488
332458537122000,19499000,-3.8720713
332458556932000,19810000,-3.3390765
332458576160000,19228000,-2.6650982
332458595675000,19515000,-1.9264264
332458615047000,19372000,-1.0512667
332458635143000,20096000,-0.6744833
332458654054000,18911000,-0.42778587
332458673706000,19652000,-0.086937904
332458692955000,19249000,0.12609673
332458712437000,19482000,0.2796011
332458732018000,19581000,0.7102108
332458751377000,19359000,1.429812
332458771009000,19632000,2.24126
332458790420000,19411000,3.216588
332458810112000,19692000,4.00674
332458829254000,19142000,4.0348787
332458849125000,19871000,2.127925
332458868299000,19174000,0.4706626
332458887743000,19444000,0.6528964
332458907108000,19365000,3.1001887
332458926575000,19467000,5.921114
332458946074000,19499000,6.57268
332458965580000,19506000,5.0190334
332458985090000,19510000,2.8315268
332459004712000,19622000,1.1213741
332459024073000,19361000,0.026247025
332459043650000,19577000,-0.4500332
332459063148000,19498000,0.14035892
332459082652000,19504000,-0.37815762
332459102034000,19382000,-1.3462448
332459121859000,19825000,-1.9336014
332459141044000,19185000,-2.2481866
332459160574000,19530000,-1.8247643
332459179980000,19406000,-1.6935444
332459199740000,19760000,-1.6980476
332459218811000,19071000,-1.4563475
332459238639000,19828000,-1.5035343
332459257782000,19143000,-1.7105131
332459277442000,19660000,-1.5045404
332459296780000,19338000,-0.967803
332459316235000,19455000,-0.58356667
332459335705000,19470000,-0.58688927
332459355194000,19489000,-0.715003
332459374638000,19444000,-1.1455698
332459394125000,19487000,-1.1551247
332459413595000,19470000,-1.340868
332459433074000,19479000,-1.2836657
332459452618000,19544000,-1.0804472
332459472078000,19460000,-0.46353912
332459491830000,19752000,0.16492176
332459511450000,19620000,0.44078922
332459530667000,19217000,0.5550213
332459550124000,19457000,0.085523605
332459569609000,19485000,-0.35555267
332459589034000,19425000,-0.079013824
332459608730000,19696000,0.24487686
332459628020000,19290000,0.6744108
332459647841000,19821000,0.6736803
332459666937000,19096000,0.6650486
332459686409000,19472000,0.07407856
332459706040000,19631000,-0.1793871
332459725381000,19341000,-0.20911121
332459744990000,19609000,0.29251957
332459764523000,19533000,0.61838436
332459783914000,19391000,0.5208292
332459803352000,19438000,0.4220457
332459823017000,19665000,0.41820526
332459842294000,19277000,0.29903603
332459861877000,19583000,0.37106514
332459881395000,19518000,-0.22741413
332459900702000,19307000,-0.17445755
332459920324000,19622000,-0.17833424
332459939697000,19373000,-0.21914959
332459959273000,19576000,-0.3153324
332459978580000,19307000,-0.44700813
332459998140000,19560000,-0.55602264
332460018002000,19862000,-0.12454605
332460037089000,19087000,-0.20584393
332460056585000,19496000,-0.16755581
332460076002000,19417000,-0.20146084
332460095531000,19529000,-0.49947834
332460115084000,19553000,-0.6790371
332460134634000,19550000,-0.54901314
332460154078000,19444000,-0.5310879
332460173370000,19292000,-0.45311165
332460192957000,19587000,-0.48748398
332460212445000,19488000,-0.38551044
332460231924000,19479000,-0.26243687
332460251281000,19357000,-0.04213047
332460270709000,19428000,-0.10819721
332460290288000,19579000,0.13245678
332460309670000,19382000,0.008543968
332460329159000,19489000,-0.059370995
332460348592000,19433000,-0.1678114
332460368058000,19466000,-0.06829834
332460387558000,19500000,0.06650829
332460407110000,19552000,0.064126015
332460426527000,19417000,0.07779789
332460445984000,19457000,0.24164963
332460465449000,19465000,0.30675602
332460485101000,19652000,0.27312756
332460504453000,19352000,0.16000843
332460523944000,19491000,0.12064552
332460543585000,19641000,0.11685467
332460562967000,19382000,-0.08082485
332460582654000,19687000,-0.1272707
332460602018000,19364000,-0.19417095
332460621769000,19751000,-0.08935261
332460641045000,19276000,0.034776688
332460660354000,19309000,0.006447792
332460680018000,19664000,-0.058977127
332460699449000,19431000,-0.16122723
332460719337000,19888000,-0.22348213
332460738364000,19027000,-0.14993477
332460757911000,19547000,-0.28517056
332460777187000,19276000,-0.22693253
332460797097000,19910000,-0.10912609
332460816253000,19156000,0.06801891
332460835677000,19424000,0.055387497
332460855192000,19515000,-0.051602364
332460875191000,19999000,0.11056137
332460894126000,18935000,0.17722988
332460913572000,19446000,-0.024428368
332460933228000,19656000,-0.054368973
332460952501000,19273000,-0.41094494
332460972119000,19618000,-0.46216488
332460991602000,19483000,-0.22693634
332461010906000,19304000,0.027038574
332461030547000,19641000,-0.14031887
332461049928000,19381000,0.018250465
332461069484000,19556000,0.08149624
332461088935000,19451000,0.06850529
332461108389000,19454000,-0.11667442
332461128304000,19915000,-0.1677723
332461147695000,19391000,-0.027528763
332461166816000,19121000,0.16988564
332461186241000,19425000,0.17539501
332461205741000,19500000,0.33357143
332461225833000,20092000,0.22270775
332461244845000,19012000,0.1106329
332461264280000,19435000,-0.0030126572
332461283900000,19620000,-0.1184082
332461303183000,19283000,0.03273487
332461322507000,19324000,0.048426628
332461341954000,19447000,-0.01355648
332461361421000,19467000,-0.037938118
332461380896000,19475000,-0.10097599
332461400402000,19506000,-0.04907894
332461419925000,19523000,-0.30326843
332461439366000,19441000,-0.11618614
332461458976000,19610000,0.14859486
332461478300000,19324000,0.16564846
332461497799000,19499000,0.107357025
332461517299000,19500000,-0.08396816
332461536788000,19489000,-0.19792747
332461556247000,19459000,-0.11981392
332461575861000,19614000,-0.11785793
332461595525000,19664000,0.26760578
332461614857000,19332000,0.30863
332461634321000,19464000,0.15820217
332461653801000,19480000,0.06492901
332461673208000,19407000,0.06673145
332461692865000,19657000,-0.2963543
332461712178000,19313000,-0.2581911
332461731821000,19643000,-0.23996258
332461751314000,19493000,0.046072006
332461770605000,19291000,-0.08916664
332461790211000,19606000,-0.013257027
332461809631000,19420000,0.12076092
332461829158000,19527000,-0.07012081
332461848480000,19322000,-0.03052044
332461868083000,19603000,0.08623314
332461887395000,19312000,-0.1030941
332461907256000,19861000,-0.08146286
332461926475000,19219000,-0.13631439
332461945911000,19436000,-0.21019745
332461965548000,19637000,0.0034093857
332461984804000,19256000,-0.108350754
332462004478000,19674000,-0.028237343
332462023791000,19313000,-0.2159481
332462043437000,19646000,-0.077674866
332462062747000,19310000,-0.14972687
332462082197000,19450000,-0.29797363
332462101806000,19609000,-0.024341583
332462121283000,19477000,0.21150875
332462140625000,19342000,0.14133358
332462159985000,19360000,-0.29255867
332462179457000,19472000,-0.3625784
332462198935000,19478000,-0.16458893
332462218448000,19513000,-0.08157349
332462237954000,19506000,0.0015277863
332462257508000,19554000,-0.14504623
332462277010000,19502000,-0.38720512
332462296425000,19415000,-0.32267666
332462315953000,19528000,-0.37265873
332462335400000,19447000,-0.34536743
332462354913000,19513000,-0.33626652
332462374453000,19540000,-0.70898294
332462393696000,19243000,-0.65883875
332462413147000,19451000,-0.4726963
332462432719000,19572000,0.06051445
332462452221000,19502000,0.7875776
332462471595000,19374000,0.7310629
332462491052000,19457000,0.3878126
332462510537000,19485000,-0.37777138
332462530014000,19477000,-0.89660215
332462549483000,19469000,-1.0351343
332462569008000,19525000,-0.29501534
332462588449000,19441000,0.61595535
332462607927000,19478000,0.8940439
332462627419000,19492000,0.9223633
332462646981000,19562000,0.33632565
332462666673000,19692000,-0.7118077
332462685945000,19272000,-1.3222704
332462705388000,19443000,-1.1499577
332462725021000,19633000,-0.8064542
332462744345000,19324000,-0.6154895
332462764102000,19757000,0.15262699
332462783313000,19211000,1.3264637
332462802931000,19618000,1.4313803
332462822487000,19556000,1.2130156
332462842001000,19514000,0.47756672
332462861255000,19254000,0.56337214
332462880782000,19527000,0.87461376
332462900234000,19452000,-0.08403683
332462919635000,19401000,-1.8534293
332462939337000,19702000,-2.4793591
332462958611000,19274000,-0.82913256
332462978395000,19784000,1.3190651
332462997569000,19174000,0.9417658
332463016991000,19422000,0.12796211
332463036371000,19380000,1.2333565
332463055885000,19514000,2.5713243
332463075373000,19488000,1.9371109
332463094825000,19452000,0.38131618
332463114287000,19462000,0.008047104
332463133762000,19475000,1.0261889
332463153392000,19630000,2.4388666
332463172735000,19343000,3.0201159
332463192315000,19580000,3.1709194
332463212480000,20165000,2.9079142
332463231235000,18755000,3.1511135
332463250937000,19702000,4.6626806
332463270249000,19312000,5.7179785
332463289906000,19657000,5.41354
332463309599000,19693000,3.9191542
332463328649000,19050000,1.5226727
332463348452000,19803000,-0.840641
332463367722000,19270000,-2.571105
332463387238000,19516000,-3.7777367
332463406617000,19379000,-4.277406
332463426286000,19669000,-3.732883
332463445733000,19447000,-2.9166293
332463464907000,19174000,-2.5460157
332463484379000,19472000,-2.7085266
332463503855000,19476000,-3.0548844
332463523343000,19488000,-1.9172888
332463542815000,19472000,0.07064533
332463562369000,19554000,1.0277929
332463581775000,19406000,1.6354799
332463601262000,19487000,1.9990635
332463620782000,19520000,2.0114174
332463640325000,19543000,0.41594315
332463659686000,19361000,-0.32706165
332463679209000,19523000,0.54094315
332463698657000,19448000,1.6551847
332463718877000,20220000,1.4414482
332463737922000,19045000,0.7047672
332463757219000,19297000,-0.4978361
332463776887000,19668000,-1.5715923
332463796175000,19288000,-2.4926214
332463815635000,19460000,-2.642624
332463835333000,19698000,-2.0337873
332463854547000,19214000,-1.481657
332463874370000,19823000,-1.0177784
332463893574000,19204000,-0.9054537
332463913142000,19568000,-1.8688989
332463932576000,19434000,-3.0256305
332463951937000,19361000,-2.9767537
332463971527000,19590000,-1.4148006
332463990972000,19445000,-0.7153063
332464010485000,19513000,-0.7836199
332464029878000,19393000,0.27339935
332464049894000,20016000,1.9359503
332464068860000,18966000,2.8937302
332464088649000,19789000,2.9882917
332464107955000,19306000,3.3031988
332464127266000,19311000,4.9992094
332464146881000,19615000,5.7318497
332464166331000,19450000,4.7474537
332464185796000,19465000,2.4423418
332464205274000,19478000,-0.19093895
332464224584000,19310000,-2.5381107
332464244090000,19506000,-3.7519646
332464263583000,19493000,-2.9220762
332464283053000,19470000,-2.5827308
332464302506000,19453000,-2.6435733
332464321967000,19461000,-2.7090273
332464341434000,19467000,-2.5772429
332464361288000,19854000,-2.3165174
332464380487000,19199000,-2.6897469
332464400117000,19630000,-2.7165737
332464419729000,19612000,-1.8419151
332464439261000,19532000,-1.8880196
332464458484000,19223000,0.051130295
332464477904000,19420000,2.7256527
332464497469000,19565000,4.95945
332464516807000,19338000,5.7831583
332464536293000,19486000,3.6518593
332464555717000,19424000,1.7700148
332464575207000,19490000,2.8270874
332464594657000,19450000,4.5553665
332464614272000,19615000,4.0192995
332464633595000,19323000,2.2522821
332464653122000,19527000,0.4411974
332464672586000,19464000,-1.2760072
332464692023000,19437000,-3.0645294
332464711522000,19499000,-3.9948244
332464730976000,19454000,-4.187706
332464750670000,19694000,-3.3611584
332464770039000,19369000,-2.2480035
332464789442000,19403000,-1.3925629
332464809347000,19905000,-0.82460976
332464828372000,19025000,-0.4283638
332464847948000,19576000,-0.08745575
332464867359000,19411000,-0.22767735
332464886825000,19466000,-0.10777855
332464906302000,19477000,-0.21377945
332464926274000,19972000,0.0034427643
332464945523000,19249000,1.3963747
332464964915000,19392000,3.0581856
332464984432000,19517000,3.8901644
332465003794000,19362000,3.38688
332465023700000,19906000,2.2493563
332465042786000,19086000,0.83678246
332465062208000,19422000,-0.98901176
332465081755000,19547000,-2.6152587
332465101054000,19299000,-3.6540656
332465120543000,19489000,-3.7345538
332465140033000,19490000,-3.4979076
332465159537000,19504000,-2.1862888
332465179032000,19495000,-0.8241062
332465198715000,19683000,-0.5529928
332465218017000,19302000,-0.29695797
332465237856000,19839000,0.2524681
332465257036000,19180000,1.4172354
332465276531000,19495000,1.336173
332465296436000,19905000,0.061660767
332465315406000,18970000,0.6885052
332465334834000,19428000,2.3687248
332465354312000,19478000,3.890088
332465373846000,19534000,5.380864
332465393278000,19432000,4.4980164
332465412880000,19602000,2.039258
332465432244000,19364000,-0.007822037
332465451752000,19508000,0.07825184
332465471384000,19632000,0.9006901
332465490789000,19405000,-0.044054985
332465510960000,20171000,-1.8517766
332465529760000,18800000,-3.8593812
332465549201000,19441000,-5.2745776
332465568690000,19489000,-6.2019353
332465588055000,19365000,-6.323623
332465607536000,19481000,-4.306708
332465627071000,19535000,-1.9037752
332465646533000,19462000,-0.16298676
332465666057000,19524000,0.5716686
332465685486000,19429000,0.9845457
332465704937000,19451000,1.0479841
332465724450000,19513000,1.3640623
332465743959000,19509000,0.5225048
332465763381000,19422000,0.06313419
332465783155000,19774000,2.083578
332465802360000,19205000,3.9706545
332465821885000,19525000,4.0513487
332465841334000,19449000,3.105071
332465861050000,19716000,2.8117838
332465880493000,19443000,3.8970509
332465899828000,19335000,4.214879
332465919437000,19609000,2.481206
332465938875000,19438000,-0.2475338
332465958360000,19485000,-2.4347434
332465977769000,19409000,-4.4744287
332465997713000,19944000,-4.9205494
332466016760000,19047000,-3.545679
332466036565000,19805000,-2.1564593
332466055721000,19156000,-1.4108524
332466075179000,19458000,-1.2424421
332466094741000,19562000,-1.244216
332466114223000,19482000,-1.1858644
332466133732000,19509000,-0.5715494
332466153168000,19436000,0.32573986
332466172809000,19641000,-0.14681053
332466192067000,19258000,-0.81045914
332466211872000,19805000,0.0717659
332466231215000,19343000,4.157631
332466250740000,19525000,7.5516424
332466270113000,19373000,6.279587
332466289577000,19464000,2.8589716
332466309098000,19521000,0.38256645
332466328440000,19342000,-0.17857456
332466347790000,19350000,1.3848705
332466367259000,19469000,1.6659307
332466386970000,19711000,-0.001247406
332466406347000,19377000,-1.5779624
332466425726000,19379000,-3.5157814
332466445179000,19453000,-5.1539016
332466464763000,19584000,-6.270303
332466484428000,19665000,-5.5497494
332466503718000,19290000,-3.0951033
332466523772000,20054000,-0.4268093
332466542708000,18936000,1.4413948
332466562132000,19424000,1.3431835
332466581773000,19641000,0.69131184
332466601155000,19382000,0.739522
332466620874000,19719000,1.0761471
332466639946000,19072000,0.003107071
332466659512000,19566000,-1.0895786
332466678897000,19385000,0.52934456
332466698405000,19508000,3.4180918
332466717931000,19526000,5.0056896
332466737333000,19402000,4.425659
332466756811000,19478000,2.7453785
332466776312000,19501000,0.34353638
332466795845000,19533000,-1.2877603
332466815260000,19415000,-2.2993293
332466834737000,19477000,-2.379126
332466854201000,19464000,-2.7632947
332466873807000,19606000,-3.5949197
332466893308000,19501000,-3.713656
332466912656000,19348000,-3.1283298
332466932144000,19488000,-2.8451295
332466951642000,19498000,-2.3402243
332466971109000,19467000,-0.92031574
332466990615000,19506000,-0.021066666
332467010340000,19725000,0.030180931
332467029638000,19298000,0.18412209
332467049098000,19460000,0.62593746
332467068755000,19657000,1.1566114
332467088060000,19305000,0.75190353
332467107826000,19766000,0.2858858
332467127056000,19230000,2.7201538
332467146479000,19423000,8.14476
332467166018000,19539000,10.308964
332467185466000,19448000,7.2888527
332467204959000,19493000,3.8436928
332467224319000,19360000,1.4027576
332467243808000,19489000,-0.3058071
332467263318000,19510000,-0.74262905
332467282806000,19488000,-0.933239
332467302284000,19478000,-1.6314645
332467321738000,19454000,-2.2485428
332467341235000,19497000,-2.6936083
332467360736000,19501000,-3.3742566
332467380259000,19523000,-5.1208134
332467399695000,19436000,-5.6240954
332467419297000,19602000,-4.6064715
332467438743000,19446000,-3.1150374
332467458386000,19643000,-1.9113722
332467478343000,19957000,-1.7987375
332467497338000,18995000,-2.7681298
332467516794000,19456000,-2.1417618
332467536141000,19347000,0.95223427
332467555661000,19520000,3.0379953
332467575162000,19501000,1.4794741
332467594615000,19453000,0.72637177
332467614028000,19413000,1.8198195
332467633438000,19410000,3.3129654
332467652934000,19496000,3.6267767
332467672469000,19535000,3.003378
332467691885000,19416000,2.1659384
332467711507000,19622000,2.1263657
332467730840000,19333000,1.1047258
332467750370000,19530000,-0.111673355
332467769885000,19515000,-2.110845
332467789320000,19435000,-3.62
332467808806000,19486000,-4.57106
332467828304000,19498000,-4.893816
332467847850000,19546000,-5.0152454
332467867250000,19400000,-3.6583047
332467886705000,19455000,-2.0380754
332467906197000,19492000,-2.6563983
332467925729000,19532000,-3.211524
332467945198000,19469000,-2.4399042
332467964761000,19563000,-0.93776894
332467984320000,19559000,1.0404644
332468003749000,19429000,1.2262363
332468023417000,19668000,-0.10200977
332468042692000,19275000,2.1575232
332468062159000,19467000,8.281967
332468081800000,19641000,9.046843
332468101205000,19405000,5.568792
332468120688000,19483000,3.657022
332468140075000,19387000,3.4929743
332468159677000,19602000,3.882434
332468179011000,19334000,3.811139
332468198500000,19489000,2.8787804
332468217955000,19455000,2.0493011
332468237426000,19471000,0.2584238
332468256901000,19475000,-2.7130203
332468276460000,19559000,-5.051939
332468296124000,19664000,-6.4748607
332468315461000,19337000,-6.695265
332468335001000,19540000,-5.7341976
332468354591000,19590000,-3.9969978
332468374188000,19597000,-1.8163643
332468393578000,19390000,-0.37456512
332468412848000,19270000,-0.84068394
332468432365000,19517000,-1.8204117
332468451768000,19403000,-1.0254393
332468471291000,19523000,0.21215057
332468490755000,19464000,0.6156759
332468510694000,19939000,1.0937977
332468529670000,18976000,3.0670452
332468549131000,19461000,5.8355694
332468568782000,19651000,7.146515
332468588089000,19307000,6.068475
332468607565000,19476000,4.6201105
332468627044000,19479000,3.4437141
332468646592000,19548000,1.3848667
332468665894000,19302000,-0.8461137
332468685450000,19556000,-2.4984112
332468704963000,19513000,-3.4269028
332468724320000,19357000,-3.9609785
332468743795000,19475000,-4.5442224
332468763284000,19489000,-4.7763343
332468782843000,19559000,-4.5262012
332468802248000,19405000,-4.469633
332468821744000,19496000,-3.657404
332468841211000,19467000,-2.4661474
332468860813000,19602000,-1.7548552
332468880168000,19355000,-0.9907541
332468899663000,19495000,0.1276207
332468919117000,19454000,0.74818707
332468938602000,19485000,1.4727106
332468958111000,19509000,1.5991125
332468977672000,19561000,2.0914516
332468997134000,19462000,6.3656063
332469016559000,19425000,11.095928
332469036132000,19573000,10.369956
332469055756000,19624000,5.9929914
332469075016000,19260000,3.8343673
332469095292000,20276000,2.9030466
332469113926000,18634000,2.0806084
332469133378000,19452000,1.5561447
332469152832000,19454000,0.78415585
332469172483000,19651000,-0.18510342
332469191816000,19333000,-1.5637441
332469211322000,19506000,-2.9536548
332469231049000,19727000,-4.4921784
332469250549000,19500000,-5.7981524
332469269888000,19339000,-6.8178697
332469289324000,19436000,-6.9245644
332469308990000,19666000,-6.6037245
332469328303000,19313000,-6.4038615
332469348119000,19816000,-5.856983
332469367929000,19810000,-5.0965457
332469386846000,18917000,-4.8801904
332469406468000,19622000,-4.4796076
332469425687000,19219000,-3.5822663
332469445247000,19560000,-1.9280834
332469464799000,19552000,0.33543777
332469484397000,19598000,2.331767
332469503790000,19393000,2.2622404
332469523006000,19216000,3.5001602
332469542583000,19577000,7.850231
332469561836000,19253000,11.94479
332469581334000,19498000,12.109585
332469600864000,19530000,9.631041
332469620278000,19414000,7.656364
332469639795000,19517000,5.888368
332469659234000,19439000,4.0001054
332469678829000,19595000,3.067531
332469698303000,19474000,2.874072
332469718092000,19789000,2.398553
332469737234000,19142000,0.7861061
332469756610000,19376000,-1.4481874
332469776068000,19458000,-3.0013843
332469795567000,19499000,-3.3170695
332469815025000,19458000,-3.0461907
332469834531000,19506000,-3.5318823
332469853975000,19444000,-4.550161
332469873431000,19456000,-5.229637
332469892925000,19494000,-4.7789884
332469912436000,19511000,-3.9426818
332469931887000,19451000,-3.6224232
332469951324000,19437000,-3.688713
332469970798000,19474000,-3.765575
332469990267000,19469000,-2.9239712
332470009749000,19482000,-1.6916904
332470029247000,19498000,-0.7506933
332470048742000,19495000,-0.19003391
332470068485000,19743000,0.036130905
332470087764000,19279000,-0.2205944
332470107223000,19459000,-0.54889774
332470126811000,19588000,-0.4593315
332470146298000,19487000,-0.18808651
332470165804000,19506000,-0.04532051
332470185186000,19382000,-0.2431221
332470204835000,19649000,-0.64739037
332470224497000,19662000,-0.89217615
332470243828000,19331000,-0.76275206
332470263077000,19249000,0.051834106
332470282567000,19490000,1.4409409
332470302204000,19637000,2.393303
332470321796000,19592000,2.202921
332470341003000,19207000,1.0245485
332470361056000,20053000,0.58124065
332470379830000,18774000,0.79858685
332470399268000,19438000,1.4465961
332470418752000,19484000,1.8751907
332470438215000,19463000,1.5683289
332470457774000,19559000,1.3502445
332470477642000,19868000,1.336071
332470496730000,19088000,0.64664936
332470516360000,19630000,-0.20071888
332470535677000,19317000,-0.26541615
332470555143000,19466000,-0.15829182
332470574742000,19599000,-0.29811
332470594446000,19704000,-0.03091526
332470613794000,19348000,-0.61828136
332470633071000,19277000,-1.3687744
332470652762000,19691000,-2.1847944
332470672038000,19276000,-2.4709473
332470691705000,19667000,-1.9949651
332470710965000,19260000,-1.0044336
332470730452000,19487000,-1.0109043
332470749940000,19488000,-4.5042043
332470769347000,19407000,-1.5633044
332470788881000,19534000,1.9504747
332470808313000,19432000,-0.4196968
332470827697000,19384000,-1.8778944
332470847436000,19739000,-1.7763901
332470866663000,19227000,-1.3072963
332470886102000,19439000,-1.2580361
332470905602000,19500000,-1.1515517
332470925089000,19487000,-0.70200443
332470944534000,19445000,-0.006433487
332470964607000,20073000,0.91520405
332470983480000,18873000,2.0793266
332471003015000,19535000,3.4263015
332471022509000,19494000,2.5582976
332471041917000,19408000,0.5246692
332471061376000,19459000,-0.49451542
332471080859000,19483000,-0.8645334
332471100362000,19503000,-0.90977097
332471119822000,19460000,-0.090471745
332471139375000,19553000,1.482697
332471158793000,19418000,1.6114345
332471178499000,19706000,1.1028771
332471197719000,19220000,0.7254753
332471217252000,19533000,-0.2095089
332471236702000,19450000,-0.16861439
332471256163000,19461000,0.48557568
332471275649000,19486000,0.8350868
332471295090000,19441000,0.82352066
332471314580000,19490000,0.22146797
332471334064000,19484000,-0.10910225
332471353542000,19478000,-0.18731117
332471372985000,19443000,0.082821846
332471392473000,19488000,0.4334402
332471412039000,19566000,0.40500355
332471431446000,19407000,0.30378723
332471450914000,19468000,-0.17710495
332471470402000,19488000,-0.38690472
332471490032000,19630000,-0.45991325
332471509332000,19300000,-0.3194561
332471528922000,19590000,-0.17591
332471548294000,19372000,-0.392951
332471567921000,19627000,-0.39571
332471587209000,19288000,-0.31827545
332471606707000,19498000,-0.29463387
332471626229000,19522000,-0.3440485
332471645678000,19449000,-0.39017487
332471665137000,19459000,-0.280097
332471685757000,20620000,-0.013701439
332471704096000,18339000,-0.01393795
332471723670000,19574000,-0.031876564
332471743064000,19394000,0.08486271
332471762602000,19538000,-0.04756069
332471782019000,19417000,-0.14262009
332471801657000,19638000,0.048110962
332471820954000,19297000,-0.06956482
332471840487000,19533000,0.15533161
332471859922000,19435000,0.16719627
332471879399000,19477000,-0.03407097
332471898910000,19511000,-0.08457661
332471918352000,19442000,0.01580906
332471937889000,19537000,-0.07743454
332471957311000,19422000,0.28727818
332471976798000,19487000,0.38240337
332471996268000,19470000,0.4762373
332472015840000,19572000,0.14731789
332472035311000,19471000,0.00842762
332472054711000,19400000,0.09782696
332472074188000,19477000,0.07084465
332472093672000,19484000,-0.18717194
332472113208000,19536000,-0.10121918
332472132657000,19449000,0.21430016
332472152122000,19465000,0.3193159
332472171646000,19524000,0.36732006
332472191086000,19440000,0.10932827
332472210654000,19568000,0.15808964
332472230082000,19428000,0.18782139
332472249560000,19478000,0.29412556
332472269024000,19464000,0.36192036
332472288560000,19536000,0.2760744
332472308015000,19455000,0.074692726
332472327484000,19469000,0.025782585
332472346979000,19495000,-0.004711151
332472366463000,19484000,0.07917786
332472386000000,19537000,-0.22023582
332472405662000,19662000,-0.1555624
332472424953000,19291000,-0.12850285
332472444425000,19472000,-0.15772152
332472464323000,19898000,-0.12782574
332472483565000,19242000,-0.21088314
332472502966000,19401000,-0.061873436
332472522477000,19511000,0.30015278
332472541905000,19428000,0.20464993
332472561558000,19653000,0.20667362
332472580907000,19349000,0.3055191
332472600524000,19617000,0.21316719
332472619826000,19302000,0.15871239
332472639663000,19837000,0.17980385
332472659005000,19342000,-0.08788586
332472678366000,19361000,-0.14657497
332472697843000,19477000,-0.16858959
332472717248000,19405000,-3.4809113E-4
332472736910000,19662000,-0.1585474
332472756211000,19301000,-0.3744564
332472775867000,19656000,-0.20698929
332472795167000,19300000,-0.30676937
332472814630000,19463000,-0.23269176
332472834271000,19641000,-0.25242424
332472853704000,19433000,-0.078391075
332472873162000,19458000,0.19374752
332472892569000,19407000,-0.04910183
332472912032000,19463000,-0.32848072
332472931612000,19580000,-0.24258995
332472951025000,19413000,-0.34727097
332472970428000,19403000,-0.20218468
332472990178000,19750000,-0.15212727
332473009342000,19164000,0.03251934
332473028824000,19482000,0.102656364
332473048352000,19528000,0.15374088
332473067797000,19445000,0.16615772
332473087431000,19634000,0.25431538
332473106745000,19314000,0.3027277
332473126267000,19522000,0.23424053
332473145709000,19442000,0.22078133
332473165188000,19479000,0.051325798
332473184696000,19508000,0.07051182
332473204155000,19459000,-0.06629181
332473223705000,19550000,-0.1097641
332473243205000,19500000,-0.040183067
332473262739000,19534000,0.009028435
332473282144000,19405000,0.07686138
332473301992000,19848000,-0.14262867
332473321237000,19245000,-0.38074684
332473340710000,19473000,-0.043284416
332473360461000,19751000,0.14236927
332473379577000,19116000,0.15728092
332473399697000,20120000,0.1930933
332473418592000,18895000,0.1536169
332473438224000,19632000,-0.21046352
332473457555000,19331000,-0.11425686
332473476973000,19418000,-0.07514858
332473496603000,19630000,-0.16983223
332473515934000,19331000,-0.18761253
332473535585000,19651000,0.101447105
332473554942000,19357000,0.103627205
332473574628000,19686000,0.029596329
332473593933000,19305000,-0.04420662
332473613410000,19477000,-0.003027916
332473632878000,19468000,0.1146698
332473652794000,19916000,0.13636398
332473672106000,19312000,-0.053032875
332473691403000,19297000,-0.22380543
332473710893000,19490000,-0.012059212
332473730817000,19924000,0.04599762
332473749842000,19025000,-0.06861019
332473769302000,19460000,-0.08760929
332473788946000,19644000,0.16149998
332473808222000,19276000,0.2957096
332473827681000,19459000,-0.12556744
332473847156000,19475000,-0.06816387
332473866622000,19466000,0.04646015
332473886492000,19870000,0.141675
332473905585000,19093000,0.064276695
332473925201000,19616000,0.10151386
332473944506000,19305000,0.080955505
332473964356000,19850000,0.040818214
332473983593000,19237000,-0.07634735
332474002991000,19398000,-0.07898235
332474022361000,19370000,0.109648705
332474041829000,19468000,0.10661411
332474061392000,19563000,0.08439255
332474080805000,19413000,0.08132267
332474100286000,19481000,-0.017539024
332474119760000,19474000,-0.058974266
332474139255000,19495000,-0.15785885
332474158730000,19475000,-0.17998695
332474178218000,19488000,-0.12513828
332474197697000,19479000,0.10270405
332474217371000,19674000,0.1398077
332474236764000,19393000,0.043628693
332474256170000,19406000,0.08217907
332474275667000,19497000,-0.012904167
332474295221000,19554000,0.08376217
332474315036000,19815000,0.0846653
332474334253000,19217000,-0.048687935
332474353723000,19470000,-0.10573864
332474373514000,19791000,0.028386116
332474392635000,19121000,0.02814293
332474412180000,19545000,-0.02979374
332474431621000,19441000,-0.2411089
332474451283000,19662000,-0.35665894
332474470550000,19267000,0.1984129
332474490363000,19813000,0.045321465
332474509670000,19307000,0.12267399
332474529095000,19425000,-0.06757927
332474548611000,19516000,-0.104203224
332474567982000,19371000,0.22333622
332474587650000,19668000,0.1679039
332474606986000,19336000,0.30386925
332474626456000,19470000,0.11376476
332474645959000,19503000,0.28675938
332474665388000,19429000,0.03724289
332474684964000,19576000,-0.25193787
332474704448000,19484000,-0.1976738
332474723922000,19474000,-0.2976532
332474743566000,19644000,-0.28320313
332474762901000,19335000,-0.11532879
332474782348000,19447000,0.072509766
332474802003000,19655000,0.29990864
332474821278000,19275000,0.24132442
332474840753000,19475000,-0.14173222
332474860376000,19623000,-0.06430149
332474879694000,19318000,0.071061134
332474899320000,19626000,0.0534544
332474918695000,19375000,0.05505085
332474938259000,19564000,-0.077557564
332474957700000,19441000,-0.13380527
332474977154000,19454000,0.21188068
332474996849000,19695000,0.1358881
332475016104000,19255000,0.13616657
332475035705000,19601000,-0.036408424
332475055054000,19349000,0.058608055
332475074466000,19412000,0.057253838
332475093946000,19480000,-0.0021438599
332475113444000,19498000,-0.023749352
332475132864000,19420000,0.05001545
332475152396000,19532000,0.20011806
332475171833000,19437000,0.043580055
332475191307000,19474000,0.0018062592
332475210790000,19483000,0.074811935
332475230291000,19501000,0.16685104
332475249819000,19528000,-0.06682682
332475269218000,19399000,-0.18565655
332475288726000,19508000,-0.03631687
332475308200000,19474000,-0.039998055
332475327827000,19627000,-0.21563435
332475347199000,19372000,-0.19908428
332475367499000,20300000,0.04823494
332475386301000,18802000,0.06670666
332475405684000,19383000,-0.22017097
332475425369000,19685000,-0.31440735
332475444674000,19305000,-0.196908
332475464305000,19631000,0.036646843
332475483621000,19316000,0.27127552
332475503091000,19470000,-0.010324478
332475522548000,19457000,0.07254219
332475542028000,19480000,0.0022993088
332475561649000,19621000,-0.029902458
332475581030000,19381000,-0.17759132
332475600596000,19566000,-0.09614277
332475620043000,19447000,-0.034546852
332475639764000,19721000,0.27542782
332475658933000,19169000,0.18259811
332475678431000,19498000,0.22316647
332475697908000,19477000,0.12878704
332475717343000,19435000,0.14824581
332475736893000,19550000,0.03236866
332475756301000,19408000,-0.06565189
332475775959000,19658000,-0.011687279
332475795241000,19282000,0.21369267
332475815108000,19867000,0.17011929
332475834609000,19501000,0.049373627
332475853763000,19154000,-0.09091282
332475873385000,19622000,-0.21232033
332475892675000,19290000,-0.16130543
332475912213000,19538000,0.062479973
332475931672000,19459000,0.15293217
332475951321000,19649000,0.1485548
332475970595000,19274000,0.22169876
332475990141000,19546000,0.19979191
332476009523000,19382000,0.025060654
332476028984000,19461000,0.099404335
332476048421000,19437000,-0.037119865
332476067885000,19464000,-0.001584053
332476087397000,19512000,0.09105492
332476106941000,19544000,-0.21883488
332476126358000,19417000,-0.4522524
332476145836000,19478000,-0.30242062
332476165439000,19603000,0.02045536
332476184782000,19343000,0.19120789
332476204314000,19532000,-0.038909912
332476224118000,19804000,-0.21020031
332476243224000,19106000,-0.18881893
332476262885000,19661000,-0.032258034
332476282232000,19347000,0.010338783
332476301750000,19518000,0.2644415
332476321144000,19394000,0.63393974
332476340625000,19481000,0.8501015
332476360108000,19483000,0.6438656
332476379614000,19506000,0.35889053
332476399127000,19513000,0.18570042
332476418589000,19462000,0.123672485
332476438239000,19650000,0.3640833
332476457726000,19487000,0.54329014
332476477427000,19701000,0.6040602
332476496676000,19249000,0.37457561
332476516127000,19451000,-0.2598772
332476535707000,19580000,-0.45604324
332476555039000,19332000,-0.09793091
332476574842000,19803000,0.3749647
332476594135000,19293000,0.8298187
332476613653000,19518000,0.5967808
332476633061000,19408000,-0.07513428
332476652785000,19724000,-0.34344387
332476672033000,19248000,0.3855543
332476691325000,19292000,0.36890888
332476711694000,20369000,-0.5658264
332476730315000,18621000,-0.88618183
332476749912000,19597000,-0.6492729
332476769235000,19323000,-0.25657463
332476789099000,19864000,-1.162754
332476808271000,19172000,1.0380697
332476827734000,19463000,-0.45317173
332476847346000,19612000,0.32008362
332476866667000,19321000,0.04335022
332476886051000,19384000,0.47776413
332476905503000,19452000,-0.0059041977
332476925016000,19513000,-0.08726215
332476944452000,19436000,-0.3993845
332476963930000,19478000,-0.11924839
332476983409000,19479000,-0.070643425
332477002942000,19533000,0.014642715
332477022382000,19440000,0.42404175
332477041846000,19464000,0.60211277
332477061377000,19531000,0.4911623
332477080843000,19466000,0.10992241
332477100367000,19524000,-0.36963367
332477119799000,19432000,-0.46869183
332477139256000,19457000,-0.16765499
332477158751000,19495000,-0.021167755
332477178301000,19550000,-0.18155956
332477197729000,19428000,-0.11172581
332477217170000,19441000,-0.09834194
332477236685000,19515000,-0.045178413
332477256143000,19458000,0.08632469
332477275657000,19514000,-0.10599804
332477295150000,19493000,-0.37325764
332477314578000,19428000,-0.56234264
332477334086000,19508000,-0.61572266
332477353969000,19883000,-0.91609955
332477373066000,19097000,-0.026721
332477392515000,19449000,1.2675838
332477412031000,19516000,1.0128632
332477431483000,19452000,0.08896351
332477451333000,19850000,-0.24157238
332477470627000,19294000,-0.26750278
332477490057000,19430000,-0.29601955
332477509556000,19499000,0.6495495
332477528959000,19403000,1.6881704
332477548650000,19691000,1.1147442
332477568021000,19371000,0.4990778
