35771635639000,-960596263000,0.51801944,-0.4835738,-0.04889293
35771671080000,-960550777000,0.7285176,0.016361268,-0.057308253
35771635639000,-960579607000,0.2753224,0.016361268,-0.057308253
35771671080000,-960530523000,0.27531368,0.016364552,-0.05731361
35771635639000,-960562806000,-1.1116726,0.016364552,-0.05731361
35771671080000,-960511486000,-1.1116742,0.016365064,-0.05731421
35771635639000,-960546566000,-1.6912458,0.016365064,-0.05731421
35771671080000,-960628326000,-1.6911874,0.01625899,-0.057007316
35771635639000,-960663358000,0.7248215,0.01625899,-0.057007316
35771635639000,-960646539000,0.76208,0.01625899,-0.057007316
35771671080000,-960610063000,0.76200616,0.016305728,-0.0571474
35771635639000,-960629546000,0.7719731,0.016305728,-0.0571474
35771671080000,-960589193000,0.77192265,0.016336583,-0.05724333
35771635639000,-960612861000,0.7460475,0.016336583,-0.05724333
35771671080000,-960569612000,0.74602264,0.016353002,-0.05728998
35771671080000,-960706563000,0.74667937,0.015799642,-0.05594106
35771635639000,-960731500000,0.7008301,0.015799642,-0.05594106
35771671080000,-960687005000,0.7006676,0.015960937,-0.05626576
35771635639000,-960714715000,0.6872387,0.015960937,-0.05626576
35771671080000,-960667439000,0.6870735,0.016087918,-0.056555375
35771635639000,-960699439000,0.6809722,0.016087918,-0.056555375
35771671080000,-960649117000,0.6808232,0.016184362,-0.05680165
35771635639000,-960682965000,0.7064504,0.016184362,-0.05680165
35771635639000,-960816677000,0.71292275,0.016184362,-0.05680165
35771671080000,-960765291000,0.7138279,0.015137705,-0.054814514
35771635639000,-960799863000,0.7080336,0.015137705,-0.054814514
35771635639000,-960783085000,0.70186114,0.015137705,-0.054814514
35771671080000,-960745685000,0.7017,0.015380146,-0.05521116
35771635639000,-960766356000,0.6839615,0.015380146,-0.05521116
35771671080000,-960726152000,0.6837918,0.015604089,-0.055587754
35771635639000,-960748900000,0.69010085,0.015604089,-0.055587754
35771635639000,-960850540000,0.6923284,0.015604089,-0.055587754
35771671080000,-960804422000,0.6930386,0.014658018,-0.053966653
35771635639000,-960833692000,0.71476644,0.014658018,-0.053966653
35771671080000,-960785120000,0.71457577,0.014891184,-0.054398533
35771671080000,-960824316000,0.71499276,0.014448767,-0.05351349
35771635639000,-960867261000,0.7008559,0.014448767,-0.05351349
35771671080000,-960843875000,0.70112085,0.01426906,-0.053042106
35771635639000,-960884246000,0.7020753,0.01426906,-0.053042106
35771671080000,-960863305000,0.70237386,0.0141206635,-0.05255243
35771635639000,-960900593000,0.71555036,0.0141206635,-0.05255243
35771671080000,-960883095000,0.71587473,0.014003615,-0.052039053
35771635639000,-960918182000,0.7480214,0.014003615,-0.052039053
35771635639000,-960934068000,0.75297,0.014003615,-0.052039053
35771671080000,-960902277000,0.7533161,0.013913695,-0.051508237
35771635639000,-960951596000,0.76475847,0.013913695,-0.051508237
35771671080000,-960921886000,0.76512206,0.013843701,-0.05096346
35771635639000,-960969502000,0.7589286,0.013843701,-0.05096346
35771671080000,-960941452000,0.75930977,0.013781247,-0.050416395
35771635639000,-960984351000,0.7317183,0.013781247,-0.050416395
35771671080000,-960963495000,0.73211575,0.013709172,-0.049862105
35771635639000,-961002522000,0.7271902,0.013709172,-0.049862105
35771671080000,-960983015000,0.7275537,0.013622674,-0.049328648
35771635639000,-961019422000,0.72753805,0.013622674,-0.049328648
35771635639000,-961036945000,0.73241854,0.013622674,-0.049328648
35771671080000,-961002625000,0.73275805,0.013520934,-0.048822198
35771635639000,-961053589000,0.7323794,0.013520934,-0.048822198
35771671080000,-961022240000,0.73268646,0.013410634,-0.0483486
35771635639000,-961070122000,0.71494836,0.013410634,-0.0483486
35771671080000,-961041814000,0.7152334,0.013298496,-0.04791273
35771635639000,-961086855000,0.7037564,0.013298496,-0.04791273
35771671080000,-961061349000,0.70400494,0.013184873,-0.047517527
35771635639000,-961103992000,0.6865975,0.013184873,-0.047517527
35771671080000,-961080947000,0.6868085,0.013062042,-0.047163475
35771635639000,-961120473000,0.6816265,0.013062042,-0.047163475
35771671080000,-961100524000,0.6817896,0.012918529,-0.04685012
35771635639000,-961137205000,0.67911327,0.012918529,-0.04685012
35771635639000,-961153873000,0.6786389,0.012918529,-0.04685012
35771671080000,-961120048000,0.6787551,0.012747267,-0.04657737
35771635639000,-961170610000,0.69797814,0.012747267,-0.04657737
35771671080000,-961139623000,0.6980324,0.012549586,-0.046345238
35771635639000,-961187682000,0.7109476,0.012549586,-0.046345238
35771671080000,-961159261000,0.7109497,0.012332176,-0.046152424
35771635639000,-961204503000,0.72936016,0.012332176,-0.046152424
35771671080000,-961179059000,0.7293187,0.012101425,-0.045995645
35771635639000,-961221038000,0.7284672,0.012101425,-0.045995645
35771671080000,-961198366000,0.7283981,0.011864566,-0.045867376
35771635639000,-961237711000,0.71560436,0.011864566,-0.045867376
35771671080000,-961217927000,0.7155223,0.011624741,-0.045755614
35771635639000,-961254424000,0.70008963,0.011624741,-0.045755614
35771635639000,-961271705000,0.6765865,0.011624741,-0.045755614
35771671080000,-961237674000,0.6765129,0.011383947,-0.045642983
35771635639000,-961288336000,0.6709539,0.011383947,-0.045642983
35771671080000,-961257123000,0.6708969,0.011142183,-0.04551284
35771635639000,-961304686000,0.67798895,0.011142183,-0.04551284
35771671080000,-961276639000,0.6779527,0.010894883,-0.04535289
35771635639000,-961321398000,0.69141775,0.010894883,-0.04535289
35771671080000,-961296256000,0.6914005,0.010637113,-0.045157526
35771635639000,-961338171000,0.6909331,0.010637113,-0.045157526
35771671080000,-961315801000,0.6909362,0.010368103,-0.04492852
35771635639000,-961354817000,0.69052386,0.010368103,-0.04492852
35771671080000,-961335397000,0.6905449,0.010091653,-0.04467205
35771635639000,-961371772000,0.6847373,0.010091653,-0.04467205
35771635639000,-961388389000,0.66590214,0.010091653,-0.04467205
35771671080000,-961354955000,0.66595083,0.009814627,-0.044396427
35771635639000,-961405049000,0.6714269,0.009814627,-0.044396427
35771671080000,-961374549000,0.67148834,0.0095420275,-0.04410704
35771635639000,-961421829000,0.6723513,0.0095420275,-0.04410704
35771671080000,-961394174000,0.6724282,0.009277545,-0.043806333
35771635639000,-961439268000,0.67743534,0.009277545,-0.043806333
35771671080000,-961413717000,0.67752904,0.009027097,-0.043496642
35771635639000,-961455841000,0.6960768,0.009027097,-0.043496642
35771671080000,-961433286000,0.6961821,0.00879868,-0.043181244
35771635639000,-961472484000,0.70889646,0.00879868,-0.043181244
35771671080000,-961452877000,0.7090163,0.008600504,-0.04286699
35771635639000,-961489422000,0.73144305,0.008600504,-0.04286699
35771635639000,-961505962000,0.74574006,0.008600504,-0.04286699
35771671080000,-961472423000,0.74585783,0.008439948,-0.042566646
35771635639000,-961523002000,0.7395255,0.008439948,-0.042566646
35771671080000,-961491982000,0.7396565,0.008323967,-0.042296458
35771635639000,-961539648000,0.7498784,0.008323967,-0.042296458
35771671080000,-961511543000,0.75000715,0.008258087,-0.042071037
35771635639000,-961556208000,0.738311,0.008258087,-0.042071037
35771671080000,-961531137000,0.73843694,0.008244483,-0.041900717
35771635639000,-961573000000,0.7369135,0.008244483,-0.041900717
35771671080000,-961550747000,0.73703337,0.00828127,-0.04178998
35771635639000,-961589744000,0.73189163,0.00828127,-0.04178998
35771671080000,-961570468000,0.7319973,0.008364047,-0.041735645
35771635639000,-961606863000,0.71364236,0.008364047,-0.041735645
35771635639000,-961623235000,0.71890575,0.008364047,-0.041735645
35771671080000,-961589850000,0.7190044,0.008484123,-0.041726418
35771635639000,-961640270000,0.7133064,0.008484123,-0.041726418
35771671080000,-961609473000,0.713397,0.008635082,-0.041753016
35771635639000,-961656940000,0.72493494,0.008635082,-0.041753016
35771671080000,-961629000000,0.7250219,0.008809326,-0.04180756
35771635639000,-961673545000,0.7261407,0.008809326,-0.04180756
35771671080000,-961648667000,0.72621953,0.009001996,-0.04188601
35771635639000,-961690372000,0.7063833,0.009001996,-0.04188601
35771671080000,-961668160000,0.70644915,0.009208167,-0.04198408
35771635639000,-961707062000,0.7059672,0.009208167,-0.04198408
35771671080000,-961687755000,0.70602816,0.0094237365,-0.042095646
35771635639000,-961724119000,0.7064498,0.0094237365,-0.042095646
35771635639000,-961740655000,0.7064498,0.0094237365,-0.042095646
35771671080000,-961707311000,0.7065097,0.00964413,-0.0422119
35771635639000,-961757263000,0.69929963,0.00964413,-0.0422119
35771671080000,-961726947000,0.69936216,0.009867867,-0.042326737
35771635639000,-961773997000,0.6886238,0.009867867,-0.042326737
35771671080000,-961746479000,0.6886885,0.010094967,-0.042437796
35771635639000,-961790780000,0.6842508,0.010094967,-0.042437796
35771671080000,-961766040000,0.6843193,0.010324873,-0.04254521
35771635639000,-961807458000,0.68337715,0.010324873,-0.04254521
35771671080000,-961785643000,0.6834476,0.010555065,-0.042650685
35771635639000,-961824355000,0.7072713,0.010555065,-0.042650685
35771671080000,-961805213000,0.7073442,0.010781208,-0.04275683
35771635639000,-961841157000,0.7071386,0.010781208,-0.04275683
35771635639000,-961857641000,0.71156484,0.010781208,-0.04275683
35771671080000,-961824767000,0.7116306,0.010996853,-0.042866033
35771635639000,-961874370000,0.7293746,0.010996853,-0.042866033
35771671080000,-961844341000,0.729428,0.01119465,-0.042980213
35771635639000,-961891500000,0.71105725,0.01119465,-0.042980213
35771671080000,-961863938000,0.71108466,0.011369882,-0.043100875
35771635639000,-961908191000,0.7123442,0.011369882,-0.043100875
35771671080000,-961883785000,0.7123476,0.011521105,-0.043229204
35771635639000,-961925105000,0.7011136,0.011521105,-0.043229204
35771671080000,-961903058000,0.70109135,0.011646516,-0.043363545
35771635639000,-961941812000,0.6878694,0.011646516,-0.043363545
35771671080000,-961922721000,0.687817,0.0117398035,-0.043503605
35771635639000,-961958679000,0.70069855,0.0117398035,-0.043503605
35771635639000,-961975505000,0.70559853,0.0117398035,-0.043503605
35771671080000,-961942220000,0.70551944,0.011795441,-0.043646615
35771635639000,-961992471000,0.7290856,0.011795441,-0.043646615
35771671080000,-961962033000,0.728981,0.011812737,-0.043789577
35771635639000,-962008930000,0.7361759,0.011812737,-0.043789577
35771671080000,-961981405000,0.7360568,0.01179878,-0.043926843
35771635639000,-962025749000,0.76305205,0.01179878,-0.043926843
35771671080000,-962000953000,0.76292527,0.011758604,-0.044053305
35771635639000,-962042592000,0.76880777,0.011758604,-0.044053305
35771671080000,-962020548000,0.76867855,0.0116972225,-0.044164717
35771635639000,-962059795000,0.76336074,0.0116972225,-0.044164717
35771671080000,-962040042000,0.76323646,0.011623326,-0.0442589
35771635639000,-962076387000,0.75666416,0.011623326,-0.0442589
35771635639000,-962093040000,0.7347296,0.011623326,-0.0442589
35771671080000,-962059738000,0.73461217,0.011548749,-0.04433607
35771635639000,-962109836000,0.7167911,0.011548749,-0.04433607
35771671080000,-962079186000,0.7166913,0.011483971,-0.044399004
35771635639000,-962126575000,0.7162669,0.011483971,-0.044399004
35771671080000,-962098989000,0.7161846,0.011432591,-0.044451173
35771635639000,-962145334000,0.71148455,0.011432591,-0.044451173
35771671080000,-962118405000,0.7114181,0.011390823,-0.044495314
35771635639000,-962160036000,0.71711606,0.011390823,-0.044495314
35771671080000,-962137903000,0.7170582,0.011352344,-0.044531338
35771635639000,-962177235000,0.73862386,0.011352344,-0.044531338
35771671080000,-962157512000,0.7385751,0.011313475,-0.044556167
35771635639000,-962194237000,0.7447854,0.011313475,-0.044556167
35771635639000,-962210769000,0.7505221,0.011313475,-0.044556167
35771671080000,-962177084000,0.75048524,0.011275445,-0.044567168
35771635639000,-962227499000,0.7352126,0.011275445,-0.044567168
35771671080000,-962197633000,0.73519266,0.011243085,-0.044562954
35771635639000,-962244983000,0.71909535,0.011243085,-0.044562954
35771671080000,-962216182000,0.71909326,0.011221135,-0.04454607
35771635639000,-962262245000,0.7135401,0.011221135,-0.04454607
35771671080000,-962235763000,0.71355987,0.011211666,-0.04451263
35771635639000,-962278769000,0.7240734,0.011211666,-0.04451263
35771671080000,-962255412000,0.72411084,0.01120917,-0.044462603
35771635639000,-962295759000,0.75678873,0.01120917,-0.044462603
35771671080000,-962274896000,0.7568313,0.011204436,-0.04440232
35771635639000,-962312268000,0.78362083,0.011204436,-0.04440232
35771635639000,-962328925000,0.78902674,0.011204436,-0.04440232
35771671080000,-962294511000,0.789058,0.011186287,-0.044341203
35771635639000,-962345641000,0.77361554,0.011186287,-0.044341203
35771671080000,-962314023000,0.7736237,0.011142687,-0.044287223
35771635639000,-962362786000,0.751271,0.011142687,-0.044287223
35771671080000,-962333598000,0.7512463,0.01106366,-0.04424436
35771635639000,-962379472000,0.72355765,0.01106366,-0.04424436
35771671080000,-962353143000,0.7234986,0.010945468,-0.044211935
35771635639000,-962396172000,0.7227906,0.010945468,-0.044211935
35771671080000,-962372713000,0.72270095,0.010791331,-0.04418412
35771635639000,-962412737000,0.7054978,0.010791331,-0.04418412
35771671080000,-962392304000,0.7053973,0.010611986,-0.044152215
35771635639000,-962429564000,0.6983746,0.010611986,-0.044152215
35771635639000,-962446225000,0.7053973,0.010611986,-0.044152215
35771671080000,-962411863000,0.70530033,0.01042428,-0.044108942
35771635639000,-962463044000,0.68638515,0.01042428,-0.044108942
35771671080000,-962431481000,0.68631136,0.010247869,-0.044050097
35771635639000,-962480194000,0.7074079,0.010247869,-0.044050097
35771671080000,-962451149000,0.707365,0.010101471,-0.043974586
35771635639000,-962497244000,0.7134771,0.010101471,-0.043974586
35771671080000,-962470623000,0.71347606,0.009998184,-0.043885298
35771635639000,-962514116000,0.7064333,0.009998184,-0.043885298
35771671080000,-962490264000,0.7064786,0.00994755,-0.043788247
35771635639000,-962530873000,0.7062507,0.00994755,-0.043788247
35771671080000,-962509732000,0.7063388,0.009955857,-0.043692514
35771635639000,-962547515000,0.69681084,0.009955857,-0.043692514
35771635639000,-962564271000,0.67697173,0.009955857,-0.043692514
35771671080000,-962529294000,0.6771004,0.010027812,-0.04360587
35771635639000,-962580943000,0.6900136,0.010027812,-0.04360587
35771671080000,-962548867000,0.69017524,0.010162228,-0.043533623
35771635639000,-962597889000,0.68529433,0.010162228,-0.043533623
35771671080000,-962568539000,0.6854778,0.01035373,-0.04347883
35771635639000,-962614817000,0.6908175,0.01035373,-0.04347883
35771671080000,-962588400000,0.69102085,0.010593195,-0.043443263
35771635639000,-962631465000,0.70525724,0.010593195,-0.043443263
35771671080000,-962607648000,0.7054617,0.01086225,-0.043425888
35771635639000,-962648062000,0.7117032,0.01086225,-0.043425888
35771671080000,-962627239000,0.7119054,0.011146539,-0.043425024
35771635639000,-962664738000,0.7176666,0.011146539,-0.043425024
35771635639000,-962681485000,0.71212226,0.011146539,-0.043425024
35771671080000,-962646755000,0.7123129,0.011427047,-0.043438394
35771635639000,-962698550000,0.7114675,0.011427047,-0.043438394
35771671080000,-962666330000,0.7116318,0.0116848145,-0.04346595
35771635639000,-962714943000,0.7012419,0.0116848145,-0.04346595
35771671080000,-962685901000,0.70136005,0.011901856,-0.043508142
35771635639000,-962732217000,0.7001784,0.011901856,-0.043508142
35771671080000,-962705488000,0.7002457,0.012062261,-0.043565
35771635639000,-962748764000,0.7046302,0.012062261,-0.043565
35771671080000,-962725126000,0.70463675,0.012153576,-0.043635957
35771635639000,-962765450000,0.70536745,0.012153576,-0.043635957
35771671080000,-962744644000,0.7053092,0.012169711,-0.0437186
35771635639000,-962782362000,0.70181733,0.012169711,-0.0437186
35771635639000,-962799278000,0.7141629,0.012169711,-0.0437186
35771671080000,-962764295000,0.7140392,0.01210841,-0.043809645
35771635639000,-962815987000,0.70853686,0.01210841,-0.043809645
35771671080000,-962783830000,0.7083558,0.011973762,-0.04390536
35771635639000,-962832819000,0.7083558,0.011973762,-0.04390536
35771671080000,-962803446000,0.7081223,0.01177144,-0.044003706
35771635639000,-962849545000,0.7052044,0.01177144,-0.044003706
35771671080000,-962823050000,0.7049358,0.011511735,-0.04410191
35771635639000,-962866332000,0.7061332,0.011511735,-0.04410191
35771671080000,-962842548000,0.7058392,0.011209191,-0.04419307
35771635639000,-962883265000,0.7125657,0.011209191,-0.04419307
35771671080000,-962862157000,0.71226776,0.010878539,-0.044265963
35771635639000,-962900079000,0.724166,0.010878539,-0.044265963
35771635639000,-962916699000,0.71106875,0.010878539,-0.044265963
35771671080000,-962881681000,0.71078193,0.010536696,-0.04430775
35771635639000,-962933459000,0.70877284,0.010536696,-0.04430775
35771671080000,-962901256000,0.70852333,0.01020006,-0.044307172
35771635639000,-962950185000,0.7087477,0.01020006,-0.044307172
35771671080000,-962920859000,0.7085587,0.009885719,-0.044257052
35771635639000,-962967050000,0.7065147,0.009885719,-0.044257052
35771671080000,-962940431000,0.70639974,0.00961069,-0.044154428
35771635639000,-962983902000,0.7184555,0.00961069,-0.044154428
35771671080000,-962960035000,0.71841997,0.009388406,-0.04400029
35771635639000,-963000829000,0.69797033,0.009388406,-0.04400029
35771671080000,-962979597000,0.69801974,0.009224929,-0.043802775
35771635639000,-963017180000,0.67890143,0.009224929,-0.043802775
35771635639000,-963033959000,0.64713126,0.009224929,-0.043802775
35771671080000,-962999161000,0.6472652,0.009119773,-0.043576173
35771635639000,-963050813000,0.6470155,0.009119773,-0.043576173
35771671080000,-963018853000,0.6472026,0.009070411,-0.043335654
35771635639000,-963067866000,0.65100694,0.009070411,-0.043335654
35771671080000,-963038319000,0.651235,0.009075046,-0.043093722
35771635639000,-963084612000,0.6620915,0.009075046,-0.043093722
35771671080000,-963057955000,0.66235554,0.009138866,-0.04285721
35771635639000,-963101286000,0.6806736,0.009138866,-0.04285721
35771671080000,-963077456000,0.68097055,0.009266995,-0.0426327
35771635639000,-963118131000,0.68378043,0.009266995,-0.0426327
35771671080000,-963097070000,0.6841051,0.009462971,-0.04242652
35771635639000,-963134643000,0.6772763,0.009462971,-0.04242652
35771635639000,-963151654000,0.67750746,0.009462971,-0.04242652
35771671080000,-963116721000,0.67785895,0.009724221,-0.042245004
35771635639000,-963168202000,0.68468064,0.009724221,-0.042245004
35771671080000,-963136194000,0.6850432,0.010041359,-0.04209277
35771635639000,-963185014000,0.6820286,0.010041359,-0.04209277
35771671080000,-963155788000,0.6824043,0.010401384,-0.041971166
35771635639000,-963202258000,0.70434725,0.010401384,-0.041971166
35771671080000,-963175314000,0.7047098,0.01078193,-0.041877586
35771635639000,-963218821000,0.71708107,0.01078193,-0.041877586
35771671080000,-963194964000,0.71742404,0.011159371,-0.04180717
35771635639000,-963235714000,0.72451305,0.011159371,-0.04180717
35771671080000,-963214537000,0.72481924,0.011514201,-0.041753963
35771635639000,-963252215000,0.7372164,0.011514201,-0.041753963
35771635639000,-963268914000,0.730619,0.011514201,-0.041753963
35771671080000,-963234057000,0.7308873,0.011835161,-0.041715093
35771635639000,-963285603000,0.7312654,0.011835161,-0.041715093
35771671080000,-963253643000,0.7314877,0.012116261,-0.041692734
35771635639000,-963302414000,0.716045,0.012116261,-0.041692734
35771671080000,-963273200000,0.7162237,0.01235313,-0.041689724
35771635639000,-963319346000,0.7043269,0.01235313,-0.041689724
35771671080000,-963292832000,0.7044508,0.012540909,-0.041705903
35771635639000,-963335911000,0.70655835,0.012540909,-0.041705903
35771671080000,-963312476000,0.7066292,0.012674147,-0.041737687
35771635639000,-963352861000,0.6900714,0.012674147,-0.041737687
35771671080000,-963331991000,0.69008934,0.012747064,-0.041778002
35771635639000,-963369821000,0.6848995,0.012747064,-0.041778002
35771635639000,-963386481000,0.69657576,0.012747064,-0.041778002
35771671080000,-963351559000,0.6965448,0.012751503,-0.04181825
35771635639000,-963403354000,0.6959061,0.012751503,-0.04181825
35771671080000,-963371077000,0.6958273,0.0126817245,-0.041852444
35771635639000,-963420131000,0.7108213,0.0126817245,-0.041852444
35771671080000,-963390807000,0.7106926,0.012538552,-0.04188036
35771635639000,-963436876000,0.71701485,0.012538552,-0.04188036
35771671080000,-963410274000,0.7168444,0.012336138,-0.041906238
35771635639000,-963453530000,0.72309774,0.012336138,-0.041906238
35771671080000,-963429825000,0.7228902,0.012088056,-0.04193609
35771635639000,-963470477000,0.7342234,0.012088056,-0.04193609
35771671080000,-963449460000,0.733977,0.0118070915,-0.04197623
35771635639000,-963487017000,0.72777814,0.0118070915,-0.04197623
35771635639000,-963503679000,0.7337838,0.0118070915,-0.04197623
35771671080000,-963468979000,0.73350865,0.011507656,-0.04203178
35771635639000,-963520400000,0.7269098,0.011507656,-0.04203178
35771671080000,-963488580000,0.72661185,0.011205195,-0.042106442
35771635639000,-963537331000,0.7207417,0.011205195,-0.042106442
35771671080000,-963508145000,0.7204433,0.010918206,-0.04220041
35771635639000,-963553921000,0.73249954,0.010918206,-0.04220041
35771671080000,-963527720000,0.7322128,0.010664021,-0.04231037
35771635639000,-963570820000,0.72751814,0.010664021,-0.04231037
35771671080000,-963547297000,0.72726345,0.010454958,-0.0424316
35771635639000,-963587418000,0.7233753,0.010454958,-0.0424316
35771671080000,-963566874000,0.7231543,0.010297165,-0.042561512
35771635639000,-963604238000,0.72366154,0.010297165,-0.042561512
35771635639000,-963620943000,0.7118078,0.010297165,-0.042561512
35771671080000,-963586481000,0.71161467,0.010190603,-0.042700317
35771635639000,-963637658000,0.6988476,0.010190603,-0.042700317
35771671080000,-963606169000,0.6986807,0.010130808,-0.042847987
35771635639000,-963654714000,0.7049888,0.010130808,-0.042847987
35771671080000,-963625619000,0.7048478,0.010112251,-0.043001477
35771635639000,-963671279000,0.7106538,0.010112251,-0.043001477
35771671080000,-963645284000,0.71054167,0.01013403,-0.04315691
35771635639000,-963687904000,0.6993016,0.01013403,-0.04315691
35771671080000,-963664753000,0.6992209,0.010194087,-0.04330722
35771635639000,-963704516000,0.71002686,0.010194087,-0.04330722
35771671080000,-963684399000,0.70998013,0.010287657,-0.0434447
35771635639000,-963721274000,0.707503,0.010287657,-0.0434447
35771635639000,-963738077000,0.6912365,0.010287657,-0.0434447
35771671080000,-963703896000,0.69121796,0.010402789,-0.043562364
35771635639000,-963754896000,0.69884247,0.010402789,-0.043562364
35771671080000,-963723963000,0.69885534,0.01052693,-0.04365272
35771635639000,-963771626000,0.6875346,0.01052693,-0.04365272
35771671080000,-963743155000,0.6875698,0.010645165,-0.04370942
35771635639000,-963788434000,0.67627954,0.010645165,-0.04370942
35771671080000,-963762638000,0.67633706,0.010747779,-0.043724753
35771635639000,-963805071000,0.6701539,0.010747779,-0.043724753
35771671080000,-963782263000,0.6702362,0.010829722,-0.043693505
35771635639000,-963821846000,0.6620999,0.010829722,-0.043693505
35771671080000,-963801891000,0.66221327,0.010890775,-0.04361194
35771635639000,-963838671000,0.6737353,0.010890775,-0.04361194
35771635639000,-963855402000,0.67853904,0.010890775,-0.04361194
35771671080000,-963821414000,0.6786883,0.010931925,-0.04347782
35771635639000,-963872326000,0.7043942,0.010931925,-0.04347782
35771671080000,-963841119000,0.7045698,0.0109514175,-0.043288823
35771635639000,-963888912000,0.72009706,0.0109514175,-0.043288823
35771671080000,-963860530000,0.7202978,0.010945326,-0.043047883
35771635639000,-963905881000,0.71102405,0.010945326,-0.043047883
35771671080000,-963880102000,0.71123976,0.010905381,-0.042757325
35771635639000,-963922420000,0.71249694,0.010905381,-0.042757325
35771671080000,-963899633000,0.7127061,0.01082248,-0.04242951
35771635639000,-963939262000,0.7054161,0.01082248,-0.04242951
35771671080000,-963919211000,0.70561266,0.010691571,-0.0420838
35771635639000,-963955945000,0.71843106,0.010691571,-0.0420838
35771635639000,-963972734000,0.73344964,0.010691571,-0.0420838
35771671080000,-963938807000,0.73360246,0.0105166435,-0.041739028
35771635639000,-963989513000,0.72659755,0.0105166435,-0.041739028
35771671080000,-963958450000,0.72671926,0.010307746,-0.04140796
35771635639000,-964006403000,0.7173259,0.010307746,-0.04140796
35771671080000,-963978007000,0.71741384,0.010077059,-0.04109969
35771635639000,-964023584000,0.6994902,0.010077059,-0.04109969
35771671080000,-963997722000,0.6995519,0.009835164,-0.040821906
35771635639000,-964040095000,0.70666265,0.009835164,-0.040821906
35771671080000,-964017114000,0.70668864,0.009594137,-0.04058212
35771635639000,-964056910000,0.73073864,0.009594137,-0.04058212
35771671080000,-964036670000,0.7307277,0.009363884,-0.04038709
35771635639000,-964073896000,0.72852737,0.009363884,-0.04038709
35771635639000,-964090867000,0.72833097,0.009363884,-0.04038709
35771671080000,-964056228000,0.7282949,0.009154425,-0.04024243
35771635639000,-964107281000,0.72192895,0.009154425,-0.04024243
35771671080000,-964076214000,0.721871,0.008976351,-0.04015406
35771635639000,-964123966000,0.70526814,0.008976351,-0.04015406
35771671080000,-964095371000,0.7051952,0.008840044,-0.040123172
35771635639000,-964141105000,0.7094634,0.008840044,-0.040123172
35771671080000,-964115009000,0.709372,0.008757704,-0.040160835
35771635639000,-964157724000,0.733973,0.008757704,-0.040160835
35771671080000,-964134712000,0.7338629,0.008735819,-0.040276706
35771635639000,-964174361000,0.7177184,0.008735819,-0.040276706
35771671080000,-964154130000,0.71758413,0.00877104,-0.040471345
35771635639000,-964191094000,0.70669436,0.00877104,-0.040471345
35771635639000,-964208280000,0.7075849,0.00877104,-0.040471345
35771671080000,-964173724000,0.7074276,0.008857368,-0.04073878
35771635639000,-964224945000,0.6888211,0.008857368,-0.04073878
35771671080000,-964193592000,0.6886417,0.008989355,-0.041061766
35771635639000,-964241525000,0.70725715,0.008989355,-0.041061766
35771671080000,-964212844000,0.7070935,0.009158976,-0.04140888
35771635639000,-964258458000,0.7119241,0.009158976,-0.04140888
35771671080000,-964232411000,0.71178734,0.009364576,-0.04175595
35771635639000,-964274986000,0.7214538,0.009364576,-0.04175595
35771671080000,-964252047000,0.7213621,0.009601834,-0.04208017
35771635639000,-964291714000,0.71511716,0.009601834,-0.04208017
35771671080000,-964271630000,0.71507335,0.009865263,-0.042364966
35771635639000,-964308585000,0.68916607,0.009865263,-0.042364966
35771635639000,-964325482000,0.69164616,0.009865263,-0.042364966
35771671080000,-964291143000,0.6916457,0.010148576,-0.04260287
35771635639000,-964342256000,0.674318,0.010148576,-0.04260287
35771671080000,-964311139000,0.67436075,0.01044748,-0.042795252
35771635639000,-964359090000,0.6813024,0.01044748,-0.042795252
35771671080000,-964330270000,0.68137974,0.010751524,-0.04295317
35771635639000,-964376163000,0.6880241,0.010751524,-0.04295317
35771671080000,-964349866000,0.68812066,0.011055821,-0.043090068
35771635639000,-964392474000,0.70493954,0.011055821,-0.043090068
35771671080000,-964369371000,0.7050398,0.011347587,-0.043220744
35771635639000,-964409185000,0.69945216,0.011347587,-0.043220744
35771671080000,-964388940000,0.69952554,0.0116104195,-0.043356992
35771635639000,-964425887000,0.69292927,0.0116104195,-0.043356992
35771635639000,-964442772000,0.7083408,0.0116104195,-0.043356992
35771671080000,-964408522000,0.7083776,0.011830106,-0.043504905
35771635639000,-964459562000,0.704724,0.011830106,-0.043504905
35771671080000,-964428302000,0.7047104,0.011999166,-0.043666795
35771635639000,-964476146000,0.72042996,0.011999166,-0.043666795
35771671080000,-964447636000,0.72037387,0.012118738,-0.043839782
35771635639000,-964492848000,0.72113496,0.012118738,-0.043839782
35771671080000,-964467219000,0.7210399,0.012192174,-0.044019226
35771635639000,-964509581000,0.7059958,0.012192174,-0.044019226
35771671080000,-964486855000,0.70587087,0.012225162,-0.04419724
35771635639000,-964526363000,0.6876208,0.012225162,-0.04419724
35771671080000,-964506359000,0.68747205,0.012223539,-0.04436751
35771635639000,-964543229000,0.68747205,0.012223539,-0.04436751
35771635639000,-964560099000,0.6810924,0.012223539,-0.04436751
35771671080000,-964525964000,0.68093026,0.012191418,-0.04452634
35771635639000,-964577079000,0.6934322,0.012191418,-0.04452634
35771671080000,-964545736000,0.69326925,0.012133298,-0.04467072
35771635639000,-964593744000,0.7167826,0.012133298,-0.04467072
35771671080000,-964565117000,0.71662164,0.012056932,-0.0447994
35771635639000,-964610762000,0.7230332,0.012056932,-0.0447994
35771671080000,-964584725000,0.72287655,0.011968801,-0.04491486
35771635639000,-964627212000,0.73229086,0.011968801,-0.04491486
35771671080000,-964604222000,0.7321337,0.011875787,-0.04502307
35771635639000,-964644218000,0.7497636,0.011875787,-0.04502307
35771671080000,-964623842000,0.7496066,0.011783948,-0.045131534
35771635639000,-964660959000,0.74379295,0.011783948,-0.045131534
35771635639000,-964677663000,0.73154944,0.011783948,-0.045131534
35771671080000,-964643362000,0.7313901,0.01169814,-0.045245897
35771635639000,-964694470000,0.72494614,0.01169814,-0.045245897
35771671080000,-964663694000,0.72478,0.011619056,-0.045371696
35771635639000,-964711292000,0.7114572,0.011619056,-0.045371696
35771671080000,-964682673000,0.7112836,0.01154463,-0.0455069
35771635639000,-964728335000,0.7068997,0.01154463,-0.0455069
35771671080000,-964702072000,0.7067225,0.011471491,-0.045652512
35771635639000,-964744815000,0.718581,0.011471491,-0.045652512
35771671080000,-964721665000,0.7183964,0.011398033,-0.045807075
35771635639000,-964761688000,0.72469264,0.011398033,-0.045807075
35771671080000,-964741215000,0.72450477,0.011323969,-0.045966517
35771635639000,-964778323000,0.7144529,0.011323969,-0.045966517
35771635639000,-964795199000,0.70565075,0.011323969,-0.045966517
35771671080000,-964760810000,0.7054582,0.011249311,-0.04612352
35771635639000,-964812167000,0.70138544,0.011249311,-0.04612352
35771671080000,-964780374000,0.70120525,0.011173706,-0.046266288
35771635639000,-964829669000,0.696072,0.011173706,-0.046266288
35771671080000,-964799975000,0.6959171,0.011094725,-0.04637948
35771635639000,-964845564000,0.70854473,0.011094725,-0.04637948
35771671080000,-964819644000,0.7084249,0.011008424,-0.04644667
35771635639000,-964862299000,0.72596896,0.011008424,-0.04644667
35771671080000,-964839108000,0.7258891,0.010913327,-0.04645706
35771635639000,-964878981000,0.7258891,0.010913327,-0.04645706
35771671080000,-964858733000,0.725853,0.010811368,-0.046408754
35771635639000,-964895876000,0.73819095,0.010811368,-0.046408754
35771635639000,-964912614000,0.74251795,0.010811368,-0.046408754
35771671080000,-964878223000,0.74251723,0.010707977,-0.046313416
35771635639000,-964929291000,0.7484877,0.010707977,-0.046313416
35771671080000,-964898306000,0.7485166,0.010608703,-0.046183288
35771635639000,-964945951000,0.748935,0.010608703,-0.046183288
35771671080000,-964917340000,0.74898577,0.0105188545,-0.046033528
35771635639000,-964962929000,0.74281865,0.0105188545,-0.046033528
35771671080000,-964936927000,0.74289054,0.010437345,-0.04586735
35771635639000,-964979490000,0.738785,0.010437345,-0.04586735
35771671080000,-964956530000,0.7388676,0.010356844,-0.04568936
35771635639000,-964996218000,0.7270069,0.010356844,-0.04568936
35771671080000,-964976070000,0.7270922,0.0102686,-0.045505147
35771635639000,-965013015000,0.73331684,0.0102686,-0.045505147
35771635639000,-965029750000,0.73947114,0.0102686,-0.045505147
35771671080000,-964995667000,0.7395422,0.010166867,-0.045320623
35771635639000,-965046581000,0.73360616,0.010166867,-0.045320623
35771671080000,-965015370000,0.7336642,0.010050776,-0.045141544
35771635639000,-965063172000,0.7332909,0.010050776,-0.045141544
35771671080000,-965034793000,0.73333246,0.009924509,-0.044974286
35771635639000,-965079898000,0.7192405,0.009924509,-0.044974286
35771671080000,-965054382000,0.7192676,0.009793118,-0.044824507
35771635639000,-965096648000,0.7064277,0.009793118,-0.044824507
35771671080000,-965073962000,0.70644313,0.009663999,-0.044694792
35771635639000,-965113364000,0.6997982,0.009663999,-0.044694792
35771671080000,-965093589000,0.6998067,0.009544702,-0.044583287
35771635639000,-965130128000,0.7023883,0.009544702,-0.044583287
35771635639000,-965146931000,0.7040661,0.009544702,-0.044583287
35771671080000,-965113083000,0.70407194,0.009440442,-0.044486664
35771635639000,-965163557000,0.7113184,0.009440442,-0.044486664
35771671080000,-965132671000,0.7113269,0.009354513,-0.044400986
35771635639000,-965180333000,0.728832,0.009354513,-0.044400986
35771671080000,-965152225000,0.72884977,0.009289066,-0.044319063
35771635639000,-965197033000,0.71856606,0.009289066,-0.044319063
35771671080000,-965171802000,0.71860427,0.009244134,-0.04422975
35771635639000,-965213769000,0.7291016,0.009244134,-0.04422975
35771671080000,-965191398000,0.7291677,0.009217941,-0.04412038
35771635639000,-965230548000,0.71737707,0.009217941,-0.04412038
35771671080000,-965210946000,0.7174811,0.009208191,-0.043978907
35771635639000,-965247310000,0.71116334,0.009208191,-0.043978907
35771635639000,-965264020000,0.71545887,0.009208191,-0.043978907
35771671080000,-965230579000,0.71561205,0.009212168,-0.043794088
35771635639000,-965281050000,0.7068716,0.009212168,-0.043794088
35771671080000,-965250131000,0.7070765,0.009226132,-0.043561842
35771635639000,-965297435000,0.71250826,0.009226132,-0.043561842
35771671080000,-965269680000,0.7127573,0.009246609,-0.043288853
35771635639000,-965314195000,0.71297985,0.009246609,-0.043288853
35771671080000,-965289239000,0.7132503,0.009271188,-0.042991567
35771635639000,-965330916000,0.73693043,0.009271188,-0.042991567
35771671080000,-965308806000,0.737205,0.009300195,-0.042689398
35771635639000,-965347640000,0.7400643,0.009300195,-0.042689398
35771671080000,-965328390000,0.7403245,0.009338186,-0.042400435
35771635639000,-965364608000,0.7507484,0.009338186,-0.042400435
35771635639000,-965381037000,0.75015104,0.009338186,-0.042400435
35771671080000,-965347974000,0.75039655,0.009390981,-0.04214227
35771635639000,-965397941000,0.72283626,0.009390981,-0.04214227
35771671080000,-965367606000,0.7230587,0.009461511,-0.04193226
35771635639000,-965414668000,0.70796543,0.009461511,-0.04193226
35771671080000,-965387279000,0.70815784,0.009550039,-0.04178406
35771635639000,-965431311000,0.69792604,0.009550039,-0.04178406
35771671080000,-965406729000,0.6980714,0.0096556805,-0.041703876
35771635639000,-965448009000,0.704451,0.0096556805,-0.041703876
35771671080000,-965426328000,0.7045477,0.009778274,-0.041695256
35771635639000,-965464844000,0.7112768,0.009778274,-0.041695256
35771671080000,-965445881000,0.71132565,0.009916305,-0.04175644
35771635639000,-965481929000,0.7298403,0.009916305,-0.04175644
35771635639000,-965498241000,0.7237355,0.009916305,-0.04175644
35771671080000,-965465526000,0.72374403,0.010066832,-0.041880578
35771635639000,-965514976000,0.7310962,0.010066832,-0.041880578
35771671080000,-965485029000,0.7310715,0.010221614,-0.04205283
35771635639000,-965531993000,0.73623025,0.010221614,-0.04205283
35771671080000,-965504635000,0.7361754,0.010369228,-0.042257987
35771635639000,-965548660000,0.7305968,0.010369228,-0.042257987
35771671080000,-965524191000,0.7305132,0.010498331,-0.04248168
35771635639000,-965565487000,0.7476238,0.010498331,-0.04248168
35771671080000,-965543750000,0.7475209,0.01060142,-0.0427114
35771635639000,-965582188000,0.7293708,0.01060142,-0.0427114
35771671080000,-965563341000,0.729246,0.010677715,-0.042935096
35771635639000,-965599406000,0.72061,0.010677715,-0.042935096
35771635639000,-965615559000,0.71370643,0.010677715,-0.042935096
35771671080000,-965582932000,0.7135699,0.010733129,-0.04314095
35771635639000,-965632685000,0.6969638,0.010733129,-0.04314095
35771671080000,-965602512000,0.6968405,0.0107750725,-0.043316733
35771635639000,-965649412000,0.6950913,0.0107750725,-0.043316733
35771671080000,-965622037000,0.6949991,0.010808091,-0.043450717
35771635639000,-965666176000,0.69865817,0.010808091,-0.043450717
35771671080000,-965641616000,0.69860667,0.010834399,-0.04353425
35771635639000,-965682886000,0.7115955,0.010834399,-0.04353425
35771671080000,-965661258000,0.71158826,0.010856833,-0.043562718
35771635639000,-965699632000,0.717555,0.010856833,-0.043562718
35771671080000,-965680769000,0.71759284,0.010879603,-0.043536086
35771635639000,-965716679000,0.73533547,0.010879603,-0.043536086
35771635639000,-965733221000,0.73573685,0.010879603,-0.043536086
35771671080000,-965700363000,0.735818,0.010906845,-0.043457557
35771635639000,-965749829000,0.7244844,0.010906845,-0.043457557
35771671080000,-965719943000,0.7246062,0.0109423855,-0.043335397
35771635639000,-965766499000,0.72501034,0.0109423855,-0.043335397
35771671080000,-965739513000,0.7251652,0.010992169,-0.04318106
35771635639000,-965783257000,0.6964236,0.010992169,-0.04318106
35771671080000,-965759134000,0.6966119,0.011065792,-0.043008048
35771635639000,-965799978000,0.68888724,0.011065792,-0.043008048
35771671080000,-965778684000,0.6891073,0.011172871,-0.042832647
35771635639000,-965816909000,0.6992273,0.011172871,-0.042832647
35771635639000,-965833488000,0.6988025,0.011172871,-0.042832647
35771671080000,-965798315000,0.6990482,0.011319599,-0.04267203
35771635639000,-965850187000,0.73241067,0.011319599,-0.04267203
35771671080000,-965817850000,0.73266417,0.011506159,-0.042540405
35771635639000,-965866928000,0.7456014,0.011506159,-0.042540405
35771671080000,-965837431000,0.7458451,0.011729242,-0.042445548
35771635639000,-965883779000,0.7349045,0.011729242,-0.042445548
35771671080000,-965857053000,0.73513216,0.011981237,-0.04239009
35771635639000,-965900596000,0.7312171,0.011981237,-0.04239009
35771671080000,-965876601000,0.7314252,0.012252237,-0.04237249
35771635639000,-965917207000,0.7086007,0.012252237,-0.04237249
35771671080000,-965896169000,0.70878446,0.012534622,-0.042387012
35771635639000,-965933887000,0.72648793,0.012534622,-0.042387012
35771635639000,-965950615000,0.7324565,0.012534622,-0.042387012
35771671080000,-965915774000,0.7326327,0.012822404,-0.04242445
35771635639000,-965967363000,0.7437397,0.012822404,-0.04242445
35771671080000,-965935307000,0.7439087,0.013108647,-0.042475432
35771635639000,-965984219000,0.7553755,0.013108647,-0.042475432
35771671080000,-965954945000,0.75553477,0.013385269,-0.042533547
35771635639000,-966001109000,0.7551983,0.013385269,-0.042533547
35771671080000,-965974489000,0.755343,0.01364285,-0.042594254
35771635639000,-966017898000,0.75947845,0.01364285,-0.042594254
35771671080000,-965994086000,0.759607,0.01387385,-0.04265217
35771635639000,-966034812000,0.75931174,0.01387385,-0.04265217
35771671080000,-966013629000,0.759426,0.014071743,-0.042698253
35771635639000,-966051353000,0.7595489,0.014071743,-0.042698253
35771635639000,-966068100000,0.7439711,0.014071743,-0.042698253
35771671080000,-966033224000,0.7440686,0.0142279435,-0.042720966
35771635639000,-966084775000,0.7326335,0.0142279435,-0.042720966
35771671080000,-966052792000,0.73271835,0.014332041,-0.042709745
35771635639000,-966101754000,0.7271565,0.014332041,-0.042709745
35771671080000,-966072429000,0.7272302,0.01437596,-0.042657677
35771635639000,-966118487000,0.70890677,0.01437596,-0.042657677
35771671080000,-966091954000,0.7089723,0.014359758,-0.042564303
35771635639000,-966135225000,0.7033045,0.014359758,-0.042564303
35771671080000,-966111578000,0.7033639,0.014290432,-0.04243385
35771635639000,-966152178000,0.71501666,0.014290432,-0.04243385
35771671080000,-966131129000,0.7150674,0.014181954,-0.04227671
35771635639000,-966168692000,0.73016596,0.014181954,-0.04227671
35771635639000,-966185576000,0.72023165,0.014181954,-0.04227671
35771671080000,-966150699000,0.7202743,0.014049513,-0.04210612
35771635639000,-966202323000,0.7241996,0.014049513,-0.04210612
35771671080000,-966170316000,0.7242342,0.013905902,-0.04193492
35771635639000,-966219167000,0.7179783,0.013905902,-0.04193492
35771671080000,-966189870000,0.71800447,0.013759837,-0.041773695
35771635639000,-966235932000,0.6915942,0.013759837,-0.041773695
35771671080000,-966209433000,0.6916129,0.013617067,-0.041631065
35771635639000,-966252624000,0.73245215,0.013617067,-0.041631065
35771671080000,-966229021000,0.7324485,0.013484168,-0.041513994
35771635639000,-966269416000,0.727015,0.013484168,-0.041513994
35771671080000,-966248621000,0.7270014,0.013368996,-0.041426785
35771635639000,-966286270000,0.71473277,0.013368996,-0.041426785
35771635639000,-966303024000,0.72650635,0.013368996,-0.041426785
35771671080000,-966268270000,0.7264828,0.013276777,-0.041372623
35771635639000,-966319849000,0.69561404,0.013276777,-0.041372623
35771671080000,-966288485000,0.6955742,0.013206777,-0.04135978
35771635639000,-966336487000,0.71181214,0.013206777,-0.04135978
35771671080000,-966307384000,0.71174335,0.0131506175,-0.04139314
35771635639000,-966353501000,0.707462,0.0131506175,-0.04139314
35771671080000,-966327036000,0.707348,0.01310084,-0.041485693
35771635639000,-966370143000,0.6879968,0.01310084,-0.041485693
35771671080000,-966346517000,0.6878294,0.013054276,-0.04164
35771635639000,-966386815000,0.7105823,0.013054276,-0.04164
35771671080000,-966366132000,0.71036726,0.013013155,-0.041858707
35771635639000,-966403534000,0.68527406,0.013013155,-0.041858707
35771635639000,-966420170000,0.68548125,0.013013155,-0.041858707
35771671080000,-966385797000,0.68521583,0.01298124,-0.042139463
35771635639000,-966437323000,0.716509,0.01298124,-0.042139463
35771671080000,-966405317000,0.7162171,0.012959115,-0.042468794
35771635639000,-966454034000,0.6957059,0.012959115,-0.042468794
35771671080000,-966424824000,0.6953937,0.012942517,-0.042827133
35771635639000,-966470597000,0.7149065,0.012942517,-0.042827133
35771671080000,-966444548000,0.7145963,0.012922893,-0.043195862
35771635639000,-966487289000,0.7376438,0.012922893,-0.043195862
35771671080000,-966464010000,0.7373349,0.012890513,-0.043558642
35771635639000,-966504102000,0.7258162,0.012890513,-0.043558642
35771671080000,-966483658000,0.725502,0.012836987,-0.04390747
35771635639000,-966520801000,0.7312593,0.012836987,-0.04390747
35771635639000,-966537436000,0.7339551,0.012836987,-0.04390747
35771671080000,-966503152000,0.73363256,0.0127593065,-0.044236448
35771635639000,-966554268000,0.70950484,0.0127593065,-0.044236448
35771671080000,-966523100000,0.7091817,0.01265924,-0.04454073
35771635639000,-966571066000,0.7046687,0.01265924,-0.04454073
35771671080000,-966542317000,0.70436126,0.012549203,-0.044812515
35771635639000,-966587884000,0.7013657,0.012549203,-0.044812515
35771671080000,-966562026000,0.70108366,0.012440343,-0.045043617
35771635639000,-966604571000,0.6902954,0.012440343,-0.045043617
35771671080000,-966581563000,0.6900598,0.012340542,-0.04522627
35771635639000,-966621372000,0.69610125,0.012340542,-0.04522627
35771671080000,-966601189000,0.69591695,0.012250368,-0.045356985
35771635639000,-966638142000,0.6995919,0.012250368,-0.045356985
35771635639000,-966655358000,0.7058134,0.012250368,-0.045356985
35771671080000,-966620883000,0.70567536,0.0121655045,-0.04543695
35771635639000,-966672077000,0.6968329,0.0121655045,-0.04543695
35771671080000,-966640746000,0.6967426,0.012080868,-0.045467824
35771635639000,-966688705000,0.7035384,0.012080868,-0.045467824
35771671080000,-966659785000,0.7034839,0.011994864,-0.04545753
35771635639000,-966705553000,0.7215954,0.011994864,-0.04545753
35771671080000,-966679361000,0.72156477,0.011905119,-0.045414183
35771635639000,-966722160000,0.7198805,0.011905119,-0.045414183
35771671080000,-966698944000,0.7198614,0.011808432,-0.045351222
35771635639000,-966738785000,0.72515947,0.011808432,-0.045351222
35771671080000,-966718553000,0.7251402,0.011700877,-0.045277536
35771635639000,-966755494000,0.73050755,0.011700877,-0.045277536
35771635639000,-966772315000,0.70650077,0.011700877,-0.045277536
35771671080000,-966738143000,0.7064812,0.011580184,-0.0451962
35771635639000,-966789405000,0.69693106,0.011580184,-0.0451962
35771671080000,-966758269000,0.69690776,0.011443178,-0.045107413
35771635639000,-966806035000,0.69771653,0.011443178,-0.045107413
35771671080000,-966777309000,0.6976858,0.011290126,-0.0450139
35771635639000,-966822881000,0.6848232,0.011290126,-0.0450139
35771671080000,-966796843000,0.6847829,0.011113394,-0.044914477
35771635639000,-966839532000,0.69101715,0.011113394,-0.044914477
35771671080000,-966816492000,0.6909598,0.010907436,-0.044808708
35771635639000,-966856154000,0.69654584,0.010907436,-0.044808708
35771671080000,-966836042000,0.69647014,0.010671312,-0.04469742
35771635639000,-966873027000,0.69951063,0.010671312,-0.04469742
35771635639000,-966889745000,0.7171741,0.010671312,-0.04469742
35771671080000,-966855599000,0.71707517,0.010407607,-0.044579715
35771635639000,-966906534000,0.7044833,0.010407607,-0.044579715
35771671080000,-966875553000,0.7043788,0.010120182,-0.04445116
35771635639000,-966923395000,0.69779444,0.010120182,-0.04445116
35771671080000,-966894777000,0.69769436,0.009821521,-0.044310234
35771635639000,-966940403000,0.6852943,0.009821521,-0.044310234
35771671080000,-966914350000,0.68520963,0.009519524,-0.044154268
35771635639000,-966957122000,0.67954046,0.009519524,-0.044154268
35771671080000,-966933971000,0.6794757,0.009224867,-0.04398479
35771635639000,-966973982000,0.6863455,0.009224867,-0.04398479
35771671080000,-966953516000,0.68630004,0.008949396,-0.04380763
35771635639000,-966990577000,0.68630004,0.008949396,-0.04380763
35771635639000,-967007341000,0.68928665,0.008949396,-0.04380763
35771671080000,-966973092000,0.68926257,0.008704738,-0.043631762
35771635639000,-967024094000,0.6791563,0.008704738,-0.043631762
35771671080000,-966992961000,0.67915416,0.008499913,-0.04346727
35771635639000,-967040959000,0.67962724,0.008499913,-0.04346727
35771671080000,-967012472000,0.6796364,0.008337555,-0.04332362
35771635639000,-967057633000,0.68582463,0.008337555,-0.04332362
35771671080000,-967031857000,0.685837,0.008215483,-0.043207847
35771635639000,-967074294000,0.6739928,0.008215483,-0.043207847
35771671080000,-967051509000,0.6740037,0.008130133,-0.043126184
35771635639000,-967091457000,0.6858463,0.008130133,-0.043126184
35771671080000,-967071011000,0.6858458,0.008076448,-0.043082405
35771635639000,-967107822000,0.68561274,0.008076448,-0.043082405
35771635639000,-967124717000,0.68561274,0.008076448,-0.043082405
35771671080000,-967090543000,0.68559873,0.0080497535,-0.043076888
35771635639000,-967141518000,0.70866627,0.0080497535,-0.043076888
35771671080000,-967110400000,0.7086391,0.008046384,-0.04310658
35771635639000,-967158272000,0.7146647,0.008046384,-0.04310658
35771671080000,-967129836000,0.71462846,0.008062801,-0.043164544
35771635639000,-967174920000,0.7269356,0.008062801,-0.043164544
35771671080000,-967149392000,0.72689426,0.008099807,-0.043248408
35771635639000,-967191649000,0.7374693,0.008099807,-0.043248408
35771671080000,-967169004000,0.73742545,0.008160031,-0.04335895
35771635639000,-967208417000,0.72750753,0.008160031,-0.04335895
35771671080000,-967188448000,0.72745633,0.008243106,-0.04349789
35771635639000,-967225207000,0.7149347,0.008243106,-0.04349789
35771635639000,-967241859000,0.71274596,0.008243106,-0.04349789
35771671080000,-967208217000,0.7126782,0.008345479,-0.04366894
35771635639000,-967258682000,0.68897027,0.008345479,-0.04366894
35771671080000,-967227652000,0.6888764,0.008458593,-0.043871112
35771635639000,-967275688000,0.6823409,0.008458593,-0.043871112
35771671080000,-967247280000,0.68222046,0.008574494,-0.044103194
35771635639000,-967292178000,0.68222046,0.008574494,-0.044103194
35771671080000,-967266904000,0.6820765,0.008684728,-0.044357352
35771635639000,-967308867000,0.68885905,0.008684728,-0.044357352
35771671080000,-967286373000,0.68870056,0.008781924,-0.044621807
35771635639000,-967325577000,0.6903141,0.008781924,-0.044621807
35771671080000,-967305946000,0.690147,0.008860104,-0.044886038
35771635639000,-967342293000,0.68487823,0.008860104,-0.044886038
35771635639000,-967359066000,0.68369406,0.008860104,-0.044886038
35771671080000,-967325541000,0.6835162,0.008914447,-0.045140345
35771635639000,-967376325000,0.65994346,0.008914447,-0.045140345
35771671080000,-967345460000,0.6597544,0.008942711,-0.045377713
35771635639000,-967392939000,0.6694509,0.008942711,-0.045377713
35771671080000,-967364684000,0.66926473,0.008950696,-0.04559359
35771635639000,-967409427000,0.6854599,0.008950696,-0.04559359
35771671080000,-967384470000,0.6852876,0.008947554,-0.045787774
35771635639000,-967426864000,0.67595243,0.008947554,-0.045787774
35771671080000,-967403835000,0.67580146,0.008944899,-0.045958545
35771635639000,-967443263000,0.7071442,0.008944899,-0.045958545
35771671080000,-967423509000,0.70703083,0.008951936,-0.046100687
35771635639000,-967460065000,0.72588736,0.008951936,-0.046100687
35771635639000,-967476955000,0.73604923,0.008951936,-0.046100687
35771671080000,-967442995000,0.7359833,0.008976984,-0.046207026
35771635639000,-967493604000,0.7530971,0.008976984,-0.046207026
35771671080000,-967462575000,0.753088,0.009031553,-0.046270344
35771635639000,-967510576000,0.734577,0.009031553,-0.046270344
35771671080000,-967482166000,0.73463655,0.009127906,-0.04628555
35771635639000,-967527112000,0.72185844,0.009127906,-0.04628555
35771671080000,-967501724000,0.7219969,0.009273181,-0.046250593
35771635639000,-967543853000,0.7093413,0.009273181,-0.046250593
35771671080000,-967521365000,0.7095598,0.009466354,-0.04616745
35771635639000,-967560873000,0.7109326,0.009466354,-0.04616745
35771671080000,-967540897000,0.7112072,0.009696081,-0.04604339
35771635639000,-967577516000,0.7131839,0.009696081,-0.04604339
35771635639000,-967594354000,0.7131839,0.009696081,-0.04604339
35771671080000,-967560470000,0.71350205,0.00994562,-0.045884725
35771635639000,-967611005000,0.7199487,0.00994562,-0.045884725
35771671080000,-967580048000,0.72029006,0.010196001,-0.045694526
35771635639000,-967627704000,0.71407783,0.010196001,-0.045694526
35771671080000,-967599987000,0.71443754,0.010430912,-0.045470405
35771635639000,-967644514000,0.72329426,0.010430912,-0.045470405
35771671080000,-967619248000,0.723667,0.010636209,-0.04521451
35771635639000,-967661890000,0.7295316,0.010636209,-0.04521451
35771671080000,-967638809000,0.7299024,0.0108021805,-0.04492429
35771635639000,-967678621000,0.71386933,0.0108021805,-0.04492429
35771671080000,-967658388000,0.7142187,0.0109236,-0.0446036
35771635639000,-967695277000,0.7202662,0.0109236,-0.0446036
35771635639000,-967712064000,0.7054673,0.0109236,-0.0446036
35771671080000,-967678016000,0.70579904,0.010999108,-0.044259988
35771635639000,-967729246000,0.69912153,0.010999108,-0.044259988
35771671080000,-967698009000,0.6994398,0.011029406,-0.04390353
35771635639000,-967745796000,0.72217125,0.011029406,-0.04390353
35771671080000,-967717222000,0.72245646,0.011022661,-0.043554
35771635639000,-967762709000,0.7346516,0.011022661,-0.043554
35771671080000,-967736704000,0.73489136,0.0109868,-0.0432259
35771635639000,-967779311000,0.74108505,0.0109868,-0.0432259
35771671080000,-967756404000,0.74128056,0.010934007,-0.04293155
35771635639000,-967795971000,0.7418686,0.010934007,-0.04293155
35771671080000,-967775841000,0.74202394,0.010879167,-0.042680826
35771635639000,-967812737000,0.71750426,0.010879167,-0.042680826
35771635639000,-967829658000,0.70262015,0.010879167,-0.042680826
35771671080000,-967795484000,0.7027568,0.01083708,-0.042483013
35771635639000,-967846617000,0.6956435,0.01083708,-0.042483013
35771671080000,-967815252000,0.69575375,0.010822753,-0.042344764
35771635639000,-967863081000,0.69773,0.010822753,-0.042344764
35771671080000,-967834625000,0.6978187,0.010847068,-0.042264424
35771635639000,-967879800000,0.69824517,0.010847068,-0.042264424
35771671080000,-967854179000,0.6983202,0.010918314,-0.042238176
35771635639000,-967896591000,0.69912755,0.010918314,-0.042238176
35771671080000,-967873893000,0.6991958,0.011039698,-0.04226217
35771635639000,-967913248000,0.71089435,0.011039698,-0.04226217
35771671080000,-967893388000,0.7109583,0.011208042,-0.04233399
35771635639000,-967930021000,0.6982385,0.011208042,-0.04233399
35771635639000,-967946931000,0.7055718,0.011208042,-0.04233399
35771671080000,-967912927000,0.7056236,0.011419207,-0.04245542
35771635639000,-967963568000,0.7056236,0.011419207,-0.04245542
35771671080000,-967932593000,0.70565766,0.011665849,-0.042628564
35771635639000,-967980695000,0.693588,0.011665849,-0.042628564
35771671080000,-967952150000,0.6935916,0.011935547,-0.04285167
35771635639000,-967997362000,0.70017886,0.011935547,-0.04285167
35771671080000,-967971696000,0.700156,0.012216794,-0.043119546
35771635639000,-968013949000,0.7161546,0.012216794,-0.043119546
35771671080000,-967991261000,0.7161131,0.012501537,-0.04342156
35771635639000,-968030669000,0.70999116,0.012501537,-0.04342156
35771671080000,-968010845000,0.7099275,0.012783906,-0.0437452
35771635639000,-968047401000,0.7063561,0.012783906,-0.0437452
35771635639000,-968064471000,0.7017869,0.012783906,-0.0437452
35771671080000,-968030438000,0.7017044,0.013058177,-0.044080995
35771635639000,-968080978000,0.6835585,0.013058177,-0.044080995
35771671080000,-968050022000,0.68345284,0.013320715,-0.04442235
35771635639000,-968097740000,0.67687464,0.013320715,-0.04442235
35771671080000,-968069583000,0.6767568,0.01357255,-0.04476365
35771635639000,-968114656000,0.670542,0.01357255,-0.04476365
35771671080000,-968089173000,0.67042255,0.013818905,-0.04509952
35771635639000,-968131181000,0.66768485,0.013818905,-0.04509952
35771671080000,-968108767000,0.6675736,0.014067324,-0.045423042
35771635639000,-968148536000,0.6675736,0.014067324,-0.045423042
35771671080000,-968128524000,0.66748697,0.014324768,-0.045726273
35771635639000,-968165261000,0.6686497,0.014324768,-0.045726273
35771635639000,-968181766000,0.69350886,0.014324768,-0.045726273
35771671080000,-968148190000,0.6934658,0.014590954,-0.046001434
35771635639000,-968198690000,0.71311295,0.014590954,-0.046001434
35771671080000,-968167615000,0.71310747,0.014858111,-0.046243384
35771635639000,-968215266000,0.71937656,0.014858111,-0.046243384
35771671080000,-968187057000,0.7193953,0.015115255,-0.046449684
35771635639000,-968232695000,0.7311213,0.015115255,-0.046449684
35771671080000,-968206653000,0.731156,0.015349257,-0.046619553
35771635639000,-968249032000,0.7251489,0.015349257,-0.046619553
35771671080000,-968226238000,0.7251862,0.015547832,-0.046752043
35771635639000,-968265747000,0.7007128,0.015547832,-0.046752043
35771671080000,-968245886000,0.7007473,0.015704112,-0.046844427
35771635639000,-968282548000,0.71216935,0.015704112,-0.046844427
35771635639000,-968299221000,0.6948256,0.015704112,-0.046844427
35771671080000,-968265388000,0.69486445,0.015817724,-0.04689482
35771635639000,-968315967000,0.6754416,0.015817724,-0.04689482
35771671080000,-968285019000,0.67548716,0.015891816,-0.046903357
35771635639000,-968332797000,0.6802904,0.015891816,-0.046903357
35771671080000,-968304554000,0.68034595,0.01593283,-0.04687463
35771635639000,-968349456000,0.66855216,0.01593283,-0.04687463
35771671080000,-968324258000,0.668616,0.015946377,-0.046814498
35771635639000,-968367314000,0.679601,0.015946377,-0.046814498
35771671080000,-968343731000,0.6796672,0.015936013,-0.046731513
35771635639000,-968383748000,0.7064447,0.015936013,-0.046731513
35771671080000,-968363359000,0.7065009,0.015901241,-0.046634383
35771635639000,-968400541000,0.7192615,0.015901241,-0.046634383
35771635639000,-968417313000,0.71849555,0.015901241,-0.046634383
35771671080000,-968382873000,0.7185339,0.015840493,-0.046533503
35771635639000,-968434148000,0.71873593,0.015840493,-0.046533503
35771671080000,-968402607000,0.71874845,0.015750224,-0.046437554
35771635639000,-968451089000,0.688384,0.015750224,-0.046437554
35771671080000,-968422061000,0.68836987,0.015628431,-0.046352476
35771635639000,-968467855000,0.6806681,0.015628431,-0.046352476
35771671080000,-968441658000,0.68061864,0.015469775,-0.046279125
35771635639000,-968484941000,0.6834945,0.015469775,-0.046279125
35771671080000,-968461274000,0.68341243,0.01526843,-0.046211645
35771635639000,-968501728000,0.682979,0.01526843,-0.046211645
35771671080000,-968480824000,0.6828677,0.015021464,-0.04614
35771635639000,-968518192000,0.6996373,0.015021464,-0.04614
35771635639000,-968535133000,0.68340385,0.015021464,-0.04614
35771671080000,-968500372000,0.6832703,0.014730956,-0.046056997
35771635639000,-968551726000,0.68186,0.014730956,-0.046056997
35771671080000,-968519927000,0.6817088,0.014404238,-0.04596226
35771635639000,-968568466000,0.6894308,0.014404238,-0.04596226
35771671080000,-968539690000,0.6892694,0.014049984,-0.04585761
35771635639000,-968585407000,0.71263075,0.014049984,-0.04585761
35771671080000,-968559120000,0.71246135,0.013681575,-0.045742743
35771635639000,-968602200000,0.7364261,0.013681575,-0.045742743
35771671080000,-968578697000,0.7362596,0.013309065,-0.04561435
35771635639000,-968618947000,0.7356962,0.013309065,-0.04561435
35771671080000,-968598298000,0.73554146,0.012940619,-0.045472942
35771635639000,-968635694000,0.7171373,0.012940619,-0.045472942
35771635639000,-968652620000,0.68722326,0.012940619,-0.045472942
35771671080000,-968617905000,0.68709797,0.012580179,-0.04532224
35771635639000,-968669471000,0.67389756,0.012580179,-0.04532224
35771671080000,-968637433000,0.67378813,0.012230116,-0.045165364
35771635639000,-968686161000,0.6620151,0.012230116,-0.045165364
35771671080000,-968657058000,0.66192555,0.011892189,-0.045001317
35771635639000,-968703069000,0.66192555,0.011892189,-0.045001317
35771671080000,-968676756000,0.6618572,0.011568578,-0.044824466
35771635639000,-968720009000,0.68839675,0.011568578,-0.044824466
35771671080000,-968696352000,0.68834907,0.011263859,-0.04462728
35771635639000,-968736747000,0.705947,0.011263859,-0.04462728
35771671080000,-968715791000,0.705932,0.010985545,-0.04440502
35771635639000,-968753320000,0.7173189,0.010985545,-0.04440502
35771635639000,-968770018000,0.7173189,0.010985545,-0.04440502
35771671080000,-968735352000,0.71734554,0.01074195,-0.044156794
