103064191547000,19464000,-0.0018863678
103064211169000,19622000,-0.2701292
103064230717000,19548000,-0.26972294
103064250293000,19576000,0.4208231
103064270158000,19865000,0.6906271
103064289450000,19292000,0.4435568
103064309082000,19632000,0.119493484
103064328656000,19574000,-0.3205824
103064348217000,19561000,-0.34078217
103064367834000,19617000,-0.09428406
103064387739000,19905000,0.400115
103064406994000,19255000,0.453372
103064426575000,19581000,0.06560421
103064449078000,22503000,-0.13149166
103064468318000,19240000,-0.0033960342
103064487755000,19437000,-0.10547924
103064507328000,19573000,0.041318893
103064526900000,19572000,0.20741844
103064546496000,19596000,0.29722786
103064566071000,19575000,-0.053157806
103064585982000,19911000,-0.11598778
103064605290000,19308000,-0.27432632
103064624876000,19586000,-0.20243454
103064644448000,19572000,-0.14902306
103064663995000,19547000,0.23098946
103064683579000,19584000,-0.03903389
103064703192000,19613000,0.017742157
103064722850000,19658000,-0.0010490417
103064742453000,19603000,0.09591484
103064761975000,19522000,-0.11299038
103064781590000,19615000,-0.24490452
103064801083000,19493000,-0.050959587
103064821036000,19953000,-0.14405155
103064840232000,19196000,0.06957626
103064859862000,19630000,-0.022943497
103064879556000,19694000,-0.057735443
103064898994000,19438000,0.0417099
103064918668000,19674000,0.19866943
103064938547000,19879000,0.31718826
103064957779000,19232000,0.07134056
103064977497000,19718000,0.016230583
103064997114000,19617000,0.03666687
103065016626000,19512000,0.017616272
103065036076000,19450000,-0.02174282
103065056156000,20080000,0.014413834
103065075397000,19241000,0.049783707
103065094836000,19439000,0.065410614
103065114502000,19666000,0.15723991
103065133998000,19496000,-0.115097046
103065153598000,19600000,-0.23431969
103065173195000,19597000,-0.2385149
103065192904000,19709000,-0.12734604
103065212465000,19561000,0.23362541
103065231923000,19458000,-0.13219643
103065251508000,19585000,0.07769966
103065271114000,19606000,-0.056137085
103065290661000,19547000,0.15565872
103065310236000,19575000,0.23401451
103065329901000,19665000,0.37012768
103065349414000,19513000,0.3528242
103065369146000,19732000,0.14322662
103065388678000,19532000,-0.31661797
103065408607000,19929000,-0.41408157
103065427929000,19322000,-0.53191996
103065447441000,19512000,-0.42053986
103065467024000,19583000,-0.34720993
103065486848000,19824000,-0.36843586
103065506057000,19209000,-0.50263786
103065525688000,19631000,-0.51922274
103065545212000,19524000,-0.85823107
103065564834000,19622000,-0.7530141
103065584402000,19568000,-0.1840477
103065603998000,19596000,0.17846775
103065623567000,19569000,0.48738956
103065643145000,19578000,-0.19677162
103065662702000,19557000,-1.1283159
103065682336000,19634000,-1.1590114
103065701871000,19535000,-0.53823614
103065721463000,19592000,0.29366302
103065741133000,19670000,0.7238736
103065760647000,19514000,1.05826
103065780385000,19738000,0.64440536
103065800112000,19727000,-0.07886648
103065819512000,19400000,-0.36603642
103065839117000,19605000,-0.50523233
103065858625000,19508000,-0.6112304
103065878284000,19659000,-0.37676
103065898153000,19869000,-0.37514067
103065917545000,19392000,-0.16428709
103065936974000,19429000,0.008063316
103065956506000,19532000,0.14283371
103065976311000,19805000,0.29799557
103065995823000,19512000,0.5692673
103066015428000,19605000,0.49652338
103066035020000,19592000,0.57694244
103066054528000,19508000,0.7520571
103066074082000,19554000,0.9441571
103066093784000,19702000,1.1712165
103066113178000,19394000,1.3938894
103066132823000,19645000,2.2045417
103066152365000,19542000,2.8356738
103066172050000,19685000,2.7107253
103066191610000,19560000,1.7512231
103066211258000,19648000,1.2194328
103066230735000,19477000,1.0574937
103066250402000,19667000,0.93991566
103066270679000,20277000,0.33092785
103066289788000,19109000,-0.4959488
103066309408000,19620000,-1.0977979
103066328706000,19298000,-1.5847349
103066348209000,19503000,-1.5882654
103066368201000,19992000,-1.7738028
103066387378000,19177000,-2.2514272
103066406862000,19484000,-2.1166906
103066426418000,19556000,-1.4237924
103066446020000,19602000,-0.8028145
103066465721000,19701000,-0.9045181
103066485195000,19474000,-1.8649359
103066504832000,19637000,-2.4218907
103066524322000,19490000,-2.386869
103066543922000,19600000,-1.9343123
103066563470000,19548000,-1.4687414
103066583053000,19583000,-1.145536
103066602657000,19604000,-1.0438428
103066622213000,19556000,-1.1858053
103066641812000,19599000,-0.9422293
103066661450000,19638000,-0.6989646
103066680968000,19518000,-0.19063711
103066700565000,19597000,0.044153214
103066720275000,19710000,0.73097754
103066739726000,19451000,1.8864608
103066759321000,19595000,2.9333987
103066778868000,19547000,3.1790886
103066798499000,19631000,2.0452223
103066818015000,19516000,1.9036388
103066837613000,19598000,3.498796
103066857200000,19587000,3.9372516
103066876766000,19566000,1.9735122
103066896361000,19595000,0.07862425
103066916242000,19881000,-0.94171286
103066935647000,19405000,-0.69796467
103066955218000,19571000,0.7201133
103066974764000,19546000,2.1897626
103066994474000,19710000,2.9315033
103067013902000,19428000,1.9537077
103067033590000,19688000,0.19635296
103067053203000,19613000,-1.420207
103067072789000,19586000,-2.3583183
103067092319000,19530000,-2.9409814
103067111924000,19605000,-3.4324803
103067132193000,20269000,-3.5785475
103067151092000,18899000,-3.1653142
103067170918000,19826000,-2.6847992
103067190191000,19273000,-2.1358514
103067210009000,19818000,-1.1711392
103067229459000,19450000,0.07226658
103067249171000,19712000,1.6296692
103067268548000,19377000,2.3441496
103067288226000,19678000,2.2847395
103067307689000,19463000,1.4411297
103067327334000,19645000,1.3363333
103067347608000,20274000,1.8471551
103067366443000,18835000,1.5124936
103067385986000,19543000,0.99793386
103067405717000,19731000,1.4887581
103067425154000,19437000,2.5643353
103067444820000,19666000,2.9227915
103067465137000,20317000,2.3533468
103067483927000,18790000,1.4373317
103067503581000,19654000,-0.11304426
103067523159000,19578000,-1.6041026
103067542629000,19470000,-2.340435
103067562277000,19648000,-2.3917885
103067581965000,19688000,-2.0753474
103067601320000,19355000,-2.2253337
103067620884000,19564000,-2.566413
103067640468000,19584000,-2.7863731
103067660093000,19625000,-3.072548
103067679677000,19584000,-2.9244823
103067699267000,19590000,-2.7433128
103067718884000,19617000,-2.4335942
103067738436000,19552000,-1.2505155
103067757995000,19559000,-0.23183632
103067777622000,19627000,0.08117008
103067797191000,19569000,-0.28015804
103067816790000,19599000,0.07500076
103067836492000,19702000,1.1202087
103067856279000,19787000,1.8332343
103067875672000,19393000,2.3219395
103067895284000,19612000,1.6227069
103067914797000,19513000,0.49670982
103067934441000,19644000,1.0665355
103067953898000,19457000,3.197194
103067973770000,19872000,3.8806014
103067993362000,19592000,2.3134499
103068012772000,19410000,0.96762514
103068032294000,19522000,0.8594279
103068051740000,19446000,1.4751077
103068071370000,19630000,1.9948187
103068090928000,19558000,1.8489714
103068110725000,19797000,1.0031171
103068130092000,19367000,-0.19270754
103068149743000,19651000,-1.6583552
103068169264000,19521000,-2.7182784
103068189012000,19748000,-3.1178422
103068208627000,19615000,-2.9460692
103068228045000,19418000,-2.6179495
103068247649000,19604000,-2.415072
103068267198000,19549000,-2.2954364
103068287098000,19900000,-2.2370715
103068306356000,19258000,-1.5144768
103068325937000,19581000,-0.62638474
103068345488000,19551000,0.42315388
103068365110000,19622000,1.0539894
103068384684000,19574000,1.2968636
103068404316000,19632000,1.3542557
103068423858000,19542000,1.8495464
103068443416000,19558000,1.8363276
103068463074000,19658000,1.6525078
103068482819000,19745000,2.0778494
103068502298000,19479000,3.1663651
103068522079000,19781000,2.9421315
103068541473000,19394000,1.921968
103068561342000,19869000,1.3492866
103068580607000,19265000,0.76810026
103068600268000,19661000,0.19945526
103068619845000,19577000,0.012686729
103068639565000,19720000,0.17531347
103068658886000,19321000,-0.071107864
103068678444000,19558000,-1.1229734
103068698185000,19741000,-1.9017568
103068717629000,19444000,-2.4204721
103068737217000,19588000,-3.1715693
103068756820000,19603000,-3.4793553
103068776453000,19633000,-3.185783
103068795963000,19510000,-2.1915736
103068815626000,19663000,-1.2985911
103068835154000,19528000,-0.60319805
103068854709000,19555000,-0.45262718
103068874584000,19875000,-0.46749306
103068893901000,19317000,0.22503185
103068913576000,19675000,1.0254402
103068933491000,19915000,1.6777
103068952737000,19246000,2.1538348
103068972526000,19789000,1.2979393
103068991925000,19399000,1.4209733
103069011544000,19619000,3.1880884
103069031142000,19598000,4.2395706
103069050826000,19684000,2.752573
103069070259000,19433000,0.6983752
103069090107000,19848000,-0.00937891
103069109900000,19793000,0.4213004
103069129037000,19137000,1.2695208
103069148945000,19908000,1.2743511
103069168264000,19319000,-0.1500473
103069188117000,19853000,-1.9456983
103069207410000,19293000,-3.1091714
103069227197000,19787000,-3.7490706
103069246531000,19334000,-2.8231096
103069266472000,19941000,-1.9898772
103069285682000,19210000,-1.3401284
103069305439000,19757000,-1.3479867
103069324848000,19409000,-0.9985323
103069344721000,19873000,-0.5983906
103069363951000,19230000,0.21054745
103069383885000,19934000,1.0231171
103069403127000,19242000,1.6965027
103069425137000,22010000,1.3287582
103069444769000,19632000,0.76744366
103069464353000,19584000,1.8630486
103069483903000,19550000,3.0006304
103069503521000,19618000,2.2407207
103069523385000,19864000,2.0306897
103069542625000,19240000,3.2502322
103069562458000,19833000,3.6937099
103069581934000,19476000,2.6339364
103069601576000,19642000,0.7602682
103069621030000,19454000,-0.5646987
103069640679000,19649000,-1.3565836
103069660120000,19441000,-1.5888624
103069679841000,19721000,-1.234879
103069699471000,19630000,-1.2047935
103069718942000,19471000,-1.6816883
103069738317000,19375000,-2.3905082
103069757948000,19631000,-3.268034
103069777474000,19526000,-3.9650202
103069797067000,19593000,-4.4200525
103069816705000,19638000,-3.9786863
103069836198000,19493000,-3.0990295
103069855814000,19616000,-1.5693622
103069875355000,19541000,-0.10052872
103069894925000,19570000,0.19215679
103069914473000,19548000,-0.20050335
103069934060000,19587000,0.30270672
103069953630000,19570000,1.1179409
103069973198000,19568000,2.0447092
103069992973000,19775000,2.5384135
103070012501000,19528000,1.4992061
103070032048000,19547000,1.0274854
103070051866000,19818000,2.7846637
103070071191000,19325000,4.604753
103070090745000,19554000,4.436097
103070110306000,19561000,2.660563
103070130124000,19818000,1.3071799
103070149558000,19434000,0.6665602
103070169502000,19944000,0.108570576
103070188675000,19173000,0.14092779
103070208322000,19647000,0.07978964
103070227799000,19477000,-0.85123587
103070247603000,19804000,-1.9742627
103070266981000,19378000,-2.8015862
103070286558000,19577000,-3.440598
103070306142000,19584000,-3.5199504
103070326027000,19885000,-2.611215
103070345207000,19180000,-1.8983955
103070364942000,19735000,-1.2431421
103070384389000,19447000,-0.110443115
103070404043000,19654000,0.8078594
103070423496000,19453000,1.3710575
103070443157000,19661000,1.4761515
103070462748000,19591000,1.2476568
103070482430000,19682000,1.480711
103070501878000,19448000,2.664298
103070521489000,19611000,2.760623
103070540995000,19506000,1.5143337
103070560598000,19603000,1.4487743
103070580548000,19950000,1.9667168
103070599758000,19210000,1.5180798
103070619631000,19873000,0.19781017
103070638858000,19227000,-0.6866803
103070658776000,19918000,-1.3434992
103070678139000,19363000,-1.4963818
103070697793000,19654000,-1.1385846
103070717216000,19423000,-1.0091252
103070736838000,19622000,-1.3886476
103070756338000,19500000,-2.0033388
103070776115000,19777000,-2.1782193
103070795753000,19638000,-2.6379008
103070814926000,19173000,-3.3616376
103070834506000,19580000,-3.7146864
103070854149000,19643000,-3.1977143
103070873653000,19504000,-2.040512
103070893271000,19618000,-0.62644386
103070912800000,19529000,0.44778156
103070932389000,19589000,0.89025784
103070951960000,19571000,1.1346226
103070971535000,19575000,1.7665825
103070991126000,19591000,2.6244316
103071010694000,19568000,3.4698868
103071030340000,19646000,2.8967628
103071049860000,19520000,2.162323
103071069443000,19583000,3.731998
103071089205000,19762000,5.054441
103071108674000,19469000,3.6769757
103071128305000,19631000,1.4943161
103071148067000,19762000,0.5756936
103071167409000,19342000,0.29498196
103071187245000,19836000,1.0394182
103071206530000,19285000,1.1914511
103071226352000,19822000,0.06778622
103071245794000,19442000,-1.3646307
103071265461000,19667000,-2.7539196
103071284881000,19420000,-3.6897192
103071304599000,19718000,-4.298278
103071324029000,19430000,-4.610109
103071343675000,19646000,-4.2728615
103071363210000,19535000,-3.453413
103071382981000,19771000,-2.4728975
103071402381000,19400000,-1.0451231
103071421909000,19528000,0.40654945
103071441632000,19723000,1.3597012
103071461207000,19575000,2.2446375
103071480653000,19446000,2.5705214
103071500159000,19506000,2.7273397
103071519868000,19709000,3.7180595
103071539259000,19391000,3.8262596
103071558844000,19585000,2.6973
103071578448000,19604000,2.4688606
103071598025000,19577000,3.0790663
103071617661000,19636000,2.821529
103071637505000,19844000,1.6198626
103071657032000,19527000,0.62829304
103071676766000,19734000,-0.033615112
103071695977000,19211000,-0.85389566
103071715954000,19977000,-1.6924276
103071735240000,19286000,-1.6937532
103071754873000,19633000,-1.1359415
103071774326000,19453000,-1.3118267
103071794027000,19701000,-2.3478518
103071813380000,19353000,-3.1657534
103071833007000,19627000,-3.8564973
103071852538000,19531000,-4.0912986
103071872190000,19652000,-3.9056067
103071891700000,19510000,-3.0878816
103071911290000,19590000,-1.6953912
103071930871000,19581000,-0.68815327
103071950436000,19565000,0.44613266
103071970045000,19609000,0.5512686
103071989799000,19754000,0.80625343
103072009183000,19384000,1.7937813
103072028756000,19573000,3.1790142
103072048345000,19589000,3.4392319
103072068008000,19663000,2.4121513
103072087638000,19630000,2.943892
103072107485000,19847000,4.223728
103072127024000,19539000,3.682197
103072146457000,19433000,1.298655
103072166149000,19692000,-0.13107538
103072185592000,19443000,-0.5829978
103072205254000,19662000,-0.0513649
103072224710000,19456000,0.5542202
103072244423000,19713000,-0.07931328
103072264087000,19664000,-1.3680634
103072283471000,19384000,-2.7095041
103072303026000,19555000,-3.4449277
103072322629000,19603000,-3.8157377
103072342175000,19546000,-3.738194
103072361851000,19676000,-3.3591194
103072382113000,20262000,-2.7488914
103072400946000,18833000,-1.6422181
103072420569000,19623000,-0.6681547
103072440236000,19667000,-0.15562248
103072459679000,19443000,-0.054219246
103072479291000,19612000,0.299304
103072499577000,20286000,0.78310776
103072518442000,18865000,1.7669067
103072538330000,19888000,3.1293106
103072557559000,19229000,3.807497
103072577382000,19823000,3.122961
103072596817000,19435000,1.8540192
103072616811000,19994000,1.9094939
103072635919000,19108000,2.120902
103072655598000,19679000,1.1646113
103072675138000,19540000,0.44181108
103072694841000,19703000,0.090461254
103072714212000,19371000,-0.59060526
103072734188000,19976000,-1.4808788
103072753423000,19235000,-1.6312017
103072773085000,19662000,-1.2255559
103072792677000,19592000,-1.0792775
103072812207000,19530000,-1.5685949
103072832666000,20459000,-2.1704974
103072851457000,18791000,-2.7490568
103072870866000,19409000,-3.3389869
103072890563000,19697000,-3.1142912
103072910179000,19616000,-2.0168543
103072929580000,19401000,-0.64140224
103072949162000,19582000,0.28281307
103072968817000,19655000,0.42604542
103072988345000,19528000,0.8349848
103073007971000,19626000,1.1001968
103073027502000,19531000,1.6732168
103073047064000,19562000,2.891099
103073066701000,19637000,3.0800767
103073086241000,19540000,1.6587381
103073105816000,19575000,0.8625326
103073125434000,19618000,2.258636
103073144995000,19561000,2.9539032
103073164593000,19598000,1.24404
103073184187000,19594000,-0.26427698
103073203781000,19594000,0.5009265
103073223331000,19550000,2.4529438
103073242915000,19584000,3.0878544
103073262495000,19580000,1.8163309
103073282073000,19578000,0.92088604
103073301705000,19632000,0.27005672
103073321417000,19712000,-0.99518776
103073341149000,19732000,-2.334742
103073360467000,19318000,-3.6284537
103073380249000,19782000,-4.104642
103073399577000,19328000,-4.312131
103073419158000,19581000,-3.3820295
103073438690000,19532000,-2.5153475
103073458309000,19619000,-1.516593
103073477897000,19588000,-0.13609982
103073497496000,19599000,1.0490847
103073517329000,19833000,1.5361004
103073536725000,19396000,1.5255585
103073556557000,19832000,1.6027594
103073575864000,19307000,1.698906
103073595732000,19868000,1.7671261
103073615048000,19316000,2.8143606
103073634789000,19741000,4.240142
103073654276000,19487000,3.894289
103073673927000,19651000,2.9213133
103073693380000,19453000,1.2041492
103073713074000,19694000,-0.20497513
103073732519000,19445000,-1.244647
103073752149000,19630000,-1.6797028
103073771978000,19829000,-1.6934729
103073791255000,19277000,-2.2509704
103073811084000,19829000,-2.940792
103073830853000,19769000,-3.8100657
103073850321000,19468000,-4.255869
103073869832000,19511000,-4.423463
103073889055000,19223000,-4.536945
103073908642000,19587000,-3.900887
103073928275000,19633000,-2.62754
103073948076000,19801000,-0.9461956
103073967459000,19383000,0.888464
103073986963000,19504000,1.5680132
103074006559000,19596000,1.5427399
103074026144000,19585000,1.6818142
103074045705000,19561000,3.1986885
103074065338000,19633000,3.974732
103074084870000,19532000,2.964715
103074104469000,19599000,0.9064336
103074124036000,19567000,0.87744474
103074143614000,19578000,3.5646358
103074163211000,19597000,4.639469
103074183150000,19939000,2.4932995
103074202400000,19250000,0.71327543
103074222073000,19673000,0.22054482
103074241600000,19527000,0.9834919
103074261427000,19827000,2.2231321
103074280861000,19434000,2.090724
103074300540000,19679000,0.28560734
103074320116000,19576000,-1.845376
103074339638000,19522000,-3.3195271
103074359128000,19490000,-4.5132594
103074378751000,19623000,-4.767671
103074398351000,19600000,-4.304306
103074418033000,19682000,-3.5558357
103074437462000,19429000,-2.5555067
103074457296000,19834000,-1.4712143
103074476763000,19467000,0.34591103
103074496498000,19735000,2.030921
103074515854000,19356000,3.4973173
103074535482000,19628000,4.1413584
103074554933000,19451000,3.3552694
103074574645000,19712000,2.5046673
103074594089000,19444000,2.0173826
103074613770000,19681000,1.5771809
103074633617000,19847000,0.79458714
103074652879000,19262000,1.1438274
103074672654000,19775000,1.3024464
103074692201000,19547000,0.3362465
103074711768000,19567000,-0.12169552
103074731191000,19423000,-0.007112503
103074750875000,19684000,0.07337475
103074770374000,19499000,-0.5811615
103074790134000,19760000,-1.3897252
103074809520000,19386000,-2.2305174
103074829236000,19716000,-2.618917
103074848679000,19443000,-2.8749232
103074868371000,19692000,-3.8168168
103074887797000,19426000,-4.6936126
103074908104000,20307000,-4.8096213
103074927033000,18929000,-4.3958826
103074948307000,21274000,-3.0384083
103074966169000,17862000,-1.077981
103074985636000,19467000,0.82132626
103075005369000,19733000,2.0613718
103075024795000,19426000,2.3251448
103075044371000,19576000,2.3106394
103075063972000,19601000,3.1930485
103075083606000,19634000,3.8493986
103075103116000,19510000,3.1195827
103075122739000,19623000,0.6498928
103075142304000,19565000,-0.0026097298
103075161866000,19562000,1.5435624
103075181466000,19600000,2.761941
103075201051000,19585000,1.3006873
103075220618000,19567000,-0.13447809
103075240262000,19644000,-0.082167625
103075259816000,19554000,1.4458008
103075279530000,19714000,2.5790567
103075299071000,19541000,1.8875713
103075318703000,19632000,0.5055113
103075338332000,19629000,-0.93184423
103075358026000,19694000,-1.5403862
103075377425000,19399000,-1.9674177
103075397125000,19700000,-2.4961925
103075416564000,19439000,-2.969036
103075436190000,19626000,-3.18991
103075456087000,19897000,-2.7138858
103075475303000,19216000,-1.9417219
103075495131000,19828000,-0.41062927
103075514599000,19468000,0.93869877
103075534374000,19775000,1.4907055
103075553693000,19319000,1.2951584
103075573342000,19649000,1.092186
103075592826000,19484000,1.6966257
103075612729000,19903000,1.6643887
103075632010000,19281000,1.4669342
103075651715000,19705000,2.3434782
103075671143000,19428000,2.7577372
103075690822000,19679000,2.5913134
103075710306000,19484000,1.9001846
103075729943000,19637000,0.97064495
103075749546000,19603000,-0.6365013
103075769194000,19648000,-2.6305876
103075789017000,19823000,-3.511901
103075808320000,19303000,-2.9832973
103075827787000,19467000,-1.8590803
103075847444000,19657000,-2.1601458
103075867235000,19791000,-2.9781322
103075887019000,19784000,-3.2151546
103075906411000,19392000,-3.2125702
103075925670000,19259000,-3.2554302
103075945509000,19839000,-2.880971
103075964943000,19434000,-1.4402308
103075984762000,19819000,0.3572302
103076004341000,19579000,1.7583866
103076023725000,19384000,2.0848494
103076043220000,19495000,2.7642908
103076063082000,19862000,3.901744
103076082284000,19202000,5.102288
103076101848000,19564000,4.6700172
103076121464000,19616000,2.3845582
103076140987000,19523000,1.5525165
103076160601000,19614000,2.8020291
103076180161000,19560000,3.3177867
103076199732000,19571000,1.6467094
103076219353000,19621000,0.5320916
103076238902000,19549000,1.2256403
103076258502000,19600000,2.3174496
103076278181000,19679000,1.2486935
103076297699000,19518000,-0.47856045
103076317375000,19676000,-2.014945
103076336896000,19521000,-3.1803722
103076356708000,19812000,-4.235347
103076376164000,19456000,-4.7306647
103076395957000,19793000,-4.7725363
103076415284000,19327000,-3.932982
103076434924000,19640000,-3.3354144
103076454681000,19757000,-2.8997507
103076474174000,19493000,-1.8996034
103076493589000,19415000,-0.22354794
103076513307000,19718000,1.7981844
103076532757000,19450000,2.5841017
103076552388000,19631000,2.4104233
103076571861000,19473000,1.9528103
103076591414000,19553000,2.8074331
103076611027000,19613000,2.9325457
103076630601000,19574000,1.7633667
103076650183000,19582000,1.706605
103076669897000,19714000,2.0113506
103076689836000,19939000,1.3930168
103076708999000,19163000,0.56518364
103076728936000,19937000,1.233427
103076748244000,19308000,1.5672894
103076768065000,19821000,0.422019
103076787395000,19330000,-0.6808796
103076807047000,19652000,-0.95026875
103076826503000,19456000,-1.8916235
103076846105000,19602000,-2.5784926
103076865700000,19595000,-3.2142353
103076885410000,19710000,-3.44702
103076904733000,19323000,-3.9987698
103076924315000,19582000,-4.0784044
103076943895000,19580000,-3.4903545
103076963500000,19605000,-2.232174
103076983602000,20102000,-1.1061945
103077002756000,19154000,-0.29187107
103077022377000,19621000,0.28453064
103077042029000,19652000,0.84527016
103077062185000,20156000,1.8231497
103077081091000,18906000,3.2425785
103077100643000,19552000,4.501273
103077120215000,19572000,3.596817
103077140052000,19837000,2.2429852
103077159261000,19209000,2.9612122
103077179128000,19867000,3.4271045
103077198427000,19299000,2.24232
103077218016000,19589000,0.68923044
103077237616000,19600000,0.70542574
103077257232000,19616000,1.6644521
103077276788000,19556000,2.501216
103077296360000,19572000,1.4992313
103077315920000,19560000,-0.1087389
103077335553000,19633000,-1.6075964
103077355092000,19539000,-2.990059
103077374702000,19610000,-4.363321
103077394346000,19644000,-5.048258
103077413861000,19515000,-5.093233
103077433607000,19746000,-4.2210093
103077453345000,19738000,-3.4012623
103077472720000,19375000,-2.0181632
103077492363000,19643000,-0.24201202
103077512206000,19843000,1.4267445
103077532128000,19922000,2.4251146
103077551336000,19208000,2.2406378
103077570844000,19508000,1.2068825
103077590508000,19664000,1.5139465
103077609742000,19234000,2.8240461
103077629521000,19779000,3.1741848
103077648968000,19447000,2.2120104
103077668804000,19836000,2.5934458
103077688449000,19645000,3.6451855
103077707878000,19429000,3.4320946
103077727279000,19401000,2.2035017
103077746984000,19705000,0.87938595
103077766424000,19440000,-0.19020462
103077786049000,19625000,-0.9998307
103077805576000,19527000,-1.1767621
103077825353000,19777000,-1.9953337
103077844804000,19451000,-3.0038548
103077864347000,19543000,-4.039241
103077883938000,19591000,-4.804503
103077903921000,19983000,-5.3474674
103077923055000,19134000,-5.2978916
103077942784000,19729000,-4.7814364
103077962182000,19398000,-4.1401
103077981784000,19602000,-3.3520613
103078001703000,19919000,-1.9765716
103078020943000,19240000,0.07298565
103078040760000,19817000,1.8730192
103078060195000,19435000,2.8736153
103078079864000,19669000,3.0814543
103078099292000,19428000,4.051338
103078118896000,19604000,4.2558465
103078138411000,19515000,2.9345798
103078157908000,19497000,3.1797137
103078177487000,19579000,5.3092036
103078197132000,19645000,5.794159
103078216653000,19521000,4.441596
103078236251000,19598000,2.6875792
103078255811000,19560000,2.0290432
103078275376000,19565000,1.8205037
103078295390000,20014000,1.1101475
103078314542000,19152000,0.06703377
103078334136000,19594000,-1.1087785
103078353715000,19579000,-2.462585
103078373453000,19738000,-4.001498
103078392878000,19425000,-4.984508
103078412817000,19939000,-5.2080474
103078432079000,19262000,-4.6041574
103078451707000,19628000,-4.2547507
103078471221000,19514000,-4.1543508
103078490826000,19605000,-3.533855
103078510443000,19617000,-1.8005104
103078530083000,19640000,0.17925072
103078549582000,19499000,1.496007
103078569467000,19885000,2.5807934
103078588869000,19402000,3.2248478
103078608432000,19563000,3.834754
103078627989000,19557000,4.222433
103078648296000,20307000,4.0094957
103078667268000,18972000,4.544261
103078686804000,19536000,5.6629906
103078706407000,19603000,4.9072795
103078725925000,19518000,2.9826713
103078745491000,19566000,1.133666
103078765647000,20156000,-0.4286995
103078785048000,19401000,-1.958736
103078804235000,19187000,-2.7925014
103078823768000,19533000,-2.6687145
103078843399000,19631000,-2.433867
103078863151000,19752000,-2.3409853
103078882530000,19379000,-3.0469546
103078902482000,19952000,-3.9855628
103078921640000,19158000,-4.4802556
103078941452000,19812000,-4.791875
103078960871000,19419000,-4.535808
103078980680000,19809000,-3.9388037
103079000609000,19929000,-2.8674593
103079019694000,19085000,-1.2539043
103079039232000,19538000,0.056074142
103079058957000,19725000,0.5372906
103079078334000,19377000,1.3066406
103079097967000,19633000,2.4295578
103079117514000,19547000,3.7778435
103079137059000,19545000,4.074665
103079157274000,20215000,3.0015612
103079176350000,19076000,3.4989042
103079195866000,19516000,4.907189
103079215517000,19651000,3.8310966
103079234938000,19421000,1.8211107
103079254622000,19684000,1.1560855
103079274082000,19460000,0.88408566
103079293647000,19565000,0.89696074
103079313272000,19625000,1.2038851
103079332902000,19630000,0.32117558
103079352435000,19533000,-1.549056
103079371863000,19428000,-3.1516442
103079391519000,19656000,-4.3429255
103079411027000,19508000,-5.4952726
103079430652000,19625000,-5.6213093
103079450501000,19849000,-4.768108
103079469760000,19259000,-3.8104825
103079489354000,19594000,-2.6079035
103079508965000,19611000,-1.1017494
103079528545000,19580000,0.80034065
103079548203000,19658000,2.344305
103079567956000,19753000,2.503973
103079587493000,19537000,1.6855421
103079607119000,19626000,2.2113752
103079626594000,19475000,3.5693913
103079646077000,19483000,3.7365856
103079665700000,19623000,2.8752594
103079685332000,19632000,3.0654678
103079704992000,19660000,3.0764966
103079724426000,19434000,2.40941
103079744097000,19671000,1.1789799
103079763546000,19449000,0.36684895
103079783204000,19658000,-0.27075672
103079803072000,19868000,-0.63025856
103079822299000,19227000,-1.1778989
103079841931000,19632000,-1.4834981
103079861412000,19481000,-2.3217673
103079881010000,19598000,-3.1279154
103079900559000,19549000,-3.7783742
103079920474000,19915000,-3.9778218
103079939803000,19329000,-3.4528723
103079959713000,19910000,-2.9442935
103079978940000,19227000,-2.8163486
103079998563000,19623000,-2.2629967
103080018076000,19513000,-1.3640652
103080037841000,19765000,-0.06580448
103080057287000,19446000,1.125164
103080077213000,19926000,1.9145651
103080096541000,19328000,2.5194836
103080116050000,19509000,3.561614
103080135663000,19613000,3.5168877
103080155277000,19614000,1.972755
103080174787000,19510000,2.0813503
103080194879000,20092000,3.8740487
103080214259000,19380000,4.036527
103080233547000,19288000,2.9127889
103080253457000,19910000,2.28199
103080272650000,19193000,2.8204536
103080292270000,19620000,2.6529837
103080312239000,19969000,1.362175
103080331336000,19097000,-0.14121342
103080350931000,19595000,-2.1203666
103080370537000,19606000,-3.819234
103080390075000,19538000,-5.437586
103080409740000,19665000,-6.082412
103080429430000,19690000,-5.62591
103080448847000,19417000,-4.3821764
103080468429000,19582000,-3.3564963
103080488005000,19576000,-3.1945348
103080507614000,19609000,-2.822219
103080527180000,19566000,-1.5529766
103080546812000,19632000,-0.44594097
103080566361000,19549000,0.50847816
103080585936000,19575000,1.2416878
103080605609000,19673000,1.7029772
103080625189000,19580000,2.7979078
103080644788000,19599000,3.7473516
103080665095000,20307000,3.9264526
103080683947000,18852000,4.244133
103080703839000,19892000,4.2686095
103080723132000,19293000,3.7656116
103080742815000,19683000,2.940724
103080762288000,19473000,2.8864603
103080782079000,19791000,1.5543342
103080802066000,19987000,-0.13139153
103080821368000,19302000,-1.3154306
103080840616000,19248000,-1.6234603
103080860395000,19779000,-1.1606069
103080879887000,19492000,-1.2345834
103080899422000,19535000,-2.3893065
103080919004000,19582000,-3.7336545
103080938639000,19635000,-4.72265
103080958137000,19498000,-5.463953
103080977798000,19661000,-5.4336004
103080997737000,19939000,-3.9551072
103081016932000,19195000,-1.2399654
103081036467000,19535000,0.70201683
103081056015000,19548000,0.8889227
103081075837000,19822000,0.0023937225
103081095270000,19433000,0.15449333
103081115078000,19808000,1.7557774
103081134369000,19291000,3.8923244
103081154358000,19989000,4.5235567
103081173540000,19182000,2.6989746
103081193297000,19757000,2.2965941
103081212712000,19415000,3.9417863
103081232404000,19692000,4.507218
103081252031000,19627000,2.9376607
103081271542000,19511000,1.5896425
103081291162000,19620000,1.3462901
103081310649000,19487000,1.3325777
103081330133000,19484000,1.6324091
103081349763000,19630000,0.6063051
103081369749000,19986000,-1.2208924
103081388749000,19000000,-3.0704074
103081408338000,19589000,-4.3024096
103081427903000,19565000,-5.576596
103081447478000,19575000,-6.0582314
103081467069000,19591000,-5.544875
103081486779000,19710000,-4.6778736
103081506254000,19475000,-3.7960858
103081525818000,19564000,-2.7617064
103081545367000,19549000,-0.40737057
103081565066000,19699000,1.883461
103081584518000,19452000,3.3332129
103081604135000,19617000,3.1248112
103081623662000,19527000,2.0270367
103081643280000,19618000,2.7437582
103081662962000,19682000,4.475024
103081682612000,19650000,4.5651755
103081702086000,19474000,4.1920533
103081722049000,19963000,5.511009
103081741266000,19217000,6.0303574
103081761186000,19920000,5.3223734
103081780377000,19191000,3.9084287
103081800866000,20489000,1.9926186
103081819523000,18657000,-0.7317834
103081839215000,19692000,-2.884604
103081858654000,19439000,-4.4317956
103081878329000,19675000,-4.496343
103081897867000,19538000,-3.5384102
103081917582000,19715000,-3.341292
103081936888000,19306000,-4.101084
103081956443000,19555000,-5.1169558
103081976031000,19588000,-6.208887
103081996009000,19978000,-6.2785015
103082015193000,19184000,-5.7304454
103082034795000,19602000,-4.3893514
103082054476000,19681000,-2.2002368
103082074024000,19548000,0.6185913
103082093609000,19585000,2.1799564
103082113333000,19724000,2.3745956
103082133257000,19924000,2.9098434
103082152464000,19207000,4.0710726
103082172214000,19750000,4.099989
103082191571000,19357000,2.1768703
103082211350000,19779000,1.794724
103082230670000,19320000,3.2539687
103082250266000,19596000,3.3901944
103082269863000,19597000,1.7058702
103082289673000,19810000,0.3867998
103082309004000,19331000,0.2081089
103082328681000,19677000,1.617043
103082348122000,19441000,2.8627396
103082367894000,19772000,2.401897
103082387387000,19493000,0.6078024
103082406993000,19606000,-1.1339517
103082426454000,19461000,-2.1459384
103082446142000,19688000,-3.3216338
103082465615000,19473000,-4.4614196
103082485200000,19585000,-4.867634
103082504694000,19494000,-4.532367
103082524276000,19582000,-3.4292688
103082543864000,19588000,-1.8215852
103082563419000,19555000,-0.090898514
103082583045000,19626000,1.5691977
103082602634000,19589000,2.4623394
103082622331000,19697000,2.2148123
103082641751000,19420000,1.2920294
103082661352000,19601000,1.4249983
103082680931000,19579000,2.2575636
103082700574000,19643000,2.2097807
103082720090000,19516000,2.519455
103082739689000,19599000,4.02396
103082759349000,19660000,4.516814
103082779024000,19675000,3.8996735
103082798480000,19456000,2.1719913
103082818112000,19632000,0.4826498
103082837741000,19629000,-1.0884442
103082857392000,19651000,-2.1135
103082876840000,19448000,-2.5440397
103082897675000,20835000,-2.6217237
103082915937000,18262000,-2.864479
103082935442000,19505000,-3.0718594
103082955107000,19665000,-3.9811215
103082974635000,19528000,-4.7800517
103082994299000,19664000,-4.98327
103083013780000,19481000,-4.223045
103083033649000,19869000,-3.4145021
103083053103000,19454000,-2.3300447
103083072910000,19807000,-0.6449127
103083092421000,19511000,0.82858276
103083111861000,19440000,1.6024494
103083131343000,19482000,1.9339209
103083151107000,19764000,2.8072739
103083171240000,20133000,3.807495
103083190081000,18841000,3.9818811
103083210208000,20127000,2.725616
103083229356000,19148000,2.674519
103083248793000,19437000,4.5116982
103083268457000,19664000,4.919849
103083287926000,19469000,3.1521773
103083307522000,19596000,1.8907008
103083327151000,19629000,1.5028467
103083346554000,19403000,2.1109924
103083366140000,19586000,2.5918932
103083385723000,19583000,1.7475281
103083405317000,19594000,-0.08805466
103083424955000,19638000,-1.6424503
103083444915000,19960000,-3.0607624
103083464170000,19255000,-4.33175
103083483731000,19561000,-5.1969504
103083503273000,19542000,-5.6654186
103083522882000,19609000,-5.7466793
103083542469000,19587000,-5.04967
103083561940000,19471000,-3.6459084
103083581533000,19593000,-1.4367085
103083601057000,19524000,0.6943579
103083620650000,19593000,2.1854687
103083640268000,19618000,2.2400703
103083659817000,19549000,1.0539627
103083679469000,19652000,0.5658159
103083698971000,19502000,1.9101667
103083718569000,19598000,3.0449915
103083738136000,19567000,2.2942324
103083757734000,19598000,1.9488258
103083777376000,19642000,2.8847475
103083797208000,19832000,2.7813764
103083816643000,19435000,1.812304
103083836273000,19630000,1.2234354
103083855753000,19480000,0.98091793
103083875400000,19647000,0.8597908
103083895071000,19671000,0.29240322
103083914507000,19436000,-0.06151676
103083934064000,19557000,-0.826664
103083953653000,19589000,-2.0718575
103083973527000,19874000,-3.176653
103083992850000,19323000,-4.477384
103084012993000,20143000,-5.333746
103084031968000,18975000,-5.547695
103084052181000,20213000,-5.223839
103084071117000,18936000,-4.245878
103084090923000,19806000,-2.9700618
103084110319000,19396000,-1.3982773
103084130018000,19699000,0.6404247
103084149438000,19420000,2.083703
103084169164000,19726000,3.2289276
103084188616000,19452000,4.061084
103084208373000,19757000,4.910733
103084227865000,19492000,5.0722666
103084247533000,19668000,3.688643
103084266991000,19458000,3.9470916
103084286610000,19619000,5.149364
103084306103000,19493000,4.83973
103084325761000,19658000,2.575266
103084345603000,19842000,0.9999523
103084364881000,19278000,0.29541016
103084384549000,19668000,0.27628708
103084403982000,19433000,1.2619553
103084423840000,19858000,2.1324177
103084443211000,19371000,1.0050697
103084462896000,19685000,-1.0007935
103084482394000,19498000,-2.8229556
103084502435000,20041000,-4.1093783
103084521502000,19067000,-5.0429883
103084541145000,19643000,-5.749506
103084560635000,19490000,-5.89579
103084580304000,19669000,-5.72341
103084599833000,19529000,-4.902335
103084619457000,19624000,-3.927496
103084639125000,19668000,-2.6652246
103084658915000,19790000,-1.4062729
103084678070000,19155000,-0.06674194
103084697662000,19592000,1.6335316
103084717384000,19722000,1.9965277
103084736872000,19488000,1.2936707
103084756395000,19523000,1.406908
103084776062000,19667000,2.4001112
103084795581000,19519000,2.6343985
103084815122000,19541000,4.093509
103084834755000,19633000,6.1581054
103084854341000,19586000,6.4866986
103084873870000,19529000,5.7267866
103084893471000,19601000,4.83295
103084913016000,19545000,3.6708808
103084932662000,19646000,2.1656227
103084952202000,19540000,0.01722765
103084971772000,19570000,-1.6161361
103084991617000,19845000,-2.1488738
103085011226000,19609000,-1.9474497
103085030682000,19456000,-2.030078
103085050205000,19523000,-2.3251295
103085069839000,19634000,-3.1267753
103085089456000,19617000,-4.022871
103085109235000,19779000,-4.201159
103085128563000,19328000,-3.6005282
103085148204000,19641000,-3.155592
103085167692000,19488000,-2.4267507
103085187341000,19649000,-1.7799883
103085207264000,19923000,-1.2770624
103085226433000,19169000,-0.5853987
103085246316000,19883000,0.25126648
103085265795000,19479000,0.6648083
103085285396000,19601000,0.70240784
103085304845000,19449000,0.67884064
103085324615000,19770000,0.7960558
103085343958000,19343000,1.7163963
103085363856000,19898000,2.5336657
103085383142000,19286000,2.133051
103085403090000,19948000,1.1424246
103085422276000,19186000,0.5965967
103085441980000,19704000,0.15013361
103085461428000,19448000,0.1708641
103085481075000,19647000,0.43313122
103085500561000,19486000,1.0964384
103085520339000,19778000,1.6487408
103085539803000,19464000,1.8085613
103085559455000,19652000,1.560215
103085578928000,19473000,0.58113194
103085598520000,19592000,-0.55213165
103085618028000,19508000,-1.3200469
103085637681000,19653000,-1.3750854
103085657515000,19834000,-0.84783745
103085676800000,19285000,-0.13692951
103085696574000,19774000,0.2241354
103085715897000,19323000,0.08312321
103085735530000,19633000,-0.0043382645
103085754938000,19408000,0.53487396
103085774557000,19619000,0.817852
103085794140000,19583000,0.7077131
103085813670000,19530000,0.16294384
103085833270000,19600000,-0.32149696
103085852827000,19557000,-0.1734972
103085872783000,19956000,-0.19910145
103085891981000,19198000,0.42443085
103085911549000,19568000,0.56655693
103085931206000,19657000,0.20775127
103085950721000,19515000,-0.47985935
103085970343000,19622000,-1.1514759
103085990287000,19944000,-1.1934662
103086009459000,19172000,-1.1978531
103086029238000,19779000,-0.87529945
103086048759000,19521000,-0.7025595
103086068349000,19590000,-0.60124683
103086088000000,19651000,-0.47444248
103086107514000,19514000,-0.5899782
103086127124000,19610000,-0.69892025
103086146592000,19468000,-0.6104145
103086166187000,19595000,-0.5741062
103086186039000,19852000,-0.5140953
103086205515000,19476000,-0.35517025
103086225172000,19657000,-0.4238758
103086244612000,19440000,-0.35756588
103086264276000,19664000,-0.38698387
103086283699000,19423000,-0.37911797
103086303382000,19683000,-0.06646252
103086322828000,19446000,-0.13928318
103086342657000,19829000,-0.21495914
103086362210000,19553000,-0.46637344
103086381730000,19520000,-0.5872431
103086401161000,19431000,-0.61569786
103086421046000,19885000,-0.64694595
103086440431000,19385000,-0.37381363
103086460163000,19732000,0.10877895
103086479560000,19397000,-0.0031290054
103086499086000,19526000,0.018519402
103086518685000,19599000,0.05866909
103086538193000,19508000,0.078653336
103086558306000,20113000,0.2504835
103086577413000,19107000,0.30543423
103086597136000,19723000,0.3579178
103086616579000,19443000,0.024377823
103086636048000,19469000,0.147192
103086655704000,19656000,0.20901394
103086675564000,19860000,0.24815083
103086694792000,19228000,0.073467255
103086714597000,19805000,-0.04677391
103086734068000,19471000,0.09870148
103086753729000,19661000,0.06988144
103086773137000,19408000,0.11644745
103086792688000,19551000,0.16230488
103086812282000,19594000,0.3036604
103086831986000,19704000,0.1002655
103086851344000,19358000,0.20354939
103086870973000,19629000,0.3836832
103086890488000,19515000,0.2958727
103086910102000,19614000,0.2847128
103086929636000,19534000,0.3499918
103086949227000,19591000,-0.044822693
103086968898000,19671000,-0.057100296
103086988426000,19528000,-0.08894539
103087007996000,19570000,0.16638184
103087027560000,19564000,0.23039627
103087047120000,19560000,-0.01154232
103087066736000,19616000,-0.099573135
103087086285000,19549000,-0.28250694
103087105911000,19626000,-0.27277374
103087125611000,19700000,-0.14661503
103087145264000,19653000,0.24956131
103087165049000,19785000,0.47539806
103087184452000,19403000,0.24332905
103087204072000,19620000,-0.25559425
103087223500000,19428000,-0.46647358
103087243179000,19679000,-0.3129444
103087262647000,19468000,-0.12055969
103087282271000,19624000,-0.023152351
103087301837000,19566000,0.05605793
103087321536000,19699000,-0.07442856
103087340943000,19407000,-0.031701088
103087360670000,19727000,-0.16067314
103087380107000,19437000,-0.0976429
103087399746000,19639000,0.042346954
103087419241000,19495000,0.1633625
103087439034000,19793000,0.2843523
103087458488000,19454000,-0.035577774
103087478016000,19528000,-0.049797058
103087497612000,19596000,-0.19908905
103087517866000,20254000,-0.15791607
103087536726000,18860000,0.0739584
103087556419000,19693000,0.07533264
103087576217000,19798000,-0.15360165
103087595506000,19289000,-0.15298653
103087615371000,19865000,7.343292E-4
103087634590000,19219000,-0.017861366
103087654419000,19829000,0.040387154
103087673861000,19442000,0.25212097
103087693525000,19664000,0.0043535233
103087712972000,19447000,0.08219433
103087732631000,19659000,-0.08916092
103087752104000,19473000,-0.06930542
103087771742000,19638000,-0.030654907
103087791278000,19536000,0.026854515
103087810994000,19716000,-0.3563614
103087830375000,19381000,-0.29904747
103087850104000,19729000,-0.22227287
103087869418000,19314000,0.008396149
103087889050000,19632000,-0.008933067
103087908644000,19594000,-0.21666431
103087928147000,19503000,-0.0976696
103087947747000,19600000,0.022385597
103087967306000,19559000,0.124191284
103087986886000,19580000,0.07340813
103088006464000,19578000,0.118655205
103088026046000,19582000,0.18288136
103088045631000,19585000,0.16986847
103088065440000,19809000,0.0025730133
103088084836000,19396000,0.025455475
103088104392000,19556000,-0.24049187
103088123959000,19567000,0.10501003
103088143567000,19608000,-0.010425568
103088163109000,19542000,-0.14596558
103088182749000,19640000,0.0051498413
103088202397000,19648000,0.27084923
103088222086000,19689000,0.057585716
103088241522000,19436000,0.13158512
103088261493000,19971000,-0.08180618
103088280862000,19369000,0.011177063
103088300442000,19580000,0.04662609
103088319864000,19422000,0.024599075
103088339547000,19683000,0.09836674
103088359030000,19483000,-0.0768013
103088378702000,19672000,0.09287357
103088398231000,19529000,0.10941601
103088417789000,19558000,0.12603855
103088437277000,19488000,-0.068006516
103088456898000,19621000,-0.013095856
103088476514000,19616000,-0.034841537
103088496220000,19706000,-0.07572079
103088515688000,19468000,-0.020699501
103088535275000,19587000,-0.09949303
103088555128000,19853000,-0.12042618
103088574392000,19264000,-0.1025219
103088593911000,19519000,0.05012989
103088613718000,19807000,0.20353508
103088633385000,19667000,0.12775898
103088652787000,19402000,-0.0050621033
103088672433000,19646000,-0.041963577
103088691743000,19310000,-0.117251396
103088711538000,19795000,-0.1544075
103088731490000,19952000,0.076434135
103088750647000,19157000,-0.05671501
103088770100000,19453000,-0.055781364
103088789755000,19655000,0.07928753
103088809243000,19488000,0.19526672
103088829009000,19766000,0.13885403
103088848412000,19403000,0.06309986
103088867973000,19561000,-0.05135727
103088887780000,19807000,-0.032280922
103088907200000,19420000,-0.071208954
103088926591000,19391000,-0.20635223
103088946393000,19802000,-0.13107014
103088965769000,19376000,0.020858765
103088985309000,19540000,0.09646797
103089005113000,19804000,0.07676029
103089024472000,19359000,0.13410091
103089044048000,19576000,0.17260075
103089063624000,19576000,-0.133564
103089083374000,19750000,-0.09505844
103089102770000,19396000,0.2114048
103089122485000,19715000,0.07709408
103089141969000,19484000,-4.9591064E-5
103089161670000,19701000,0.1331234
103089181100000,19430000,0.1126461
103089200996000,19896000,-0.17647171
103089220428000,19432000,-0.23616982
103089240108000,19680000,0.048625946
103089259520000,19412000,-0.08795166
103089279208000,19688000,-0.18594742
103089298679000,19471000,-0.09189224
103089318446000,19767000,-0.07369995
103089338045000,19599000,-0.32273388
103089357427000,19382000,-0.26424408
103089376978000,19551000,0.025341988
103089396866000,19888000,0.048178673
103089416144000,19278000,0.014779091
103089435803000,19659000,-0.13248062
103089456077000,20274000,-0.12566853
103089474911000,18834000,-0.09935093
103089494769000,19858000,0.11877918
103089514190000,19421000,0.011302948
103089533641000,19451000,-6.341934E-4
103089553297000,19656000,0.10188198
103089572778000,19481000,-0.14106369
103089592414000,19636000,-0.116695404
103089611886000,19472000,-0.016570091
103089631511000,19625000,0.1976862
103089651380000,19869000,0.3345728
103089670614000,19234000,0.45148277
103089690449000,19835000,0.22249126
103089709731000,19282000,0.06868458
103089729934000,20203000,0.104551315
103089748876000,18942000,0.081274986
103089768597000,19721000,0.09452915
103089788086000,19489000,0.06798935
103089807782000,19696000,0.3275156
103089827222000,19440000,0.069003105
103089846885000,19663000,0.039637566
103089866407000,19522000,0.009845734
103089886123000,19716000,-0.05842018
103089905546000,19423000,0.12250996
103089925433000,19887000,0.093203545
103089944665000,19232000,0.045466423
103089964352000,19687000,-0.0014467239
103089983790000,19438000,-0.104917526
103090003628000,19838000,0.23310566
103090023119000,19491000,0.016644478
103090042432000,19313000,-0.23721313
103090062039000,19607000,-0.22204018
103090081592000,19553000,-0.18676949
103090101166000,19574000,0.17520809
103090120743000,19577000,0.040377617
103090140482000,19739000,-0.16992188
103090159902000,19420000,-0.34094048
103090179844000,19942000,-0.26199532
103090199091000,19247000,-0.009737968
103090218643000,19552000,-0.04373932
103090238253000,19610000,0.09566021
103090257925000,19672000,0.19758129
103090277382000,19457000,0.05095005
103090297388000,20006000,0.019292831
103090316692000,19304000,-0.089404106
103090336619000,19927000,-0.007279396
103090355847000,19228000,0.09312153
103090375597000,19750000,0.11593342
103090394996000,19399000,0.022810936
103090415026000,20030000,-0.53105736
103090434136000,19110000,-0.35790062
103090453945000,19809000,-0.03194809
103090473287000,19342000,-0.050650597
103090492950000,19663000,0.08442783
103090512532000,19582000,-0.22025871
103090532195000,19663000,-0.02610302
103090551657000,19462000,0.22631264
103090571402000,19745000,5.7792664E-4
103090590804000,19402000,-0.22475624
103090610432000,19628000,0.10553074
103090629928000,19496000,0.33999157
103090649552000,19624000,0.2102251
103090669341000,19789000,-0.13089466
103090688785000,19444000,-0.26228046
103090708563000,19778000,-0.12657356
103090727870000,19307000,-0.010873795
103090747571000,19701000,-0.12560272
103090766992000,19421000,-0.27889442
103090786670000,19678000,-0.04903984
103090806149000,19479000,0.20035362
103090825789000,19640000,0.18216133
103090845328000,19539000,0.14531803
103090865286000,19958000,-0.025318146
103090884450000,19164000,-0.04275894
103090904162000,19712000,0.07363033
103090923591000,19429000,0.28539753
103090943277000,19686000,-0.03967476
103090962726000,19449000,-0.09725571
103090982384000,19658000,0.11258793
103091001995000,19611000,0.07276058
103091021822000,19827000,0.30046177
103091042589000,20767000,-0.20034504
103091060772000,18183000,-0.39508915
103091082699000,21927000,-0.3413105
103091102156000,19457000,-1.1491475
103091121783000,19627000,-0.9215026
103091141286000,19503000,0.57255363
103091160854000,19568000,-0.24778557
103091180427000,19573000,1.0422192
103091200034000,19607000,-0.039875984
103091219612000,19578000,-0.10493469
103091239196000,19584000,-0.91618395
103091258749000,19553000,-0.7504697
103091278354000,19605000,0.16228962
103091297890000,19536000,1.9370956
103091317563000,19673000,0.83856297
103091337060000,19497000,-0.47219658
103091356656000,19596000,-0.464221
103091376328000,19672000,0.36381245
103091395946000,19618000,0.13488388
103091415365000,19419000,0.11351204
103091434938000,19573000,0.33833313
103091454535000,19597000,-0.05216217
103091474260000,19725000,0.05335045
103091493692000,19432000,0.75119305
103091513271000,19579000,0.58598614
103091532997000,19726000,-0.32727814
103091552503000,19506000,-0.1688919
103091572008000,19505000,0.5825615
103091591581000,19573000,0.43344688
103091611243000,19662000,-0.17548943
103091630714000,19471000,-0.51621246
103091650403000,19689000,-0.41601372
103091669885000,19482000,-0.44878387
103091689511000,19626000,-0.38380623
103091709183000,19672000,-0.35427666
103091728846000,19663000,0.004422188
103091748287000,19441000,0.2903452
103091768597000,20310000,0.15890408
103091787411000,18814000,-0.046308517
103091807203000,19792000,-0.11506748
103091826621000,19418000,-0.14409447
103091846313000,19692000,0.019213676
103091865896000,19583000,0.24018383
103091885442000,19546000,0.020298004
103091905247000,19805000,-0.18123436
103091924567000,19320000,0.13320827
103091944089000,19522000,-0.013408661
103091963597000,19508000,-0.14230728
103091983210000,19613000,-0.27258873
103092003522000,20312000,-0.3848896
103092022237000,18715000,-0.24882698
103092041803000,19566000,0.04034996
103092061403000,19600000,0.29157925
103092081046000,19643000,0.16029835
103092100985000,19939000,-0.06626797
103092120238000,19253000,0.12870884
103092139861000,19623000,0.15119457
103092159362000,19501000,-0.037397385
103092178960000,19598000,-0.05422783
103092198440000,19480000,-0.11009979
103092218036000,19596000,-0.032611847
103092237631000,19595000,0.00598526
103092257262000,19631000,-0.032445908
103092276743000,19481000,-0.2817974
103092296368000,19625000,-0.09063721
103092315904000,19536000,0.25397587
103092335479000,19575000,0.23504162
103092355040000,19561000,0.15895557
103092374775000,19735000,0.0063257217
103092394204000,19429000,-0.012439728
103092413821000,19617000,0.0066843033
103092433463000,19642000,-0.032154083
103092452951000,19488000,0.15836334
103092472746000,19795000,0.27178383
103092492464000,19718000,-0.036678314
103092511866000,19402000,-0.19243622
103092531488000,19622000,-0.19545364
103092550973000,19485000,-0.23701954
103092570640000,19667000,-0.06776619
103092590480000,19840000,0.102023125
103092609747000,19267000,0.042767525
103092629637000,19890000,-0.015546799
103092648869000,19232000,0.15681171
103092668782000,19913000,-0.014877319
103092688081000,19299000,-0.109493256
103092707928000,19847000,-0.14634895
103092727214000,19286000,-0.22132015
103092747102000,19888000,0.22109318
103092766394000,19292000,0.24235058
103092786126000,19732000,-0.0810194
103092805550000,19424000,0.18928051
103092825350000,19800000,-0.05788994
103092844694000,19344000,-0.2289238
103092864528000,19834000,-0.24724579
103092883951000,19423000,0.0022439957
103092903459000,19508000,0.3090973
103092923059000,19600000,-0.054374695
103092942685000,19626000,-0.20709419
103092962181000,19496000,-0.16822052
103092981909000,19728000,-0.0142736435
103093001705000,19796000,-0.08987045
103093020949000,19244000,0.25629044
103093040774000,19825000,0.43044186
103093060069000,19295000,0.1833086
103093079738000,19669000,-0.15990257
103093099395000,19657000,0.013347626
103093119469000,20074000,-0.12075138
103093138338000,18869000,0.01253891
103093157922000,19584000,-0.103839874
103093177507000,19585000,-0.10573959
103093197158000,19651000,-0.06950188
103093216653000,19495000,0.0817709
103093236263000,19610000,0.15674686
103093255835000,19572000,-0.055189133
103093275398000,19563000,0.116303444
103093295003000,19605000,0.28804016
103093314560000,19557000,0.13422203
103093334143000,19583000,-0.21132469
103093353744000,19601000,-0.11671066
103093373306000,19562000,0.054141045
103093392902000,19596000,0.33964062
