53102536364000,-72811056000,0.0,0.0,0.0
53102556402000,-20038000,0.019152433,0.0,-0.07660961
53102633863000,-77461000,-0.13433126,0.038095713,-0.26690197
53102614365000,19498000,-0.019288763,0.01907897,-0.114403725
53102595787000,18578000,-0.05751279,0.03828764,-0.17220402
53102575572000,20215000,0.0574497,0.038304925,-0.095728874
53102712079000,-136507000,-0.076472506,-0.0025377274,0.08914375
53102692404000,19675000,0.05728942,-0.039906144,-0.03032875
53102672926000,19478000,0.1337312,-9.1958046E-4,-0.3974886
53102653386000,19540000,-0.0386623,0.114447,-0.20811367
53102790069000,-136683000,-0.16988458,0.16470718,-0.01680088
53102770543000,19526000,-0.055824116,0.031977654,0.20523262
53102751104000,19439000,-0.056445092,0.03332436,-0.051348686
53102731519000,19585000,-0.15269081,-0.0419966,0.114123344
53102848592000,-117073000,-0.18413922,-0.011917353,0.06115532
53102829093000,19499000,0.043628618,-0.048730016,0.05516815
53102809618000,19475000,-0.015453771,0.029283881,0.029082298
53102869599000,-59981000,-0.06659043,0.063070536,-0.048988342
53102887927000,-18328000,0.05128202,0.023116708,0.12700653
53102907216000,-19289000,-0.06031482,0.02144742,0.014429092
53102926650000,-19434000,-0.037529588,0.038918734,-0.04191971
53102946065000,-19415000,0.08121842,-0.058532953,0.03468609
53102965902000,-19837000,-0.010637939,0.054716706,0.03368473
53102985095000,-19193000,0.031478122,0.014792085,0.01280117
53103004771000,-19676000,0.07335091,0.07070327,0.106253624
53103024105000,-19334000,-0.05755207,0.12667716,0.026930809
53103043699000,-19594000,0.040883884,0.010277271,0.08139229
53103063131000,-19432000,0.062139437,0.06619692,-0.05587101
53103082655000,-19524000,0.0061813593,0.026213527,-0.059158325
53103102179000,-19524000,0.026229084,-0.013946414,0.0908041
53103121681000,-19502000,0.10314204,0.06063354,0.0685215
53103141230000,-19549000,0.17947169,-0.037327528,-0.12592983
53103160723000,-19493000,0.06367077,-0.039624333,-0.14772701
53103180243000,-19520000,0.11961229,-0.02278936,0.02238369
53103199736000,-19493000,0.1365651,-0.044174314,0.001452446
53103219284000,-19548000,-0.019573927,0.087866426,0.21092987
53103238763000,-19479000,0.034297228,-0.047967076,0.13361359
53103258325000,-19562000,0.10671823,-0.06856167,-0.03912449
53103277845000,-19520000,0.06374389,0.0069549084,0.22878933
53103297268000,-19423000,-0.056179017,-0.032083392,0.036910057
53103316813000,-19545000,-0.080530584,-0.032429814,0.09371662
53103336878000,-20065000,0.06746516,0.04423237,-0.23304462
53103355980000,-19102000,0.024157092,-0.03200817,-0.13887978
53103375514000,-19534000,0.057835266,0.12187648,0.22307587
53103394909000,-19395000,-0.13785772,0.046095133,-0.008906364
53103414366000,-19457000,-0.12231208,0.02781856,0.008057594
53103433912000,-19546000,-0.08695713,-0.0097100735,-0.051574707
53103453400000,-19488000,-0.06997119,0.04831803,-0.1877222
53103472884000,-19484000,0.005369425,-0.008857369,0.15518379
53103492366000,-19482000,-0.071578026,0.067726016,0.057875633
53103511887000,-19521000,0.02477479,0.029056668,-0.09652996
53103531407000,-19520000,0.08364043,0.009208798,-0.13566399
53103551016000,-19609000,0.028240815,-0.049263835,-0.116965294
53103570450000,-19434000,-0.17996524,-0.050529838,0.28522873
53103590015000,-19565000,-0.024015188,-0.051952958,0.0749321
53103609543000,-19528000,0.11288868,0.11897886,0.19053268
53103629183000,-19640000,0.09656568,0.0026817322,0.114634514
53103648494000,-19311000,0.02262628,0.15465105,0.076794624
53103667964000,-19470000,0.04413113,2.4747849E-4,0.0959034
53103687473000,-19509000,0.0077028126,0.19061387,-0.019762993
53103706992000,-19519000,-0.08674866,0.016957045,-0.0021352768
53103726510000,-19518000,-0.02854243,-0.0036889315,-0.17678738
53103746091000,-19581000,-0.1432125,-0.101237774,0.14596367
53103765594000,-19503000,-0.10498523,-0.007512331,0.027815819
53103785033000,-19439000,0.028887853,-0.10547435,-0.28201675
53103804862000,-19829000,0.009610429,0.103010535,-0.13210392
53103824027000,-19165000,-0.04776904,-0.07142806,-9.889603E-4
53103843548000,-19521000,0.048357084,0.022532344,-0.022465706
53103863049000,-19501000,0.16391055,0.17425609,-0.11973095
53103882610000,-19561000,-0.026796341,-0.018493772,-0.005381584
53103902073000,-19463000,-0.083362326,0.018814921,0.1673603
53103921576000,-19503000,-0.10165637,-0.058669686,-0.08043671
53103941145000,-19569000,0.0906779,-0.021154404,-0.040263176
53103960621000,-19476000,0.110575035,-0.0027194023,0.09613228
53103980085000,-19464000,0.18784013,0.07326472,-0.035367012
53103999631000,-19546000,0.07335591,0.11102557,-0.18593502
53104019132000,-19501000,-0.17557144,-0.11932492,0.027380943
53104038620000,-19488000,0.034727886,0.07168937,0.010775566
53104058178000,-19558000,0.07219659,0.03281486,-0.025082588
53104077702000,-19524000,-0.08224037,0.10879433,-0.080218315
53104097149000,-19447000,0.14611481,-0.06432927,-0.15463924
53104116666000,-19517000,0.12525856,0.145468,-0.0950613
53104136201000,-19535000,0.008441612,-0.02799344,-0.16952324
53104155659000,-19458000,0.12125826,0.1047914,-0.10973072
53104175177000,-19518000,0.09975268,0.026650548,-0.24112797
53104194720000,-19543000,0.05880636,0.10148406,-0.16131878
53104214193000,-19473000,0.017543525,0.15688932,0.07238102
53104233837000,-19644000,0.09086779,0.039586186,0.17274857
53104253253000,-19416000,0.029826537,-0.02061212,-0.18595886
53104272774000,-19521000,0.06430054,0.1295042,-0.18032551
53104292251000,-19477000,-0.016336948,0.16435087,-0.23190594
53104311859000,-19608000,-0.020476982,0.2179991,-0.39818668
53104331287000,-19428000,-0.00545907,0.17549157,-0.23855114
53104350766000,-19479000,-0.16268429,0.1516459,-0.1741724
53104370275000,-19509000,-0.1855187,0.08889723,-0.1090765
53104389800000,-19525000,-0.4376334,0.17871845,-0.17722511
53104409273000,-19473000,-0.34407234,0.018886805,-0.39776134
53104428815000,-19542000,-0.5364474,0.011677027,-0.100307465
53104448724000,-19909000,-0.49702692,0.17632556,0.0831089
53104467789000,-19065000,-0.37870842,0.034280658,0.19046974
53104487340000,-19551000,-0.18091498,0.1410873,0.33646202
53104506838000,-19498000,0.1922833,0.24788022,0.3289671
53104526373000,-19535000,-0.0254267,0.43131232,0.14812183
53104545836000,-19463000,0.10389604,0.32737553,0.0422163
53104565381000,-19545000,-0.16749665,0.35720026,-0.065896034
53104584866000,-19485000,-0.11261803,0.23318422,0.03423977
53104604379000,-19513000,-0.24931937,0.10827744,-0.15533447
53104623859000,-19480000,-0.32911077,0.19302893,-0.059731483
53104643362000,-19503000,-0.27563035,0.06606114,-0.099897385
53104662886000,-19524000,-0.28044474,-0.13839257,0.31843948
53104682463000,-19577000,-0.05613335,-0.2284745,0.1422596
53104702168000,-19705000,0.22505769,-0.16537535,0.023047447
53104721437000,-19269000,0.35237372,-0.27399397,0.4589615
53104740964000,-19527000,0.47880462,-0.11314821,0.41566563
53104760477000,-19513000,0.75703514,0.06875968,-0.011230469
53104779989000,-19512000,0.8415128,0.21464753,-0.5920572
53104799478000,-19489000,1.0568697,0.5927017,-1.2117577
53104819005000,-19527000,1.3062067,1.1067479,-1.1609135
53104838492000,-19487000,1.5500294,1.0471542,-0.6871729
53104858089000,-19597000,1.9019051,1.0445516,-0.21031475
53104877577000,-19488000,1.671087,0.637594,0.32833576
53104897033000,-19456000,1.2394747,0.3802235,1.446331
53104916521000,-19488000,0.70200384,0.15647197,2.0511656
53104936063000,-19542000,0.25013375,0.3681736,1.5853176
53104955531000,-19468000,0.38297126,0.8432312,-0.06913853
53104975105000,-19574000,0.3935359,0.9308469,-0.980526
53104994583000,-19478000,0.39929646,1.1678514,-1.5142779
53105014075000,-19492000,0.46020296,1.0756223,-1.1913271
53105033594000,-19519000,0.21467614,1.1330013,-0.68034744
53105053221000,-19627000,-0.1437124,0.82267666,-0.1896429
53105072623000,-19402000,-0.26818973,0.4704671,0.091529846
53105092163000,-19540000,-0.1571536,0.3446524,0.10728359
53105111637000,-19474000,-0.3646081,0.3310454,0.14563179
53105137371000,-25734000,-0.4099958,0.23314595,0.34290123
53105155552000,-18181000,-0.6191615,0.23293138,0.043948174
53105175037000,-19485000,-0.47380406,0.4263761,-0.3877201
53105194574000,-19537000,-0.5291498,0.29727316,-0.41653633
53105214089000,-19515000,-0.5938386,0.3443234,-0.33023167
53105233605000,-19516000,-0.5342717,0.3763969,-0.033141136
53105253077000,-19472000,-0.38953817,-0.12349057,0.41727257
53105272569000,-19492000,-0.6011142,-0.36999702,0.96337223
53105292213000,-19644000,-0.92097574,-0.63112664,1.068243
53105314038000,-21825000,-1.1567265,-0.69556403,0.78800106
53105333541000,-19503000,-0.9094455,-0.54375315,0.77255917
53105353064000,-19523000,-0.40939474,-0.71126103,1.4992666
53105372723000,-19659000,-0.07831973,-1.0633422,2.755968
53105392076000,-19353000,-0.14710099,-1.7145946,3.449523
53105411608000,-19532000,-0.55921084,-2.051342,3.0220594
53105431112000,-19504000,-1.009387,-1.8620418,1.5476427
53105450630000,-19518000,-0.7898193,-1.6053147,-0.01813221
53105470102000,-19472000,-0.4372677,-1.2420343,-0.7561922
53105489895000,-19793000,-0.3922662,-1.0778084,-0.7036562
53105509153000,-19258000,-0.61684275,-1.2288821,-0.8322344
53105528684000,-19531000,-0.51717424,-1.2551906,-1.1948948
53105548251000,-19567000,-0.28482533,-1.0815318,-1.1731873
53105567657000,-19406000,-0.034822613,-1.0737958,-1.2212877
53105587156000,-19499000,-0.18866108,-0.83138454,-1.1621084
53105606728000,-19572000,-0.2869226,-0.6816901,-1.566412
53105626244000,-19516000,-0.5789158,-0.4351915,-2.1441593
53105645680000,-19436000,-0.56677896,-0.1513691,-2.2614994
53105665190000,-19510000,-0.6908684,0.12961078,-2.7981157
53105684712000,-19522000,-0.75920767,0.46324086,-2.8146925
53105704198000,-19486000,-0.7328447,0.71344125,-2.7323637
53105723763000,-19565000,-0.40031105,1.261315,-2.0722494
53105743299000,-19536000,0.009204067,1.4728057,-1.6015444
53105762794000,-19495000,0.17039973,1.6907479,-1.4180851
53105782418000,-19624000,0.35130125,1.6833681,-0.91156197
53105801825000,-19407000,0.16809386,1.5643231,-0.46960545
53105821735000,-19910000,-0.054423764,1.4276503,0.11521053
53105840862000,-19127000,0.06571241,1.3319162,0.6251879
53105860401000,-19539000,0.02980972,1.1426809,1.2091942
53105879841000,-19440000,0.067219615,0.93805516,1.5935221
53105899430000,-19589000,-0.09047589,0.75801146,2.079421
53105918882000,-19452000,0.2079431,0.4521836,2.642764
53105938392000,-19510000,0.52205294,0.3873453,2.742797
53105957967000,-19575000,1.1009113,0.27933598,2.5289516
53105977438000,-19471000,1.3314162,0.11243415,2.937274
53105996958000,-19520000,1.5768027,-0.34016228,3.7936878
53106016475000,-19517000,1.7402081,-0.76908886,3.5078735
53106035991000,-19516000,1.7627976,-1.0183799,2.2333221
53106055563000,-19572000,1.4324028,-1.1429082,1.0055141
53106074998000,-19435000,1.5907533,-1.2552811,0.26862812
53106094551000,-19553000,0.91536444,-1.2385606,-0.3367033
53106114053000,-19502000,0.24907067,-1.1871583,-0.74601746
53106133623000,-19570000,0.07151687,-1.1002476,-1.5836463
53106153033000,-19410000,0.25077474,-0.9780611,-2.074637
53106172722000,-19689000,0.7506846,-0.5910232,-2.7472525
53106192153000,-19431000,1.1529045,-0.15181136,-2.7696362
53106211582000,-19429000,0.923305,0.22242141,-2.785984
53106231098000,-19516000,0.61878204,0.47137833,-2.9437265
53106250676000,-19578000,0.41268313,0.7256148,-3.085494
53106270142000,-19466000,0.07598239,0.94276977,-2.8646755
53106289773000,-19631000,0.08813226,1.0423837,-2.6824822
53106309170000,-19397000,-0.16296291,1.0781047,-2.0623417
53106329011000,-19841000,-0.1020509,1.2956028,-1.4841785
53106348195000,-19184000,0.022633791,1.4052832,-1.2810574
53106367800000,-19605000,0.24988228,1.4431658,-0.805562
53106387273000,-19473000,0.2925061,1.638027,-0.35223866
53106406778000,-19505000,0.16937554,1.5486994,0.1485529
53106426282000,-19504000,0.013923585,1.6540408,0.30653572
53106445781000,-19499000,0.016869783,1.7056098,0.80429935
53106465334000,-19553000,0.10077423,1.5127575,1.1375618
53106484829000,-19495000,0.28395784,1.4983666,1.8369999
53106504434000,-19605000,0.22084403,1.0510068,2.572215
53106523936000,-19502000,-0.338413,0.74759936,3.0710688
53106543336000,-19400000,-0.85816145,0.5715964,2.468463
53106562859000,-19523000,-1.0129498,0.58294654,2.5621157
53106582428000,-19569000,-0.8406388,0.15243578,3.178258
53106601919000,-19491000,-0.83833295,-0.39129424,4.0872164
53106621442000,-19523000,-1.1390201,-1.0645244,3.623188
53106640987000,-19545000,-1.1478618,-1.1172736,1.8256836
53106660560000,-19573000,-0.883023,-1.2743239,0.15263939
53106679984000,-19424000,-0.32474548,-0.9965608,-0.4142971
53106699513000,-19529000,-0.14308745,-1.0286272,0.01576519
53106719031000,-19518000,-0.14701027,-1.2541149,0.014110565
53106738539000,-19508000,-0.126966,-1.4999925,-0.27706242
53106758105000,-19566000,-0.2568305,-1.7661763,-0.40977955
53106777587000,-19482000,-0.51917166,-1.6510575,-0.64554214
53106797078000,-19491000,-0.6855978,-1.4235657,-1.2089262
53106816585000,-19507000,-0.54647887,-1.142317,-2.2681937
53106836253000,-19668000,-0.5429166,-0.75122714,-2.8622541
53106855704000,-19451000,-0.6369674,-0.406286,-2.7396746
53106875226000,-19522000,-0.6562302,-0.28253484,-2.7025843
53106894956000,-19730000,-0.811125,-0.13392353,-2.3660207
53106914255000,-19299000,-0.9290084,0.09286523,-2.0949554
53106933740000,-19485000,-0.6644667,0.356426,-1.6216326
53106953328000,-19588000,-0.24668398,0.6344569,-1.4844799
53106972798000,-19470000,-0.058363706,1.0579913,-1.0173006
53106992256000,-19458000,0.034597993,1.2029831,-0.6844864
53107011884000,-19628000,0.012719452,1.2202451,-0.4526043
53107031526000,-19642000,-0.0672729,1.3951006,-0.3083582
53107050817000,-19291000,-0.14885569,1.2859795,0.029024124
53107070494000,-19677000,-0.041131116,1.1597657,-0.115428925
53107089888000,-19394000,-0.070326015,0.9211333,0.34490395
53107109354000,-19466000,-0.026115768,0.5323942,1.6743011
53107128884000,-19530000,0.09128934,0.32064128,2.9882183
53107148422000,-19538000,0.35840246,0.3265593,3.2105293
53107167910000,-19488000,0.5261402,0.20841956,3.0845594
53107187423000,-19513000,0.9582086,0.25668955,2.4918127
53107206915000,-19492000,1.8839824,0.034044743,2.0809116
53107226416000,-19501000,2.1916022,-0.07349825,1.6591482
53107245935000,-19519000,1.7454594,-0.35061193,1.1696835
53107265506000,-19571000,1.2906642,-0.64175653,0.78722763
53107285036000,-19530000,1.2470521,-0.9448669,0.6309519
53107304521000,-19485000,0.94341946,-0.89422107,-0.040745735
53107324047000,-19526000,0.5712327,-0.89049315,-0.6473732
53107343523000,-19476000,0.16979887,-0.8559587,-0.9524927
53107363048000,-19525000,0.21966511,-0.59841466,-1.3134995
53107382560000,-19512000,0.74246025,-0.4817922,-1.3217316
53107402038000,-19478000,1.0704856,-0.20034099,-1.5268612
53107421536000,-19498000,1.0910822,-0.21503687,-1.8474784
53107441083000,-19547000,0.72926223,0.04691863,-2.3373022
53107460558000,-19475000,0.42673528,0.39163613,-2.246821
53107480101000,-19543000,0.33749735,0.6442456,-2.4744854
53107499608000,-19507000,-0.24634796,0.7636385,-2.2918954
53107519347000,-19739000,-0.55787337,0.6704459,-2.081819
53107538628000,-19281000,-0.38514268,0.9365039,-1.5214233
53107558172000,-19544000,0.21551198,1.0040388,-1.110157
53107577631000,-19459000,0.57465273,1.0818968,-0.41126156
53107597203000,-19572000,0.635139,1.3409543,0.1880045
53107616686000,-19483000,0.2815411,1.2248614,0.20312023
53107636210000,-19524000,-0.02747333,1.3267727,0.087976456
53107655725000,-19515000,-0.082407475,1.1294334,0.5262308
53107675274000,-19549000,-0.4780383,1.0545135,1.3018684
53107694696000,-19422000,-0.33401555,0.77741694,1.4715595
53107714244000,-19548000,-0.47425288,0.873822,1.3951321
53107733771000,-19527000,-0.64980686,0.69423866,1.2033052
53107753454000,-19683000,-0.4774087,0.527714,2.5215464
53107772749000,-19295000,-0.14847875,0.147048,3.4910107
53107792303000,-19554000,-0.19907051,-0.42673802,4.5504427
53107811774000,-19471000,-0.418629,-1.1910815,4.874984
53107831332000,-19558000,-0.71162117,-1.5494527,2.5856333
53107850788000,-19456000,-0.695292,-1.1538646,0.018479347
53107870334000,-19546000,-1.0209296,-1.073714,-1.4274569
53107889816000,-19482000,-0.8457218,-0.82745767,-1.5176535
53107909372000,-19556000,-0.5716236,-0.9877763,-0.4556961
53107928877000,-19505000,-0.6198503,-1.3814507,-0.1670332
53107948377000,-19500000,-0.6647725,-1.586993,-0.010935783
53107967865000,-19488000,-0.45759043,-1.6047957,-0.28654194
53107987394000,-19529000,-0.30511487,-1.4929249,-0.45200443
53108006919000,-19525000,-0.43777862,-1.1565919,-1.1163139
53108026415000,-19496000,-0.76055413,-0.9228015,-1.8746672
53108045902000,-19487000,-0.68036526,-0.39115,-2.8019342
53108065418000,-19516000,-0.37008741,-0.023627043,-3.2645793
53108085282000,-19864000,-0.38538435,0.2348144,-2.8008642
53108104457000,-19175000,-0.094928265,0.36060667,-2.4073138
53108124103000,-19646000,-0.20761544,0.40830946,-1.5841808
53108143508000,-19405000,-0.07286668,0.64245343,-1.309989
53108163005000,-19497000,0.21300256,0.6386802,-0.8014841
53108182517000,-19512000,0.4003587,0.8541484,-0.27311993
53108202013000,-19496000,0.39269927,0.82724595,-0.17043781
53108221559000,-19546000,0.26584455,0.9971688,-0.058463097
53108241093000,-19534000,0.038238585,1.2291489,-0.096385956
53108260626000,-19533000,-0.13731605,1.0824704,0.28478718
53108280078000,-19452000,0.17972562,0.99804235,0.77355766
53108299761000,-19683000,-0.14041914,0.6506412,1.5190086
53108319153000,-19392000,-0.44574267,0.67406774,2.5939322
53108338612000,-19459000,-0.23735525,0.648535,2.9222336
53108358153000,-19541000,0.23685187,0.74837637,2.328103
53108377723000,-19570000,0.7863966,0.74593544,1.6513977
53108397176000,-19453000,1.1820462,0.5668862,1.292902
53108416691000,-19515000,1.5385678,0.07904887,1.7311974
53108436195000,-19504000,1.4719801,-0.217659,1.3971977
53108455751000,-19556000,1.3638608,-0.6660557,1.0595703
53108475275000,-19524000,1.3466253,-0.6893709,0.3772459
53108494822000,-19547000,1.150585,-0.725929,-0.49220753
53108514260000,-19438000,0.6406925,-0.8310988,-1.1794171
53108533863000,-19603000,-0.011253774,-0.9647434,-1.6596513
53108553345000,-19482000,-0.076714754,-0.9531779,-1.6198163
53108572818000,-19473000,0.21593416,-0.98704696,-1.41749
53108592323000,-19505000,0.63887,-0.87437916,-1.3917942
53108611857000,-19534000,0.8302704,-0.42374325,-1.3084288
53108631352000,-19495000,0.6386764,-0.19140673,-1.3943443
53108650964000,-19612000,0.2567764,0.05117297,-1.877727
53108670648000,-19684000,0.20257628,0.37853312,-2.394268
53108689922000,-19274000,-0.040164113,0.5576985,-2.696446
53108709472000,-19550000,-0.22186035,0.7009182,-1.3862171
53108728941000,-19469000,-0.3226006,0.5943234,-0.17003727
53108748450000,-19509000,-0.09264088,0.6372044,0.7005291
53108767987000,-19537000,0.2196641,0.6929381,1.0105944
53108787527000,-19540000,0.5188488,0.97021747,0.9268532
53108807047000,-19520000,0.59398293,1.2569087,0.15557384
53108826557000,-19510000,0.5017214,1.417907,-0.6197853
53108846054000,-19497000,0.623909,1.4141834,-0.88685226
53108865628000,-19574000,0.4802842,1.3409557,-0.5144892
53108885105000,-19477000,-0.007182479,0.9492717,0.2853899
53108904614000,-19509000,-0.5522931,0.31612277,1.6849642
53108924139000,-19525000,-0.7150123,-0.23172164,2.4391718
53108943710000,-19571000,-1.0313673,-0.079329014,2.9878378
53108963268000,-19558000,-1.0023632,-0.21980405,3.1762218
53108982717000,-19449000,-0.64570045,-0.38163352,3.9599857
53109002185000,-19468000,-0.34292704,-0.73397446,3.9766827
53109021712000,-19527000,-0.6291088,-1.1588027,2.725728
53109041240000,-19528000,-0.62245405,-1.0019333,1.5461636
53109060737000,-19497000,-0.34185725,-0.93110037,-0.19402122
53109080276000,-19539000,-0.22793746,-0.5994196,-1.5540285
53109099826000,-19550000,-0.37697452,-0.33121085,-2.432878
53109119293000,-19467000,-0.36849385,-0.50933266,-2.497005
53109138840000,-19547000,-0.60564834,-0.6363001,-1.833158
53109158476000,-19636000,-0.41897672,-1.192085,-0.8151264
53109177852000,-19376000,-0.46070254,-1.5463915,-0.12444401
53109197388000,-19536000,-0.3675061,-1.70021,0.608202
53109216906000,-19518000,-0.81035787,-1.5394855,0.925437
53109236422000,-19516000,-0.87027,-1.3328912,0.0031356812
53109255944000,-19522000,-0.7005633,-0.98509836,-1.2035398
53109275660000,-19716000,-0.43507943,-0.611423,-2.122929
53109295059000,-19399000,-0.47598815,-0.060210705,-2.4711227
53109314529000,-19470000,-0.36345515,0.2839496,-2.3072186
53109333995000,-19466000,-0.116701365,0.36135793,-1.5363474
53109353537000,-19542000,0.015039265,0.4375558,-1.0783291
53109373079000,-19542000,0.03125775,0.7395284,-0.8574648
53109392568000,-19489000,0.19938344,0.6899214,-0.54981995
53109412167000,-19599000,0.21216726,0.72685933,0.09153652
53109431640000,-19473000,0.12620157,0.90590453,0.5271473
53109451135000,-19495000,-0.040103436,0.93838286,0.542902
53109470660000,-19525000,0.15325892,0.8426354,0.63302994
53109490377000,-19717000,0.38037628,0.77147055,0.75554657
53109509686000,-19309000,0.3731023,0.4001782,1.8454046
53109529240000,-19554000,0.24625921,0.4763837,2.462987
53109548746000,-19506000,0.7851902,0.54203725,2.0499182
53109568549000,-19803000,0.84057516,0.5221014,1.7906542
53109587754000,-19205000,1.2362077,0.2278955,2.2012024
53109607275000,-19521000,1.7417023,-0.051582098,1.977315
53109626792000,-19517000,1.5902472,-0.314142,0.77411747
53109646331000,-19539000,1.4512584,-0.36600614,-0.3538704
53109666034000,-19703000,1.5534325,-0.5497277,-1.0786529
53109685359000,-19325000,1.2069496,-0.7289469,-0.9542208
53109704894000,-19535000,0.698484,-0.80597925,-0.45418835
53109724380000,-19486000,0.44981378,-1.008997,-0.4342432
53109743957000,-19577000,0.40442842,-1.12589,-0.10356808
53109763420000,-19463000,0.54510206,-1.021621,0.3125162
53109782903000,-19483000,0.68235874,-0.6763694,0.16575336
53109802452000,-19549000,0.45432138,-0.22404194,-0.65723324
53109822170000,-19718000,0.4948486,0.06674981,-1.9259706
53109841470000,-19300000,0.17386687,0.4621234,-3.3148746
53109861016000,-19546000,-0.5457003,0.69199157,-3.6352386
53109880528000,-19512000,-0.6473023,0.7534075,-3.2492123
53109900007000,-19479000,-0.68489647,0.9304111,-2.4035425
53109919554000,-19547000,-0.7527068,0.77923536,-1.8623052
53109939034000,-19480000,-0.2364577,0.94810843,-1.6824307
53109958606000,-19572000,0.2327342,0.80246496,-1.136631
53109978092000,-19486000,0.3293302,0.9151375,-0.39990902
53109997580000,-19488000,0.09088123,1.0743017,0.35166454
53110017179000,-19599000,-0.23497868,0.8962636,0.71121025
53110036849000,-19670000,-0.24772155,0.9939065,0.6345997
53110056347000,-19498000,0.031707525,1.0040693,0.9771309
53110075753000,-19406000,0.08462441,0.75537515,1.8859882
53110095214000,-19461000,0.005457282,0.67031646,2.589612
53110114696000,-19482000,-0.7624601,0.5779841,2.7956762
53110134511000,-19815000,-0.68762326,0.34566092,3.0547113
53110153779000,-19268000,-0.3450719,0.30159616,3.267991
53110173266000,-19487000,-0.48162812,-0.1271038,3.2789001
53110192780000,-19514000,-0.79049885,-0.7851372,3.717659
53110212320000,-19540000,-0.86899066,-1.1722457,2.8022738
53110231934000,-19614000,-1.0995181,-0.96031,1.10779
53110251319000,-19385000,-1.0982891,-1.1235526,-0.17481232
53110270848000,-19529000,-0.8451693,-0.98921585,-0.7732773
53110290514000,-19666000,-0.62655586,-1.0724952,-0.5852604
53110309928000,-19414000,-0.4995892,-1.3724065,-0.4633398
53110329419000,-19491000,-0.5407403,-1.5434616,-0.64815426
53110348878000,-19459000,-0.5205484,-1.7196025,-0.6912098
53110368436000,-19558000,-0.5928157,-1.5943514,-0.6625452
53110387915000,-19479000,-0.5285823,-1.3981285,-1.0932903
53110407435000,-19520000,-0.36697704,-1.0358853,-1.4818459
53110426963000,-19528000,-0.51108,-0.6046908,-2.3430715
53110446491000,-19528000,-0.38710797,-0.39377618,-3.4265666
53110466522000,-20031000,-0.76167536,-0.09841108,-3.3703265
53110485568000,-19046000,-0.8313482,-0.048879147,-2.4441686
53110505153000,-19585000,-0.88334215,-0.13255501,-1.5846653
53110524543000,-19390000,-0.8218251,0.106951475,-1.2722979
53110544025000,-19482000,-0.56975764,0.092386484,-1.2985668
53110563556000,-19531000,-0.35654315,0.35777736,-1.1501122
53110583168000,-19612000,-0.45002654,0.42246985,-0.5825968
53110602610000,-19442000,-0.33310398,0.5724523,-0.080779076
53110622094000,-19484000,0.07069993,0.6918967,0.4839344
53110641614000,-19520000,0.4545313,0.7036686,0.64616203
53110661211000,-19597000,0.05153835,0.3777504,0.6110153
53110680640000,-19429000,-0.6987144,0.21262836,1.0243807
53110700235000,-19595000,-0.32209915,0.15153146,1.6329117
53110719697000,-19462000,0.30000204,-0.0721426,2.4904737
53110739224000,-19527000,1.3398694,-0.26508975,3.5939245
53110758746000,-19522000,1.7436213,-0.44427276,4.135929
53110778313000,-19567000,1.874028,-0.7605263,3.6347122
53110797828000,-19515000,1.3462589,-0.52174497,2.585967
53110817832000,-20004000,1.3263443,-0.24269867,1.9444656
53110836796000,-18964000,1.5455115,-0.24686742,1.0059958
53110856455000,-19659000,1.867704,-0.07302451,-0.32542324
53110875818000,-19363000,1.6990254,-0.04615307,-0.64529705
53110895339000,-19521000,1.3454806,-0.2426951,-0.4453087
53110914923000,-19584000,0.9988464,-0.5672269,0.1100893
53110934413000,-19490000,0.8901601,-0.5798516,0.1863966
53110953889000,-19476000,1.0210913,-0.31945467,-0.84148216
53110973427000,-19538000,0.87650144,0.041045666,-1.8378205
53110993079000,-19652000,0.5352043,0.060446978,-2.7977538
53111012434000,-19355000,0.17250293,0.36965728,-3.333942
53111031945000,-19511000,-0.38170892,0.4695158,-3.3272176
53111051478000,-19533000,-0.53099835,0.3394127,-2.8888521
53111071021000,-19543000,-0.25342417,0.49497366,-2.533349
53111090538000,-19517000,0.03225863,0.59000945,-2.0681434
53111110046000,-19508000,-0.18904555,1.0063438,-1.7046394
53111129563000,-19517000,-0.20736837,1.1299307,-0.88986206
53111149179000,-19616000,-0.27111113,1.1703379,-0.16400623
53111168723000,-19544000,-0.45697582,1.0883181,0.27527523
53111188150000,-19427000,-0.478217,1.2662497,0.5164633
53111207690000,-19540000,-0.1439743,1.0139816,0.6673298
53111227154000,-19464000,0.2956152,1.0592978,1.1607561
53111246784000,-19630000,0.32207108,0.88509035,1.6834936
53111266194000,-19410000,0.31637537,0.7987809,2.7271242
53111285730000,-19536000,-0.22151327,0.7437396,2.9453583
53111305293000,-19563000,-0.3359555,0.28075433,2.6397924
53111324796000,-19503000,-0.37334824,-0.013834,2.9942064
53111344264000,-19468000,-0.7560771,-0.50193405,3.1825047
53111363804000,-19540000,-1.0822679,-1.0854907,2.6861048
53111383339000,-19535000,-0.94942755,-1.2254413,1.0647621
53111402855000,-19516000,-0.9122195,-1.2060628,0.08276653
53111422348000,-19493000,-1.1036487,-1.1584444,-1.1174092
53111441874000,-19526000,-1.2543983,-1.0033631,-1.6673937
53111461413000,-19539000,-1.2101026,-1.1985819,-1.309814
53111480936000,-19523000,-0.778221,-1.2450094,-0.45679665
53111500582000,-19646000,-0.6474657,-1.544318,-0.4980116
53111519954000,-19372000,-0.3199178,-1.6182777,-0.35352802
53111539553000,-19599000,-0.38950038,-1.581947,-0.075808525
53111558978000,-19425000,-0.6466477,-1.417352,-0.06427097
53111578513000,-19535000,-0.82428896,-1.2020236,-0.8540983
53111598010000,-19497000,-0.38734376,-0.72687364,-1.4689188
53111617541000,-19531000,-0.0072378516,-0.3002746,-2.3502736
53111637191000,-19650000,-0.18298441,-0.07778716,-2.7903166
53111656667000,-19476000,-0.3412404,0.013901234,-2.043057
53111676218000,-19551000,-0.3106445,0.18235731,-1.2771416
53111695894000,-19676000,-0.11114043,0.23290658,-0.7804575
53111715157000,-19263000,-0.030675113,0.2964015,-0.3642187
53111734719000,-19562000,0.17941606,0.48542023,-0.7008066
53111754322000,-19603000,0.020837426,0.7213588,-0.18487072
53111773725000,-19403000,-0.08522922,0.8304393,0.39390564
53111793541000,-19816000,-0.15803313,0.63904333,0.4573841
53111812755000,-19214000,0.28156793,0.6643245,0.24960041
53111832372000,-19617000,0.48680067,0.7718365,0.55238724
53111851833000,-19461000,0.36219603,0.789948,1.2857456
53111871340000,-19507000,0.21432674,0.50886464,1.814848
53111890969000,-19629000,0.80936617,0.006385088,2.271245
53111910873000,-19904000,1.0171489,-0.19884086,3.590784
53111929941000,-19068000,0.79956377,-0.7739085,4.871912
53111949510000,-19569000,0.34754747,-0.98881733,4.176299
53111969017000,-19507000,0.13977402,-0.744581,1.8459387
53111988488000,-19471000,0.7510144,-0.8232478,-0.14810085
53112008017000,-19529000,0.89836764,-0.6664263,-1.2690206
53112027535000,-19518000,0.8504566,-0.57822347,-1.1679893
53112047072000,-19537000,0.6267557,-0.7294117,-0.9299965
53112066592000,-19520000,0.2275706,-0.87016463,-0.9297428
53112086100000,-19508000,0.2279647,-0.96195877,-0.66077805
53112105779000,-19679000,0.6859793,-0.87075126,-0.5753908
53112125106000,-19327000,0.7598895,-0.54007626,-1.0886993
53112144833000,-19727000,0.56501615,-0.3342824,-1.4108734
53112164201000,-19368000,0.19779259,-0.0062355995,-1.8839226
53112183688000,-19487000,0.003302753,0.1359446,-2.6398172
53112203284000,-19596000,-0.113729715,0.3774352,-2.7194452
53112222815000,-19531000,-0.05675912,0.5815854,-2.5053015
53112242276000,-19461000,-0.22712982,0.6882987,-1.9207993
53112261859000,-19583000,-0.068544865,0.73338795,-1.081254
53112281336000,-19477000,0.28566003,1.0975907,-0.16143131
53112300924000,-19588000,0.8167337,1.5681508,-0.16051674
53112320547000,-19623000,0.3561691,1.6260872,-0.27892303
53112339908000,-19361000,-0.25394684,1.7680218,-0.3314047
53112359419000,-19511000,-0.15244734,1.6476891,0.34718513
53112378951000,-19532000,0.18125236,1.6472237,0.75559044
53112398615000,-19664000,0.28708196,1.5170443,1.5593843
53112418012000,-19397000,0.12633407,1.3536749,1.7387037
53112437513000,-19501000,-0.1290313,0.96621895,1.76826
53112457058000,-19545000,-0.05799842,0.79666686,2.487153
53112476561000,-19503000,-0.1587578,0.19608378,3.27952
53112496291000,-19730000,-0.8526701,-0.7756121,4.5829372
53112515633000,-19342000,-1.526466,-1.7119409,5.2849855
53112535134000,-19501000,-1.8152938,-1.9384482,3.9653368
53112554703000,-19569000,-1.6026248,-1.7566242,0.83249664
53112574208000,-19505000,-1.2120998,-1.5826979,-1.4508843
53112593910000,-19702000,-0.6416782,-1.2205083,-2.613935
53112613256000,-19346000,-0.44594157,-1.165074,-2.3412852
53112632968000,-19712000,-0.73908454,-1.4906027,-1.6966157
53112652291000,-19323000,-0.9667272,-1.6227378,-1.0124788
53112671793000,-19502000,-0.7848944,-1.4850111,-1.0834999
53112691346000,-19553000,-0.5395701,-1.1935959,-1.0395994
53112710891000,-19545000,-0.38542908,-0.9612647,-0.85589695
53112730404000,-19513000,-0.38154823,-0.58009386,-1.0846148
53112749940000,-19536000,-0.31888664,-0.26397252,-1.6096573
53112769475000,-19535000,-0.16079897,0.17490172,-2.0484343
53112788963000,-19488000,-0.13870448,0.25356245,-2.230143
53112808492000,-19529000,-0.36885977,0.54252243,-2.252377
53112828146000,-19654000,-0.29685238,0.48238015,-1.9063511
53112847623000,-19477000,-0.30649355,0.7014358,-1.4441395
53112867425000,-19802000,-0.1490668,0.7944336,-0.92525864
53112886583000,-19158000,-0.18850946,0.74008036,-0.29762745
53112906083000,-19500000,-0.3480056,0.8431103,-0.043168068
53112925807000,-19724000,-0.6080035,0.89185023,0.35097885
53112945148000,-19341000,-0.33574444,0.6760284,0.859848
53112964699000,-19551000,0.124818355,0.9046236,0.92329884
53112984201000,-19502000,0.123230815,0.9850912,0.9004011
53113003728000,-19527000,0.27289018,0.8231218,0.53799534
53113023248000,-19520000,0.5739203,0.70774627,1.3077145
53113042812000,-19564000,0.85370266,0.50671506,2.6518679
53113062320000,-19508000,0.8434985,0.14555907,3.6878042
53113081805000,-19485000,0.42754024,0.08622241,3.8775358
53113101341000,-19536000,0.29449213,-0.09035182,2.2996483
53113120916000,-19575000,0.78852344,0.13537455,0.29336452
53113140424000,-19508000,1.4496859,0.26768732,-0.76174927
53113159994000,-19570000,1.530647,0.32751012,-0.84383583
53113179476000,-19482000,1.2799506,-0.047822475,-0.5027075
53113198940000,-19464000,0.98426473,-0.16806054,-0.21039677
53113218618000,-19678000,0.891895,-0.1477027,-0.3816328
53113238017000,-19399000,1.0031288,-0.0057561398,-0.60727215
53113257627000,-19610000,0.8200916,0.16202545,-0.95867825
53113277066000,-19439000,0.66938776,0.2786088,-2.082559
53113296796000,-19730000,0.45597142,0.4008348,-2.9024749
53113316066000,-19270000,0.4882275,0.6040914,-3.2622275
53113335724000,-19658000,0.5373932,0.84883547,-3.6943722
53113355135000,-19411000,0.35631245,0.92272234,-2.7025738
53113374657000,-19522000,0.4826461,0.7665472,-1.778471
53113394205000,-19548000,0.24729216,0.780802,-1.1896381
53113413703000,-19498000,0.22595549,0.73416495,-0.7079201
53113433224000,-19521000,0.07471979,0.7595725,-0.011147499
53113452917000,-19693000,-0.09083307,0.62635374,0.8959217
53113472250000,-19333000,-0.34668607,0.4877348,1.7565107
53113492031000,-19781000,-0.42416602,0.573308,1.7021742
53113511304000,-19273000,-0.30366415,0.78827095,1.7198782
53113530871000,-19567000,0.1302036,0.78825283,1.5341988
53113550388000,-19517000,-0.022701263,0.63148737,0.5448818
53113570244000,-19856000,-0.16878068,0.35673285,1.1986179
53113589413000,-19169000,-0.4430591,-0.5326042,2.8808126
53113608912000,-19499000,-1.3631454,-1.3843985,5.2638817
53113628447000,-19535000,-2.0482583,-1.9669081,6.2970057
53113647989000,-19542000,-2.4022124,-2.1815708,3.8711958
53113667483000,-19494000,-1.6576871,-1.6801918,0.053079605
53113687428000,-19945000,-0.7320161,-1.1293824,-2.2478518
53113706542000,-19114000,-0.25711417,-0.6420181,-2.4302783
53113726092000,-19550000,-0.28964913,-0.63737845,-1.6375933
53113745591000,-19499000,-0.5817401,-0.7898426,-1.1998873
53113765093000,-19502000,-0.3307619,-0.67910624,-1.3169689
53113784630000,-19537000,-0.17095244,-0.6325972,-1.5576725
53113804165000,-19535000,-0.14296973,-0.5377617,-1.1669693
53113823653000,-19488000,-0.23001295,-0.18659902,-1.0200672
53113843231000,-19578000,-0.41495556,-0.09887791,-0.9408703
53113862763000,-19532000,-0.41220447,0.048146963,-0.8514967
53113882335000,-19572000,-0.2228919,0.19431901,-1.2121372
53113901791000,-19456000,-0.058376074,0.22211742,-1.3739176
53113921327000,-19536000,-0.07218003,0.28261256,-1.4161606
53113940825000,-19498000,0.0037606955,0.33570457,-1.1891289
53113960377000,-19552000,-0.060327083,0.49498653,-1.2134066
53113979851000,-19474000,-0.0918158,0.6638453,-1.1671925
53113999425000,-19574000,0.10119048,0.53528214,-1.398531
53114018903000,-19478000,-0.112858355,0.64552045,-1.0872421
53114038417000,-19514000,-0.120482415,0.7457092,-0.71492386
53114057975000,-19558000,0.021496266,0.5489671,-0.22660732
53114077631000,-19656000,0.33288425,0.49645662,-0.21840382
53114096969000,-19338000,0.33545738,0.7043736,0.7434387
53114116561000,-19592000,-0.047103554,0.73301625,1.3158989
53114136011000,-19450000,0.20058247,0.75605583,1.6494198
53114155591000,-19580000,0.733885,0.27645993,2.4497137
53114175085000,-19494000,0.99737346,-0.22571707,3.6944313
53114194576000,-19491000,0.41613787,-0.7107961,5.265087
53114214138000,-19562000,-0.22502936,-0.77479434,5.2420588
53114233691000,-19553000,0.031280786,-0.8368635,3.3143997
53114253294000,-19603000,1.0511029,-0.49241328,0.780653
53114272740000,-19446000,1.6663556,-0.40968585,-1.3255353
53114292194000,-19454000,1.6661261,-0.29980588,-2.005692
53114311695000,-19501000,1.3751545,-0.31512022,-1.7898283
53114331211000,-19516000,1.213598,-0.55121803,-1.1092186
53114350733000,-19522000,0.8355577,-0.62537193,-0.9304085
53114370296000,-19563000,0.6616947,-0.4615941,-1.16716
53114389801000,-19505000,0.55797505,-0.38640332,-1.734673
53114409424000,-19623000,0.31420738,-0.15173864,-2.5116062
53114428911000,-19487000,-0.12566805,0.12609649,-2.4397612
53114448420000,-19509000,-0.39602914,0.31155086,-2.3775268
53114467872000,-19452000,-0.6861746,0.47946358,-2.2846217
53114487596000,-19724000,-0.7255916,0.6471784,-2.0255713
53114507112000,-19516000,-0.607251,0.7551255,-1.7360401
53114526414000,-19302000,-0.4819361,0.9737387,-1.284895
53114545972000,-19558000,-0.2327658,1.1096447,-0.4448824
53114565469000,-19497000,-0.37570763,0.96973276,0.319252
53114585031000,-19562000,-0.5846626,1.0506663,0.54207325
53114604553000,-19522000,-0.66829205,1.294142,0.6955347
53114624027000,-19474000,-0.684639,1.3741217,0.5810442
53114643565000,-19538000,-0.27050292,1.4244351,0.6326971
53114663086000,-19521000,-0.11647701,1.4835014,0.76826
53114682610000,-19524000,-0.33883715,1.5899191,0.33217716
53114702160000,-19550000,-0.38370043,1.2653012,0.9687252
53114721631000,-19471000,0.28351414,0.6637511,2.77209
53114741153000,-19522000,0.12890112,0.016208887,4.5535936
53114760724000,-19571000,-0.46610665,-0.67548895,6.407343
53114780389000,-19665000,-1.1198442,-1.1788104,4.4804983
53114799779000,-19390000,-1.1819531,-1.1642237,1.0498409
53114819257000,-19478000,-0.4416768,-0.8768296,-1.358571
53114838753000,-19496000,0.009792209,-0.58090734,-2.0536437
53114858305000,-19552000,0.26875997,-0.5222566,-1.1255841
53114877780000,-19475000,-0.29674,-0.77540517,-0.80635643
53114897312000,-19532000,-0.38445288,-0.97531486,-1.1055508
53114916833000,-19521000,0.23518014,-0.8153193,-1.3817701
53114936355000,-19522000,0.6616396,-0.678926,-1.5502968
53114955851000,-19496000,0.31982404,-0.56718516,-1.4321442
53114975393000,-19542000,0.14754534,-0.46242166,-1.4628849
53114994956000,-19563000,-0.20066679,-0.28999448,-1.3520374
53115014432000,-19476000,-0.0931201,-0.28217483,-1.672987
53115033966000,-19534000,-0.2576229,-0.21149826,-1.7553406
53115053429000,-19463000,-0.5404732,-0.15710378,-1.6388931
53115072958000,-19529000,-0.3854283,-0.14037228,-1.8810544
53115092490000,-19532000,-0.3468797,0.06649828,-1.986567
53115112228000,-19738000,-0.3087694,0.28944254,-1.4408073
53115131515000,-19287000,-0.365821,0.3161602,-0.7654762
53115151146000,-19631000,-0.47882771,0.27952433,-0.8059139
53115170539000,-19393000,-0.30239803,0.29352403,-0.743021
53115190111000,-19572000,0.049056828,0.20427322,-0.10158157
53115209567000,-19456000,0.46068788,0.3946674,0.501256
53115229119000,-19552000,0.7214495,0.32847047,1.0041962
53115248612000,-19493000,0.9069489,0.082731724,2.05435
53115268129000,-19517000,1.2263684,-0.15035391,3.1686954
53115287671000,-19542000,0.8350737,-0.427243,4.093713
53115307200000,-19529000,0.344055,-0.57413626,4.9202566
53115326736000,-19536000,0.2880597,-0.49352813,4.570552
53115346353000,-19617000,0.47464097,-0.10693455,2.982108
53115365768000,-19415000,0.865442,0.051094055,1.263155
53115385216000,-19448000,1.2499137,-0.03734827,-0.43390274
53115404735000,-19519000,1.4941182,0.29881048,-0.9189992
53115424301000,-19566000,1.9810612,0.17865682,-0.5307884
53115443781000,-19480000,1.6761825,-0.09167814,-0.33292198
53115463328000,-19547000,1.1725919,-0.07219386,-0.56522274
53115482880000,-19552000,0.7380118,-0.10823774,-1.0270777
53115502348000,-19468000,0.43014652,-0.08540678,-1.825192
53115521905000,-19557000,0.11568916,0.18742919,-2.6653018
53115541412000,-19507000,-0.088679075,0.42253566,-3.0816092
53115561114000,-19702000,-0.37240714,0.676836,-3.0494819
53115580453000,-19339000,-0.6366093,0.77715755,-2.5653963
53115599942000,-19489000,-0.6487162,0.81827235,-2.0093455
53115619482000,-19540000,-0.4825238,0.91396713,-1.6868343
53115638999000,-19517000,-0.3653795,0.87158895,-1.19701
53115658509000,-19510000,-0.4103511,1.0157492,-0.9453411
53115678110000,-19601000,-0.80780905,1.0008166,-0.036135674
53115697586000,-19476000,-1.0210537,0.9987056,0.08750439
53115717102000,-19516000,-0.973344,0.8749931,0.26156807
53115736673000,-19571000,-0.70311683,0.9935348,0.80454826
53115756138000,-19465000,-0.26848114,0.9141979,1.2686319
53115775648000,-19510000,0.21467042,0.84813213,1.8005495
53115795426000,-19778000,0.17032778,0.70000935,2.681631
53115814681000,-19255000,-0.21287644,0.39475656,4.040617
53115834256000,-19575000,-0.17094576,-0.29667878,5.2783585
53115853715000,-19459000,-0.24263704,-0.8171277,5.623909
53115873244000,-19529000,-0.21917349,-0.95384264,3.2718496
53115892808000,-19564000,-0.10205269,-0.74254584,0.6127596
53115912302000,-19494000,0.16507578,-0.735939,-1.1468883
53115931913000,-19611000,0.14089847,-0.72087526,-1.8507318
53115951371000,-19458000,-0.021942735,-0.9062166,-1.6626673
53115970847000,-19476000,-0.51531553,-1.1374688,-1.0895348
53115990408000,-19561000,-0.6304749,-1.4138234,-0.79063606
53116009939000,-19531000,-0.63495433,-1.2561283,-0.6020403
53116029447000,-19508000,-0.3936056,-1.0283124,-1.0129461
53116049075000,-19628000,-0.44145286,-0.80721164,-1.3655176
53116068537000,-19462000,-0.39417356,-0.49825835,-2.000033
53116088123000,-19586000,-0.46137795,-0.1985488,-2.760127
53116107557000,-19434000,-0.37410843,-0.29348826,-2.705739
53116127395000,-19838000,-0.16995996,-0.057222605,-2.332909
53116146667000,-19272000,-0.34683305,-0.0103189945,-1.7965317
53116166091000,-19424000,-0.598148,0.017198324,-1.76758
53116185602000,-19511000,-0.78985494,0.13790488,-1.8076506
53116205126000,-19524000,-0.57719904,0.25393367,-1.8818812
53116224876000,-19750000,-0.8219027,0.53595066,-1.7255301
53116244190000,-19314000,-0.7196102,0.6378083,-1.4018345
53116263728000,-19538000,-0.59564817,0.6349926,-0.64624023
53116283214000,-19486000,-0.12438929,0.507602,0.17271137
53116302932000,-19718000,0.19609326,0.5806978,0.66767216
53116322289000,-19357000,0.61388314,0.4523809,0.7754574
53116341918000,-19629000,1.3960366,0.44846177,1.6214161
53116361328000,-19410000,1.8318561,0.32099557,3.0088825
53116380857000,-19529000,2.0911725,0.30084682,4.3583393
53116400523000,-19666000,1.9601691,0.21691585,5.223892
53116420112000,-19589000,1.5697823,0.35814285,4.182757
53116439380000,-19268000,1.9327855,0.22830534,2.1501393
53116458929000,-19549000,2.1274698,0.21168566,0.67338467
53116478440000,-19511000,1.8080072,0.23297715,-0.30472946
53116498039000,-19599000,1.5867656,-0.089817286,-0.7042241
53116517496000,-19457000,1.215536,-0.54497004,-0.09627724
53116537033000,-19537000,0.9444635,-0.55689406,0.11002159
53116556650000,-19617000,0.5649337,-0.6799326,-0.019021034
53116576081000,-19431000,0.2910713,-0.83631325,-0.68522835
53116595572000,-19491000,0.06879735,-0.90997386,-1.3834386
53116615111000,-19539000,-0.040643573,-0.53598666,-1.839211
53116634812000,-19701000,-0.3974179,-0.2307167,-2.3151693
53116654155000,-19343000,-0.63349485,0.10145998,-2.749395
53116673715000,-19560000,-0.49669135,0.3260913,-2.8888412
53116693211000,-19496000,-0.30978,0.65249276,-2.4435072
53116712711000,-19500000,-0.30056334,0.8871796,-2.0055223
53116732294000,-19583000,-0.31464696,0.98944426,-1.5362206
53116751771000,-19477000,-0.6966649,0.9565449,-1.2482586
53116771314000,-19543000,-0.85324204,1.1114266,-0.6466131
53116790927000,-19613000,-0.9575322,1.2409525,-0.36777782
53116810411000,-19484000,-0.95325845,1.3048532,-0.322093
53116829920000,-19509000,-0.66911983,1.3398454,0.09727192
53116849399000,-19479000,-0.41289055,1.3831866,0.96059513
53116868986000,-19587000,-0.37751293,1.166019,1.6489611
53116888485000,-19499000,-0.56493115,1.1672919,0.79635715
53116908322000,-19837000,-1.0341737,0.8124144,1.0597734
53116927498000,-19176000,-0.5618516,0.27599573,3.2201748
53116946998000,-19500000,-0.7770557,-0.32590795,4.477271
53116966509000,-19511000,-0.87640935,-0.87588024,4.980712
53116986045000,-19536000,-0.8032262,-1.5430348,3.558301
53117005575000,-19530000,-0.55802965,-1.1933446,1.9689007
53117025108000,-19533000,-0.25609863,-1.2016389,1.2644196
53117044626000,-19518000,-0.18512976,-1.314951,0.75652695
53117064146000,-19520000,-0.0200392,-1.357624,0.29585934
53117083708000,-19562000,0.1427269,-1.5379043,0.1564703
53117103182000,-19474000,0.20655036,-1.6245425,-0.13271523
53117122711000,-19529000,0.13226688,-1.540128,-0.46814728
53117142359000,-19648000,0.22551143,-1.4760303,-0.88044167
53117161802000,-19443000,-0.05066061,-1.2227566,-1.6299405
53117181294000,-19492000,-0.102852106,-1.0689077,-2.25037
53117200852000,-19558000,-0.21836287,-0.65249515,-2.5825691
53117220315000,-19463000,-0.32011557,-0.4743669,-2.429963
53117239890000,-19575000,-0.5414146,-0.44163465,-2.516203
53117261827000,-21937000,-0.5560441,-0.1899941,-2.4882288
53117281299000,-19472000,-0.4767712,0.061424017,-1.9498153
53117300869000,-19570000,-0.35960358,0.11803174,-1.8584442
53117320398000,-19529000,-0.4713911,0.49406528,-1.2584047
53117339880000,-19482000,-0.5046524,0.30596542,-0.6320543
53117360148000,-20268000,-0.49667603,0.68172526,-0.40293026
53117378912000,-18764000,-0.37093168,0.8348596,-0.21802998
53117398437000,-19525000,-0.22256404,0.95550036,-0.42570782
53117417977000,-19540000,0.063269675,1.2153823,-0.1511221
53117437530000,-19553000,0.19880372,1.3843381,0.3892908
53117457020000,-19490000,0.8343413,1.2900124,1.0946131
53117476528000,-19508000,1.5662932,1.0092154,1.9029245
53117496345000,-19817000,1.3201487,0.73364353,3.8825645
53117515577000,-19232000,0.99368054,0.21643758,5.631176
53117535095000,-19518000,0.7185125,-0.08142662,4.80672
53117554667000,-19572000,0.93322575,-0.080887794,2.169942
53117574180000,-19513000,1.4834088,-0.1235888,0.60914993
53117593711000,-19531000,1.6405066,-0.18719602,-0.43226242
53117613223000,-19512000,1.1168396,-0.42184806,-0.3003273
53117632792000,-19569000,0.5060178,-0.9780047,0.052952766
53117652253000,-19461000,0.49824733,-1.1827395,0.2527027
53117671783000,-19530000,0.59667283,-1.3210363,0.057956696
53117691339000,-19556000,0.82225,-1.1034968,-0.60006714
53117710858000,-19519000,0.6216351,-1.0073414,-1.5418029
53117730513000,-19655000,0.22653997,-0.8015864,-2.3204145
53117749957000,-19444000,-0.0926857,-0.5820954,-2.7000594
53117769398000,-19441000,-0.25748563,-0.33036113,-3.1925488
53117788912000,-19514000,-0.6489564,-0.047738552,-3.5823631
53117808460000,-19548000,-0.44143444,0.3019104,-3.4632645
53117827941000,-19481000,-0.4757169,0.6007495,-2.4686775
53117847561000,-19620000,-0.5586159,0.8073516,-1.4971008
53117866984000,-19423000,-0.76563954,0.99464226,-1.0672951
53117886494000,-19510000,-0.8853204,1.0059614,-0.7797651
53117906083000,-19589000,-0.84062237,1.2019782,-0.46695042
53117925791000,-19708000,-1.0336193,1.2925179,0.5161648
53117945061000,-19270000,-0.69888705,1.5820918,0.6859627
53117964643000,-19582000,-0.43036985,1.743125,0.3996458
53117984147000,-19504000,6.519556E-4,1.8128915,0.6263914
53118003656000,-19509000,-0.3650235,1.6566575,0.9956932
53118023193000,-19537000,-0.07364261,1.2359638,3.2067032
53118042686000,-19493000,-0.0850749,0.5515022,5.722231
53118062197000,-19511000,-0.43971896,-0.29946542,7.3111763
53118081751000,-19554000,-0.56480676,-0.81634784,5.36236
53118101370000,-19619000,-0.27020055,-0.45912123,2.3975072
53118120778000,-19408000,0.2898326,-0.563699,0.59665394
53118140274000,-19496000,-0.015449643,-0.58935094,-0.46238518
53118159832000,-19558000,-0.07575846,-0.47452497,-0.5266247
53118179355000,-19523000,0.24247193,-0.6946745,-0.39218616
53118198876000,-19521000,0.13446128,-0.7110226,-0.58501816
53118218453000,-19577000,0.2320872,-0.8092425,-1.0176449
53118237928000,-19475000,0.30546463,-0.96947193,-1.1236715
53118257566000,-19638000,0.16305381,-0.7891736,-1.2002668
53118277079000,-19513000,0.2455979,-0.69036174,-1.64147
53118296456000,-19377000,0.09375906,-0.44437695,-2.287879
53118316005000,-19549000,0.12928474,-0.30149055,-2.4643927
53118335486000,-19481000,-0.06858379,-0.20637679,-2.6851711
53118355007000,-19521000,-0.4608068,-0.08474827,-2.5269766
53118374597000,-19590000,-0.4909808,-0.18810439,-2.3722615
53118394147000,-19550000,-0.7324724,0.07470107,-2.1263509
53118413581000,-19434000,-0.3411091,0.2798221,-1.7344513
53118433093000,-19512000,-0.3115089,0.44429898,-1.5252972
53118452654000,-19561000,-0.18286574,0.7002356,-1.1584597
53118472290000,-19636000,0.08382487,0.91174364,-0.6390333
53118491671000,-19381000,0.12470412,1.0197923,-0.7589359
53118511195000,-19524000,0.74391127,1.3485227,-0.5275831
53118530710000,-19515000,1.1551868,1.6285682,-0.295434
53118550268000,-19558000,1.1462829,1.7630541,-0.029248238
53118569743000,-19475000,1.5195489,1.8469322,0.074894905
53118589268000,-19525000,2.0044198,1.4389048,1.1434135
53118608773000,-19505000,2.559986,1.2091029,3.9009113
53118628296000,-19523000,1.9193732,0.62156105,5.5091324
53118647860000,-19564000,0.7886995,0.02219987,4.603551
53118667353000,-19493000,0.8710598,0.2177794,1.6004047
53118686859000,-19506000,1.2466581,0.27267814,-0.30586958
53118706387000,-19528000,1.5331318,0.40083528,-0.9440646
53118725993000,-19606000,1.0422325,0.030750275,-0.6180906
53118745524000,-19531000,0.5612024,-0.39409757,-0.26015472
53118765199000,-19675000,0.30263877,-0.6988485,0.21366024
53118784479000,-19280000,0.19314945,-0.7661388,0.4292059
53118804054000,-19575000,0.024407387,-0.7279992,-0.14345837
53118823561000,-19507000,-0.16220355,-0.77426195,-1.1726346
53118843072000,-19511000,-0.40212226,-0.50150704,-1.8488455
53118862652000,-19580000,-0.788483,-0.46458936,-2.3399472
53118882516000,-19864000,-0.99324936,-0.24203253,-2.4882855
53118901745000,-19229000,-0.86110353,0.049589634,-2.7886143
53118921166000,-19421000,-1.0223305,0.25575876,-2.4139247
53118940695000,-19529000,-0.9393457,0.5851178,-2.147131
53118960224000,-19529000,-0.47750533,0.72852516,-1.5085387
53118979741000,-19517000,-0.44144833,0.85535574,-0.8627987
53118999408000,-19667000,-0.42972147,0.86680126,0.075437546
53119018952000,-19544000,-0.76978946,0.9705529,0.5545826
53119038489000,-19537000,-0.9273622,0.857579,0.7030668
53119057907000,-19418000,-0.69391155,1.0813515,0.6098385
53119077419000,-19512000,-0.39678788,1.1423604,0.88127613
53119096956000,-19537000,-0.17184854,1.0396862,1.2428751
53119116480000,-19524000,-0.4806217,1.3284073,1.0186491
53119135998000,-19518000,-0.25229692,1.0317507,2.100206
53119155499000,-19501000,0.013494372,0.5141363,3.7751741
53119175040000,-19541000,-0.66146505,-0.35754037,5.0825057
53119194571000,-19531000,-1.1864748,-1.1600294,4.179989
53119214091000,-19520000,-1.3321037,-1.1243126,1.1983414
53119233689000,-19598000,-0.7340399,-1.0320346,-0.35949135
53119253142000,-19453000,-0.5597832,-0.8981786,-0.4152913
53119272711000,-19569000,-0.38693118,-1.1786525,0.26867294
53119292327000,-19616000,-0.36797047,-1.3913727,0.1283493
53119311764000,-19437000,-0.23446286,-1.2083509,-0.10032272
53119331296000,-19532000,0.12858486,-1.4705181,-0.3910637
53119350862000,-19566000,0.012183428,-1.2957909,-0.5455189
53119370320000,-19458000,0.009448886,-1.2395675,-0.74908257
53119389829000,-19509000,-0.1867907,-1.1489928,-1.3798728
53119409384000,-19555000,-0.2324248,-0.9868083,-1.6677108
53119428996000,-19612000,-0.108742,-0.69718003,-1.8392282
53119448453000,-19457000,-0.39053798,-0.41670036,-1.8922734
53119467939000,-19486000,-0.44565594,-0.47351956,-1.9594026
53119487486000,-19547000,-0.5035773,-0.29580808,-1.0439835
53119507282000,-19796000,-0.54452217,-0.34590077,-0.6209078
53119526527000,-19245000,-0.52940285,-0.052571297,-1.0574684
53119546097000,-19570000,-0.3424105,0.10324144,-1.3406067
53119565558000,-19461000,-0.63398963,0.38749743,-0.8613224
53119585162000,-19604000,-0.3116814,0.3578751,-0.31262302
53119604665000,-19503000,-0.0071147084,0.51082945,-0.8095474
53119624370000,-19705000,0.37570304,0.63444114,-1.1488748
53119643694000,-19324000,0.491531,0.9387512,-0.54927063
53119663222000,-19528000,0.780143,1.0974984,0.8718672
53119682790000,-19568000,0.89548486,1.1103394,2.326604
53119702280000,-19490000,1.5829077,1.1113029,2.585864
53119721791000,-19511000,2.2084117,1.2153771,3.4460888
53119741684000,-19893000,2.7886415,0.6946194,3.772274
53119760859000,-19175000,2.4978063,0.43186927,2.430354
53119780478000,-19619000,1.8880688,0.27446318,1.1201601
53119799976000,-19498000,2.0107234,-0.19694734,0.7975054
53119821905000,-21929000,1.4228811,-0.40822172,-0.09588909
53119841447000,-19542000,0.66667163,-0.81259775,-0.70527315
53119861137000,-19690000,-0.18067068,-0.8707788,-0.98778486
53119880477000,-19340000,-0.637001,-1.0583417,-0.8212142
53119899992000,-19515000,-0.52653277,-0.98936844,-0.4863987
53119919576000,-19584000,-0.534099,-0.8528931,-0.8195009
53119939065000,-19489000,-0.36720884,-0.7812164,-1.4124074
53119958577000,-19512000,-0.36605072,-0.4859891,-1.9347467
53119978176000,-19599000,-0.58432925,-0.3117454,-2.2484736
53119997628000,-19452000,-0.9234943,-0.20197296,-2.2930884
53120017176000,-19548000,-0.9027763,-0.21552253,-2.1043358
53120036725000,-19549000,-0.7509048,-0.067182064,-1.5466914
53120056198000,-19473000,-0.46761668,0.049030542,-1.1372652
53120075787000,-19589000,-0.3213799,0.111566305,-0.7237129
53120095272000,-19485000,-0.23704255,0.15616298,-0.44305038
53120114850000,-19578000,-0.1015625,0.23803782,0.2182684
53120134364000,-19514000,0.13987732,0.56582594,0.9487591
53120154206000,-19842000,0.23576283,0.83132386,1.1305027
53120173395000,-19189000,0.39302766,1.1479545,1.5799294
53120192946000,-19551000,0.589877,1.1502724,2.2914839
53120212420000,-19474000,0.5169461,1.373317,1.9568615
53120231947000,-19527000,0.74628997,1.7392952,2.601098
53120251480000,-19533000,0.9692627,1.3087361,4.6793785
53120270993000,-19513000,0.36052597,0.78972936,6.329797
53120290543000,-19550000,-0.56392217,-0.23914218,5.6518707
53120310073000,-19530000,-1.1338352,-0.570112,2.2009792
53120329639000,-19566000,-0.79266083,-0.6414821,-0.23322296
53120349145000,-19506000,-0.7064887,-0.29667044,-1.4963293
53120368636000,-19491000,-0.98743075,-0.48967004,-1.7362442
53120388149000,-19513000,-1.0771307,-0.7764015,-1.4612589
53120407686000,-19537000,-1.1260408,-0.9812927,-1.330792
53120427260000,-19574000,-0.8443675,-1.0824165,-1.3335614
53120446894000,-19634000,-0.6706372,-0.8667619,-1.3443356
53120466307000,-19413000,-0.5463127,-0.9074094,-1.3736658
53120485817000,-19510000,-0.70068705,-0.8393934,-1.5876675
53120505346000,-19529000,-0.6934562,-0.681643,-2.0013719
53120524893000,-19547000,-0.487051,-0.4921162,-2.5742464
53120544486000,-19593000,-0.48476374,-0.42516637,-2.7882986
53120564020000,-19534000,-0.47734314,-0.57838297,-2.8930278
53120583464000,-19444000,-0.6004323,-0.6283028,-2.4493093
53120602953000,-19489000,-0.41489834,-0.38541842,-2.014339
53120622567000,-19614000,-0.32421547,-0.46454096,-1.6863117
53120642006000,-19439000,-0.27226347,-0.293118,-1.2973728
53120661583000,-19577000,-0.26003963,-0.1408782,-0.9474554
53120681113000,-19530000,-0.05867803,-0.12430167,-1.1208916
53120700759000,-19646000,0.2352618,-0.014832497,-1.2674165
53120720149000,-19390000,0.6783972,0.28207207,-0.9331894
53120739663000,-19514000,1.0400178,0.382401,0.20315456
53120759242000,-19579000,1.2615337,0.5534291,0.68192196
53120778740000,-19498000,1.3416067,0.2772429,1.456749
53120798268000,-19528000,1.4511387,0.14701962,3.155733
53120818018000,-19750000,1.0714295,-0.16315627,4.452869
53120837302000,-19284000,0.33605558,-0.34626865,5.3051915
53120856828000,-19526000,0.33622015,-0.305835,3.6766639
53120876374000,-19546000,0.84274834,-0.098002434,1.3818383
53120895857000,-19483000,1.7038419,0.029782772,0.33337212
53120915392000,-19535000,1.8482182,-0.1891985,-0.062264442
53120935061000,-19669000,1.3341719,-0.50469613,-0.12721205
53120954449000,-19388000,0.7181865,-0.6665101,0.20375156
53120974003000,-19554000,0.38377166,-0.7500999,0.40157223
53120993485000,-19482000,0.025719166,-0.67767954,0.4554081
53121012992000,-19507000,-0.25850677,-0.63968086,0.18101978
53121032556000,-19564000,-0.6007658,-0.65434504,-0.606905
53121052059000,-19503000,-0.63442856,-0.31891274,-1.4241452
53121071606000,-19547000,-0.5865804,0.1369462,-1.4808726
53121091148000,-19542000,-0.6652788,0.3297274,-1.7116265
53121110627000,-19479000,-0.50442994,0.4690125,-1.5960174
53121130181000,-19554000,-0.2173866,0.6298444,-0.95922756
53121149670000,-19489000,-0.0716002,0.71444106,-0.29828358
53121169237000,-19567000,0.14354408,0.8739221,0.15661526
53121188789000,-19552000,0.19719243,0.8571849,0.26912975
53121208589000,-19800000,0.08787298,0.8537898,0.11267567
53121227845000,-19256000,-0.43596637,0.86242986,0.10297489
53121247292000,-19447000,-0.4759493,0.766978,0.50384426
53121266850000,-19558000,-0.3018632,0.7391598,0.5254879
53121286377000,-19527000,-0.049118996,0.74066305,0.58492947
53121306004000,-19627000,-0.17840898,0.84841895,-0.068546295
53121325476000,-19472000,0.11375487,0.8718331,-0.03965664
53121344929000,-19453000,0.96058905,0.29473853,2.6233387
53121364435000,-19506000,0.17762351,-0.23048425,4.6626635
53121383996000,-19561000,-0.6655858,-1.219341,6.1523237
53121403496000,-19500000,-1.5313772,-1.6733696,3.429926
53121423109000,-19613000,-1.3851767,-1.3596041,-0.023533821
53121442575000,-19466000,-1.0300827,-1.1745758,-1.7206678
53121462047000,-19472000,-0.88553244,-0.92331123,-2.0629835
53121481586000,-19539000,-0.7771493,-0.9669628,-1.3715367
53121501513000,-19927000,-0.7222714,-1.1118491,-0.673996
53121520625000,-19112000,-0.5862705,-1.2240901,-1.1285515
53121540164000,-19539000,-0.08100796,-1.0923004,-1.1959782
53121559666000,-19502000,-0.049455166,-0.7554555,-1.1761055
53121579330000,-19664000,-0.28160942,-0.6933353,-0.8721657
53121598768000,-19438000,-0.54907495,-0.56334066,-1.1617851
53121618520000,-19752000,-0.6422438,-0.32887435,-1.7743654
53121637798000,-19278000,-0.658278,-0.22301841,-2.3268452
53121657326000,-19528000,-0.6169001,-0.037333727,-2.3780947
53121676809000,-19483000,-0.84416664,-0.11929655,-1.9860463
53121696362000,-19553000,-0.93795216,-0.10742521,-1.1513634
53121715846000,-19484000,-0.68746763,-0.042226553,-0.89099884
53121735437000,-19591000,-0.39882535,0.3236165,-1.0348892
53121754906000,-19469000,-0.07185984,0.3375547,-0.7057543
53121774579000,-19673000,0.1210866,0.38165474,-0.23268795
53121794006000,-19427000,0.40925002,0.5510552,0.015610695
53121813464000,-19458000,0.6576863,0.6537998,0.0541296
53121832971000,-19507000,0.96091485,0.7279978,0.22357178
53121852507000,-19536000,1.2024434,1.0226359,0.15628147
53121872053000,-19546000,1.6677744,0.7908504,0.23218727
53121891874000,-19821000,2.0100427,0.5306561,1.291605
53121911324000,-19450000,1.7677407,0.18551803,3.1411152
53121930620000,-19296000,0.9391458,-0.090262175,5.3764772
53121950228000,-19608000,0.7101072,-0.44877625,5.3509617
53121969675000,-19447000,1.214721,-0.16003513,2.5051012
53121989204000,-19529000,2.2045069,-0.1028955,0.43552303
53122009263000,-20059000,1.9366348,-0.064638376,-0.47812557
53122028224000,-18961000,0.7972511,-0.3685336,-3.5858154E-4
53122047762000,-19538000,0.107901335,-0.74500346,0.37714863
53122067303000,-19541000,0.0045170784,-0.6372714,0.2777958
53122086809000,-19506000,-0.18051183,-0.5230615,-0.32961845
53122106347000,-19538000,-0.23323762,-0.47812557,-1.3808236
53122126014000,-19667000,-0.38009608,-0.11888385,-2.1605997
53122145469000,-19455000,-0.40682685,0.17132497,-2.470614
53122164908000,-19439000,-0.8467888,0.18108726,-2.8409505
53122184418000,-19510000,-0.91222626,0.29223657,-2.787067
53122203979000,-19561000,-0.830988,0.59884405,-2.495718
53122223715000,-19736000,-0.5440805,0.6967466,-2.0398202
53122243855000,-20140000,-0.37604976,0.8328128,-1.435915
53122262526000,-18671000,-0.34788954,0.96637845,-0.84244823
53122282052000,-19526000,-0.22956204,0.90389276,-0.18209457
53122301596000,-19544000,-0.11849809,1.0458274,-0.09135914
53122321163000,-19567000,-0.18922424,1.0843146,-0.1355896
53122340612000,-19449000,-0.44427717,1.0759242,-0.13021374
53122360147000,-19535000,-0.27300406,1.000845,0.3014593
53122379693000,-19546000,-0.09891772,1.0696213,1.1149387
53122399274000,-19581000,0.03781569,0.9568815,1.6150475
53122418796000,-19522000,0.13549447,0.89319897,0.68570423
53122438238000,-19442000,0.25007653,0.9370799,1.3297291
53122457876000,-19638000,0.5335127,0.5148444,3.1606169
53122477293000,-19417000,-0.20286322,-0.21852255,3.8776188
53122496803000,-19510000,-0.8106112,-1.0506003,4.3974705
53122516351000,-19548000,-1.3472658,-1.212765,2.7064047
53122535855000,-19504000,-0.9117112,-1.1232059,0.5456228
53122555458000,-19603000,-0.28760993,-0.9700446,-0.39967918
53122574911000,-19453000,-0.14348269,-0.75008607,-1.1603665
53122594436000,-19525000,-0.018161416,-1.0737135,-0.92659235
53122613995000,-19559000,0.12753177,-1.0198708,-0.5144272
53122633486000,-19491000,-0.031772614,-1.0474842,-0.45175362
53122653122000,-19636000,0.34651577,-1.0413198,-0.44378185
53122672583000,-19461000,0.13173163,-0.8106289,-0.65620613
53122692287000,-19704000,-0.025597453,-0.5668137,-1.2755833
53122711627000,-19340000,-0.26035118,-0.48450613,-2.0109992
53122731133000,-19506000,-0.2474258,-0.25905538,-2.3807554
53122750630000,-19497000,-0.4083997,-0.08448577,-1.9997125
53122770162000,-19532000,-0.5515982,-0.0975132,-1.7091737
53122789678000,-19516000,-0.56165874,-0.07103109,-1.4704418
53122809566000,-19888000,-0.629403,-0.0073366165,-1.4940357
53122828766000,-19200000,-0.42849535,0.052633524,-1.6113467
53122848229000,-19463000,-0.3603307,0.2987876,-1.4219189
53122867799000,-19570000,-0.27105427,0.3658414,-1.2350922
53122887269000,-19470000,-0.5625985,0.3868475,-1.0354824
53122906842000,-19573000,-0.29628426,0.38022757,-0.6732807
53122926321000,-19479000,-0.027680755,0.3456695,-0.056723595
53122945840000,-19519000,0.60682845,0.12994242,0.92528534
53122965391000,-19551000,1.0127249,0.23143792,1.2726212
53122984913000,-19522000,1.4376135,0.15297413,1.4404669
53123004411000,-19498000,1.6304983,0.2787001,2.6117802
53123024011000,-19600000,1.5889132,0.054303646,4.839406
53123043456000,-19445000,1.1762724,-0.34643698,6.10738
53123063030000,-19574000,1.1180791,-0.6348674,5.2797966
53123082540000,-19510000,1.2021545,-0.40709448,2.3701887
53123102272000,-19732000,1.9637214,-0.40839243,0.4572878
53123121614000,-19342000,2.1772687,-0.46467018,-0.5921216
53123141127000,-19513000,2.1680012,-0.7660661,-0.9287648
53123160607000,-19480000,1.7252634,-0.9858434,-0.48802948
53123180112000,-19505000,1.079073,-1.0081046,-0.026997566
53123199721000,-19609000,0.23008025,-1.2533133,-0.30235386
53123219528000,-19807000,-0.3413608,-1.1459734,-0.97961044
53123238694000,-19166000,-0.6501815,-0.7819092,-2.0689135
53123258218000,-19524000,-1.0380063,-0.42867732,-2.5486598
53123277732000,-19514000,-1.232168,0.047373056,-3.3512936
53123297252000,-19520000,-1.4003756,0.2811811,-3.3031216
53123316950000,-19698000,-1.6339389,0.577477,-3.10807
53123336354000,-19404000,-1.6033969,0.9334357,-2.438198
53123355947000,-19593000,-1.4970403,1.0015254,-2.1342883
53123375401000,-19454000,-1.2363666,1.3340361,-2.408227
53123394927000,-19526000,-1.1076636,1.6214657,-2.6875234
53123414431000,-19504000,-0.61334753,1.860956,-2.0949087
53123434721000,-20290000,-0.38544583,1.6087401,-0.9000902
53123453494000,-18773000,-0.27690005,1.4964881,0.023434639
53123473029000,-19535000,0.074593544,1.1578383,0.57688427
53123492542000,-19513000,0.032865047,1.0904992,2.0936594
53123512102000,-19560000,-0.061495066,1.0077405,3.0334911
53123531637000,-19535000,-0.2891941,0.8728461,3.5408764
53123551703000,-20066000,-0.0021338463,0.72533536,4.8135824
53123570637000,-18934000,0.18335783,0.22530746,5.138898
53123590252000,-19615000,0.1506052,-0.43409276,5.6188307
53123609696000,-19444000,-0.19755268,-0.84697866,5.538545
53123629238000,-19542000,-0.7660577,-1.0480378,3.6860352
53123648762000,-19524000,-0.69283026,-1.0907443,1.035964
53123668291000,-19529000,-0.1684035,-0.9904239,-0.8012681
53123687784000,-19493000,0.08091402,-0.5714209,-1.512948
53123707328000,-19544000,0.0566535,-0.7698605,-1.6063223
53123726833000,-19505000,-0.04833722,-0.89495754,-1.7577467
53123746395000,-19562000,-0.17557573,-0.9654925,-1.8960438
53123765985000,-19590000,0.039716363,-0.98188853,-1.6630616
53123785502000,-19517000,-0.014640093,-0.83036566,-1.6407704
53123804990000,-19488000,-0.20398986,-0.8571861,-1.7051144
53123824456000,-19466000,-0.39378214,-0.47042274,-1.6008091
53123844007000,-19551000,-0.4111513,-0.30413008,-1.6305761
53123863525000,-19518000,-0.5428431,-0.32246184,-2.1765256
53123883125000,-19600000,-0.5966763,-0.27889156,-2.2050633
53123902548000,-19423000,-0.667783,-0.15700102,-1.8724747
53123922131000,-19583000,-0.7362913,-0.09305072,-1.3923273
53123941635000,-19504000,-0.3036347,-0.05085802,-1.2482357
53123961118000,-19483000,-0.25048482,0.19769216,-0.9666338
53123980612000,-19494000,-0.04048562,-0.038297415,-0.3616724
53124000276000,-19664000,-0.13360345,0.0446167,-0.16677666
53124019698000,-19422000,0.3311857,0.5033021,0.26248646
53124039371000,-19673000,0.8740939,0.47546077,0.6908226
53124058803000,-19432000,1.03386,0.6888561,0.8249464
53124078640000,-19837000,1.3832724,0.87501884,0.85164833
53124097935000,-19295000,1.7285413,0.82350683,0.8623495
53124117652000,-19717000,1.8372904,0.39989996,1.581583
53124136818000,-19166000,1.7074549,0.2752099,4.0610247
53124156374000,-19556000,0.95349836,0.047415018,5.5973682
53124175857000,-19483000,0.55097616,-0.22488093,4.17688
53124195523000,-19666000,0.9590001,0.053456306,1.2516079
53124215007000,-19484000,1.5274087,0.022457838,-0.23011398
53124234730000,-19723000,1.4909701,-0.10550952,-1.0534406
53124253945000,-19215000,1.1392925,-0.15619898,-1.3651972
53124273507000,-19562000,0.8370904,-0.4922197,-0.8339462
53124293171000,-19664000,0.7199229,-0.5759802,-0.849349
53124312536000,-19365000,0.25382185,-0.40633035,-1.3060842
53124332072000,-19536000,0.034385443,-0.461102,-1.8899202
53124351666000,-19594000,-0.28082705,-0.4714229,-2.5171618
53124371140000,-19474000,-0.4401381,-0.13054848,-2.7987323
53124390626000,-19486000,-1.1113311,0.025168657,-2.6530757
53124410202000,-19576000,-1.2958153,0.12932348,-2.497693
53124429885000,-19683000,-1.125037,0.42994475,-2.310933
53124449233000,-19348000,-0.7500284,0.6189425,-1.6718946
53124468804000,-19571000,-0.45625222,0.8095944,-1.32794
53124488629000,-19825000,-0.45340788,0.86585283,-0.8406391
53124507858000,-19229000,-0.53190684,1.1111724,-0.19746399
53124527622000,-19764000,-0.76875186,1.2178359,0.13817978
53124546878000,-19256000,-0.72583663,1.3182545,0.7328415
53124566409000,-19531000,-0.61530936,1.4106364,0.92923355
53124586137000,-19728000,-0.70706403,1.5318017,1.3910294
53124605481000,-19344000,-0.39064753,1.5663207,1.4407969
53124625013000,-19532000,-0.29978204,1.6665623,0.5557842
53124644570000,-19557000,0.15741599,1.5449688,2.159954
53124664056000,-19486000,0.27026463,1.0294554,4.6028643
53124683588000,-19532000,-0.38453364,0.1781168,5.506521
53124703171000,-19583000,-0.71694416,-0.547894,4.8675237
53124722647000,-19476000,-0.53662026,-0.7818861,2.0889864
53124742593000,-19946000,0.09856105,-0.6358428,-0.22803783
53124761695000,-19102000,0.13507521,-0.60271,-1.3511953
53124781243000,-19548000,-0.1396941,-0.7172878,-0.85654116
53124800759000,-19516000,-0.43833852,-1.2059441,0.095583916
53124820773000,-20014000,-0.77975124,-1.5293379,0.05735874
53124839860000,-19087000,-0.7800554,-1.5898838,-0.46151066
53124859914000,-20054000,-0.84043235,-1.5763259,-0.65051556
53124878854000,-18940000,-0.71052724,-1.4889302,-1.421103
53124898396000,-19542000,-0.810232,-1.1537676,-2.193694
53124917902000,-19506000,-0.87009513,-1.0117879,-2.4083815
53124937441000,-19539000,-0.81237245,-0.91090584,-2.4062376
53124956969000,-19528000,-0.98095,-0.7956805,-2.3952065
53124977069000,-20100000,-0.95340216,-0.8400037,-2.2190557
53124996024000,-18955000,-0.9026022,-0.685107,-1.9763532
53125015675000,-19651000,-0.63617057,-0.52409077,-1.7614818
53125035133000,-19458000,-0.4417343,-0.3218689,-1.3666868
53125054668000,-19535000,-0.6070125,-0.023619652,-1.0823822
53125074102000,-19434000,-0.3667835,0.023209572,-0.68339443
53125093647000,-19545000,0.23967266,0.25686717,-0.28932858
53125113163000,-19516000,1.0002427,0.33045197,0.17080975
53125132699000,-19536000,1.2235253,0.5294826,0.48064518
53125152265000,-19566000,1.2710083,0.35454226,0.51961803
53125171748000,-19483000,1.5229733,0.015395403,1.3357601
53125191822000,-20074000,2.0529916,0.2008748,3.6713314
53125210816000,-18994000,1.326782,0.31825614,5.797596
53125230318000,-19502000,0.70164144,0.003969431,5.276228
53125249865000,-19547000,0.7700999,0.17851782,2.6181917
53125269362000,-19497000,1.5513811,0.36451864,1.438427
53125288921000,-19559000,1.9927673,0.08459473,0.8531132
53125308658000,-19737000,1.8077896,-0.18101263,0.5178251
53125327950000,-19292000,1.9177564,-0.25813246,0.3429308
53125347479000,-19529000,1.7868466,-0.50924706,0.29541302
53125367008000,-19529000,1.1096783,-0.31979585,-0.36396503
53125386548000,-19540000,1.0559249,-0.5883901,-1.2630315
53125406081000,-19533000,0.40153146,-0.3750496,-2.7572365
53125425574000,-19493000,0.06821704,-0.4255836,-3.4780679
53125445085000,-19511000,-0.55417657,-0.16454673,-3.5127645
53125464677000,-19592000,-0.9453096,-0.032047987,-3.4085693
53125484143000,-19466000,-1.1205446,0.22072029,-3.3118534
53125503729000,-19586000,-1.1719546,0.3824842,-3.1405025
53125523176000,-19447000,-0.9619252,0.4137287,-2.52806
53125542717000,-19541000,-0.8706155,0.7726865,-1.7991538
53125562424000,-19707000,-0.91506803,0.8255677,-0.9933224
53125582246000,-19822000,-0.99845314,0.8960519,-0.1146307
53125601310000,-19064000,-1.390056,0.92487216,0.2908163
53125620862000,-19552000,-1.4193243,0.91022754,0.9068117
53125640352000,-19490000,-1.0875258,1.0614691,2.0879164
53125659875000,-19523000,-0.1662904,1.0711098,2.7520037
53125679373000,-19498000,0.23128915,1.2258279,2.104085
53125698959000,-19586000,0.21735859,1.3528123,2.7783747
53125718666000,-19707000,0.40134227,0.9538686,4.9201593
53125737955000,-19289000,0.050952315,0.08726692,5.7271047
53125757469000,-19514000,-0.18599081,-0.28879666,5.537754
53125777016000,-19547000,-0.063551664,-0.6323261,2.8724632
53125796783000,-19767000,0.18620217,-0.46213007,1.0795221
53125816102000,-19319000,-0.08940637,-0.6749203,0.4494362
53125836145000,-20043000,-0.18260002,-0.9231684,0.082858086
53125855085000,-18940000,-0.15051353,-1.1077995,-0.29343224
53125874670000,-19585000,0.121953845,-1.3411071,-0.53893757
53125894247000,-19577000,0.09939051,-1.237735,-0.8915386
53125913881000,-19634000,-0.04479456,-1.3321347,-0.9956646
53125933199000,-19318000,0.15033472,-1.3169999,-1.2621365
53125952808000,-19609000,0.4175595,-0.8657782,-2.0850835
53125972276000,-19468000,0.5663276,-0.66845727,-2.6913996
53125991782000,-19506000,0.67385757,-0.34294152,-3.2096763
53126011347000,-19565000,0.29989636,-0.40814614,-3.0035696
53126031204000,-19857000,-0.114987135,-0.23409748,-2.8164759
53126050454000,-19250000,-0.30213618,-0.32259417,-2.5533776
53126069861000,-19407000,-0.414276,-0.10160589,-2.0800076
53126089478000,-19617000,-0.31644893,-0.014182568,-1.6850948
53126108908000,-19430000,-0.44796348,0.071098566,-1.1627779
53126128433000,-19525000,-0.7309878,0.15214705,-1.2841377
53126147973000,-19540000,-0.60885465,0.32294893,-1.3850803
53126167821000,-19848000,0.09198725,0.4863124,-0.5136671
53126187011000,-19190000,0.35689545,0.6221266,0.6701374
53126206678000,-19667000,0.24360895,0.5379331,1.2417564
53126226099000,-19421000,0.6132672,0.57818365,1.2514801
53126245595000,-19496000,1.0241493,0.66609097,1.9379663
53126265123000,-19528000,1.3787774,0.7443695,3.5442123
53126284628000,-19505000,1.3685372,0.2772181,3.976942
53126304188000,-19560000,0.91441524,0.3571117,2.6946697
53126323693000,-19505000,1.0676206,0.31483626,1.12992
53126343206000,-19513000,1.3475137,0.15176344,1.0235872
53126362812000,-19606000,1.0823926,-0.20722103,1.3608704
53126382268000,-19456000,0.7314186,-0.4154861,1.3600893
53126401796000,-19528000,0.5625739,-0.6626992,1.0064135
53126421326000,-19530000,0.3849709,-0.4871137,0.22877407
53126440858000,-19532000,0.2957033,-0.3655467,-1.0624089
53126460378000,-19520000,0.29662454,-0.2771151,-1.8834143
53126479890000,-19512000,0.2366296,0.047539234,-2.3799396
53126499383000,-19493000,-0.11192763,-0.023101091,-2.9654121
53126518946000,-19563000,-0.34473145,0.2961855,-3.019064
53126538552000,-19606000,-0.34477782,0.5258403,-2.9166527
53126557994000,-19442000,-0.45480263,0.6644888,-2.32681
53126577563000,-19569000,-0.36664224,0.5764017,-1.6665597
53126597045000,-19482000,-0.28964782,0.7001293,-1.1642761
53126616555000,-19510000,-0.20380318,0.89963675,-0.7823391
53126636113000,-19558000,-0.18539965,1.0006816,-0.38963032
53126655606000,-19493000,-0.56031394,0.81007457,-0.08715725
53126675148000,-19542000,-0.77361953,0.9776275,0.080677986
53126694672000,-19524000,-0.67277336,0.88942766,0.66231155
53126714193000,-19521000,-0.46911895,0.9471116,0.59718037
53126733740000,-19547000,-0.23994696,1.0929849,0.60636425
53126753287000,-19547000,-0.25428402,1.0781608,0.43482018
53126772836000,-19549000,-0.091852665,0.9795904,1.2077103
53126792333000,-19497000,0.2651633,0.702111,4.0512886
53126811895000,-19562000,-0.29554844,0.074086905,6.299595
53126831356000,-19461000,-0.87522936,-0.84559965,6.68423
53126850900000,-19544000,-1.2258484,-1.1165109,3.6289368
53126870432000,-19532000,-0.8497164,-0.8507652,1.0742655
53126889947000,-19515000,-0.72331953,-0.6963465,-0.33096504
53126909559000,-19612000,-0.84594303,-0.65014935,-0.7003703
53126929041000,-19482000,-0.83384424,-0.9203198,-0.29562187
53126948563000,-19522000,-0.8012602,-1.0644603,-0.44909286
53126968087000,-19524000,-0.5178127,-0.9856076,-0.82539845
53126987600000,-19513000,-0.5195019,-1.0662351,-0.9550619
53127007163000,-19563000,-0.6721974,-0.99975777,-1.6335797
53127026706000,-19543000,-0.82289386,-0.80581665,-1.4739265
53127046202000,-19496000,-0.761214,-0.5428953,-1.8677926
53127065752000,-19550000,-0.7938219,-0.4230547,-2.1972451
53127085247000,-19495000,-1.1124699,-0.31422114,-2.573842
53127104789000,-19542000,-1.3149443,-0.3526516,-2.382513
53127124348000,-19559000,-1.0754641,-0.1768055,-1.7373981
53127144062000,-19714000,-1.0639577,-0.076220036,-1.2899609
53127163364000,-19302000,-0.6100551,0.061491728,-1.1779232
53127182867000,-19503000,-0.42211366,0.23451877,-1.3275156
53127202390000,-19523000,-0.19393116,0.2879026,-1.1304092
53127221952000,-19562000,-0.21350873,0.25848126,-0.82149506
53127241475000,-19523000,-0.060592413,0.3174963,-0.7317867
53127261035000,-19560000,0.4742136,0.48332214,-0.732254
53127280523000,-19488000,0.58492815,0.6214943,-0.11911678
53127300048000,-19525000,0.7679073,0.61691856,1.4098225
53127319566000,-19518000,1.0597019,0.7377994,1.8392429
53127339066000,-19500000,1.7266905,0.92689204,2.160779
53127358661000,-19595000,2.1732378,0.8396597,3.0594578
53127378147000,-19486000,2.3783107,0.5149126,4.166956
53127397677000,-19530000,1.8227041,0.24049044,3.6401348
53127417223000,-19546000,1.8645613,0.18968296,1.5325842
53127436726000,-19503000,2.3304594,0.03822422,0.8874693
53127456291000,-19565000,2.108952,-0.2506323,0.7278166
53127475981000,-19690000,1.3149478,-0.6942446,0.34728718
53127495356000,-19375000,0.50572336,-0.6965904,0.0966568
53127514916000,-19560000,-0.048985958,-0.86846304,-0.51654434
53127534388000,-19472000,-0.34563816,-0.747982,-1.1019464
53127553991000,-19603000,-0.45677555,-0.5247245,-1.8247976
53127573445000,-19454000,-0.39636254,-0.3122399,-2.4666228
53127593398000,-19953000,-0.44734406,-0.14776468,-2.6372447
53127612516000,-19118000,-0.7578356,-0.07033849,-2.961874
53127632397000,-19881000,-1.0754322,0.3221736,-2.8210168
53127651574000,-19177000,-0.97602326,0.5680096,-2.4603634
53127671096000,-19522000,-0.9170676,0.7612808,-1.7996192
53127690605000,-19509000,-0.6101191,0.80378985,-1.2019997
53127710164000,-19559000,-0.24648952,0.9419174,-0.7262554
53127729644000,-19480000,-0.095365524,1.1155779,-0.16555595
53127749243000,-19599000,-0.388309,1.3223321,0.379426
53127768698000,-19455000,-0.5535505,1.3685639,0.3844471
53127788299000,-19601000,-0.440498,1.2523856,0.6853924
53127807805000,-19506000,-0.35854065,1.3939502,0.70008564
53127827278000,-19473000,-0.38688397,1.2945158,1.0729599
53127846889000,-19611000,-0.5276768,1.3750219,1.0895443
53127866336000,-19447000,-0.15091324,1.1380057,2.0091457
53127885991000,-19655000,0.3780216,0.83286786,3.6362362
53127905380000,-19389000,-0.20654595,0.097438574,4.6844435
53127925088000,-19708000,-0.69905514,-0.8370042,4.230362
53127944394000,-19306000,-0.77472025,-1.2391641,2.4249535
53127963998000,-19604000,-0.56767905,-1.1440692,0.31854916
53127983464000,-19466000,-0.6520277,-1.1794138,-0.24919319
53128003019000,-19555000,-0.54805607,-1.3410201,-0.40517807
53128022563000,-19544000,-0.7527483,-1.4527485,-0.33461952
53128042078000,-19515000,-0.7479176,-1.5498986,-0.43179512
53128061583000,-19505000,-0.34102732,-1.6877418,-0.7841644
53128081110000,-19527000,-0.37399745,-1.6924996,-0.86669064
53128100623000,-19513000,-0.31001538,-1.3721197,-0.9595623
53128120147000,-19524000,-0.2829836,-1.1865654,-1.3058567
53128139692000,-19545000,-0.21640062,-0.8879783,-1.996697
53128159377000,-19685000,-0.20631534,-0.5930455,-2.4729967
53128178750000,-19373000,-0.36826062,-0.49680257,-2.5985708
53128198297000,-19547000,-0.3195734,-0.02757001,-2.275549
53128217873000,-19576000,-0.42457974,0.025679111,-1.7712054
53128237317000,-19444000,-0.3771425,0.061141968,-1.3544607
53128256885000,-19568000,-0.349747,0.36258292,-1.0841637
53128276563000,-19678000,-0.09342229,0.5435989,-0.61842537
53128295923000,-19360000,-0.14459258,0.83097506,-0.46054363
53128315466000,-19543000,0.20535034,0.85837865,-0.25105572
53128334962000,-19496000,0.3049031,0.8345821,-0.09130955
53128354509000,-19547000,0.7282021,0.7390604,0.14744473
53128374204000,-19695000,0.7083648,0.64763665,0.8624582
53128393800000,-19596000,0.99139535,0.75205827,1.4167223
53128413147000,-19347000,1.4804305,0.8235371,1.3461227
53128432761000,-19614000,1.867583,0.63305855,2.25568
53128452145000,-19384000,1.6726481,0.029335976,3.778162
53128471728000,-19583000,0.8556062,-0.430439,4.358594
53128491216000,-19488000,0.35398006,-0.6286361,3.4766397
53128510764000,-19548000,0.7995221,-0.6005616,1.4164629
53128530278000,-19514000,1.7715702,-0.3237331,-0.04199505
53128549819000,-19541000,2.3708894,-0.2164402,-1.0124984
53128569321000,-19502000,1.7363896,-0.39105654,-1.4330683
53128588966000,-19645000,0.9791496,-0.67333364,-0.99070024
53128608408000,-19442000,0.272349,-0.81310916,-0.67234993
53128627895000,-19487000,-0.019109845,-0.8861773,-0.23989582
53128647457000,-19562000,-0.23815095,-0.81540227,-0.6437111
53128667176000,-19719000,-0.20985389,-0.8111911,-1.494842
53128686541000,-19365000,-0.48618078,-0.4335966,-2.6164365
53128706270000,-19729000,-0.6620977,-0.29576612,-2.8362403
53128725680000,-19410000,-0.9643855,0.041305304,-2.3814478
53128745095000,-19415000,-1.0074463,0.307863,-2.1307573
53128764657000,-19562000,-0.55927753,0.712636,-1.431365
53128784472000,-19815000,-0.59503937,0.9084673,-0.1488781
53128803620000,-19148000,-0.3677398,0.89217186,0.5057411
53128823164000,-19544000,-0.3943007,0.9867091,0.8361006
53128842713000,-19549000,-0.6566125,1.0745423,0.81711006
53128862211000,-19498000,-0.79238415,1.1726496,0.9589119
53128881724000,-19513000,-0.8608053,1.1452653,1.1970692
53128901493000,-19769000,-0.5951648,1.2017,1.0846863
53128920775000,-19282000,-0.51485765,1.2653778,0.8266287
53128940613000,-19838000,-0.37187934,0.93327355,1.5101719
53128959886000,-19273000,0.17627108,0.5898926,3.8413267
53128979429000,-19543000,-0.0976938,-0.07052064,5.786845
53128998874000,-19445000,-1.0806705,-0.79685116,5.3327036
53129018402000,-19528000,-1.2033987,-1.0692387,2.6473808
53129037946000,-19544000,-0.73468566,-1.0947273,0.026302338
53129057482000,-19536000,-0.34489238,-0.6968417,-1.2091632
53129076987000,-19505000,-0.60832906,-0.8293257,-1.3043065
53129096571000,-19584000,-0.81596315,-1.0291848,-0.8078327
53129116265000,-19694000,-0.85249597,-1.2363875,-1.3006215
53129135642000,-19377000,-0.50693464,-1.2962267,-1.546349
53129155109000,-19467000,-0.23847616,-1.2075527,-1.3255444
53129174636000,-19527000,-0.16176581,-1.1614203,-1.5688896
53129194218000,-19582000,-0.3151533,-0.9090152,-1.5804958
53129213695000,-19477000,-0.2967741,-0.7004466,-1.8156099
53129233270000,-19575000,-0.4708988,-0.2881298,-2.2521224
53129252732000,-19462000,-0.4165188,-0.21078014,-1.9504857
53129272260000,-19528000,-0.49771547,-0.31776118,-1.6575508
53129291811000,-19551000,-0.36975074,-0.19062972,-1.5852375
53129311298000,-19487000,-0.28156424,-0.04306698,-1.0850067
53129330836000,-19538000,-0.19473505,0.19890714,-0.58159924
53129350623000,-19787000,-0.09001219,0.073323965,-0.4618826
53129369889000,-19266000,-0.1016497,0.32492566,-0.5983944
53129389417000,-19528000,0.15333182,0.45416427,-0.8423958
53129408945000,-19528000,0.6363323,0.72795606,-0.62423325
53129428481000,-19536000,0.94459295,0.89637494,0.5114794
53129448080000,-19599000,0.9814585,0.84377193,2.0055056
53129467695000,-19615000,1.0330215,0.7229116,1.9002924
53129487211000,-19516000,1.2703526,0.74444985,1.9346857
53129506578000,-19367000,1.558145,0.5831959,3.2922325
53129526089000,-19511000,1.4162248,0.16306782,4.3026133
53129545640000,-19551000,1.1882725,-0.03592992,3.2191162
53129565167000,-19527000,1.3524611,-0.03120017,0.4217577
53129584663000,-19496000,1.6404338,0.1027782,-0.35577393
53129604351000,-19688000,1.3625207,-0.14903784,-0.52990913
53129623731000,-19380000,0.692091,-0.45862603,-0.95698977
53129643283000,-19552000,-0.044591248,-0.6516347,-1.0563998
53129662794000,-19511000,-0.8073735,-0.7452235,-1.1267552
53129682426000,-19632000,-0.8083664,-0.73753023,-1.1986413
53129701836000,-19410000,-0.9056112,-0.5120876,-1.5325665
53129721403000,-19567000,-1.0761464,-0.39327812,-2.083949
53129740875000,-19472000,-0.7989122,-0.30398107,-2.5793843
53129760438000,-19563000,-0.95162344,-0.12927747,-2.937899
53129779935000,-19497000,-1.3593417,0.20668554,-3.1562614
53129799552000,-19617000,-1.0050577,0.3962643,-3.1359873
53129819004000,-19452000,-0.8456815,0.5524342,-2.3015432
53129838538000,-19534000,-0.45960975,0.6922209,-1.5910764
53129858084000,-19546000,-0.28820908,0.71746063,-0.85289955
53129877569000,-19485000,-0.10350561,0.7406764,0.10086727
53129897174000,-19605000,-0.252586,0.95121646,0.9589453
53129916630000,-19456000,-0.41300565,1.0599496,1.2543411
53129936282000,-19652000,-0.22357976,1.0652592,1.6883898
53129955695000,-19413000,0.14026988,1.2726352,1.7735462
53129975439000,-19744000,0.25492024,1.4702713,1.5980539
53129994752000,-19313000,0.3668084,1.2751081,1.0975866
53130014247000,-19495000,0.4931382,1.1846964,2.4696326
53130033786000,-19539000,0.30655015,0.7203491,5.0018578
53130053341000,-19555000,-0.23258752,-0.05971074,6.39286
53130072835000,-19494000,-0.33962452,-0.90482354,5.9117184
53130092694000,-19859000,-0.2827505,-1.0850422,3.400342
53130111904000,-19210000,0.07332152,-1.0557599,0.96601295
53130131535000,-19631000,0.28904158,-0.8900273,-0.5694032
53130150923000,-19388000,0.23170727,-0.5838702,-1.4299469
53130170487000,-19564000,0.055538714,-0.8618939,-1.4167376
53130190006000,-19519000,-0.23851264,-1.4727383,-1.2847638
53130209515000,-19509000,-0.20899743,-1.4762678,-1.9989748
53130229037000,-19522000,-0.37208116,-1.6949904,-2.2071753
53130248590000,-19553000,-0.42025697,-1.7068229,-1.8608098
53130268089000,-19499000,-0.73551095,-1.5690758,-1.6601448
53130287940000,-19851000,-0.7420975,-1.3196657,-1.7710133
53130307151000,-19211000,-1.071081,-1.1522264,-1.6548901
53130326660000,-19509000,-1.0317237,-0.99084926,-1.5780163
53130346274000,-19614000,-0.8336054,-0.79902244,-1.617712
53130365730000,-19456000,-0.6100621,-0.7519038,-1.413351
53130385243000,-19513000,-0.5904403,-0.50731635,-0.8920727
53130404793000,-19550000,-0.8896676,-0.6043253,-0.32689762
53130424417000,-19624000,-0.4163683,-0.39437747,-0.75768566
53130443808000,-19391000,-0.37820643,-0.33992624,-0.9845524
53130463342000,-19534000,-0.3546733,-0.27058864,-0.87882805
53130482842000,-19500000,-0.25131273,-0.26476502,-0.31164265
53130502461000,-19619000,-0.3758931,-0.43865108,0.32974148
53130521907000,-19446000,-0.19363606,-0.37170768,1.0221376
53130541439000,-19532000,0.4665962,-0.33234525,1.2257881
53130560986000,-19547000,1.4119091,-0.55020213,2.0098963
53130580642000,-19656000,1.5680032,-0.6607535,3.69668
53130600036000,-19394000,0.7220226,-0.9885577,5.076145
53130619515000,-19479000,0.42320102,-1.2066206,4.8033857
53130639050000,-19535000,0.9188298,-0.96843183,2.9313917
53130658600000,-19550000,1.805728,-0.63599265,1.3911028
53130678107000,-19507000,2.1257284,-0.6097828,0.90923977
53130697640000,-19533000,1.820811,-0.5245476,0.4531288
53130717172000,-19532000,1.3309698,-0.74339414,0.21882534
53130736711000,-19539000,1.0390446,-0.9403033,0.4617834
53130756294000,-19583000,0.40914488,-0.84692144,0.8062477
53130775878000,-19584000,0.11307144,-0.7696459,0.4360695
53130795264000,-19386000,-0.22955757,-0.55545187,-1.0438404
53130814812000,-19548000,-0.5393032,-0.24275374,-1.9805532
53130834289000,-19477000,-0.8315415,-0.06201911,-2.2724671
53130853890000,-19601000,-0.9109239,0.25405836,-2.7184448
53130873616000,-19726000,-0.9842524,0.6275885,-2.7767954
53130893168000,-19552000,-0.76062524,0.88437414,-2.4432569
53130912436000,-19268000,-0.63958997,1.0798484,-2.1557999
53130931929000,-19493000,-0.33189714,1.2310973,-1.356864
53130951536000,-19607000,-0.21979666,1.1061386,-0.79358006
53130971012000,-19476000,-0.22722769,1.0479404,-0.39235973
53130990646000,-19634000,-0.37445152,1.0741315,-0.50183105
53131010326000,-19680000,-0.41437095,1.0498041,-0.2274704
53131029564000,-19238000,-0.27310163,0.8795928,0.07835388
53131049077000,-19513000,-0.23981851,1.0040346,0.7548075
53131068612000,-19535000,-0.4699219,0.8494457,1.0869131
53131088126000,-19514000,-0.4099756,0.85774183,1.4899683
53131107646000,-19520000,0.11070418,0.7432246,2.7053223
53131127180000,-19534000,-0.0010895133,0.25868177,3.540187
53131146677000,-19497000,-0.5551176,-0.24907112,4.6790657
53131166217000,-19540000,-0.6521268,-0.5479467,3.4354877
53131185751000,-19534000,-0.7139623,-0.6161499,0.6672096
53131205298000,-19547000,-0.3000028,-0.6424042,-1.0421467
53131224796000,-19498000,-0.21428269,-0.3558371,-1.6910253
53131244293000,-19497000,-0.18817401,-0.5777874,-1.0636635
53131263825000,-19532000,-0.6618104,-0.8085983,-0.7038727
53131283585000,-19760000,-0.5047152,-0.9513,-0.9863863
53131302885000,-19300000,-0.4060481,-0.9673697,-1.8058972
53131322442000,-19557000,-0.5376252,-0.856349,-1.7185402
53131341916000,-19474000,-0.49676585,-0.63770556,-1.3879604
53131361447000,-19531000,-0.64694446,-0.2545948,-1.7090063
53131381008000,-19561000,-0.7962166,-0.091314554,-2.6203709
53131400490000,-19482000,-0.6760581,0.0800426,-3.0854316
53131420046000,-19556000,-0.8031663,0.08488822,-2.8917933
53131439591000,-19545000,-1.0622267,-0.0027267933,-1.789753
53131459051000,-19460000,-1.1655746,0.025314331,-0.83340645
53131478585000,-19534000,-1.150992,-0.1396265,-0.38841534
53131498105000,-19520000,-0.7689973,-0.11627102,-0.4203272
53131517650000,-19545000,-0.670436,-0.059101105,-0.8959303
53131537176000,-19526000,-0.3190084,-0.06462741,-0.61436176
53131556665000,-19489000,-0.021655083,0.039227962,-0.060152054
53131576198000,-19533000,0.41222104,-0.2455039,1.1063404
53131595729000,-19531000,0.5597079,-0.42048192,2.535308
53131615245000,-19516000,0.82102865,-0.23603487,2.3253431
53131634912000,-19667000,1.2896875,-0.57230604,1.984231
53131654514000,-19602000,1.4076949,-0.6811254,2.9626408
53131673896000,-19382000,1.3258224,-0.5994935,4.279853
53131693342000,-19446000,0.9460278,-0.6708455,4.5723696
53131712855000,-19513000,0.917789,-0.5299953,3.7029476
53131732443000,-19588000,1.661481,-0.3674116,2.3204107
53131752249000,-19806000,2.2379978,-0.14400005,1.3045588
53131771418000,-19169000,2.456749,-0.22375524,0.44944096
53131790968000,-19550000,2.4701066,-0.39593863,0.121611595
53131810487000,-19519000,2.124711,-0.48864353,0.17471123
53131830038000,-19551000,1.4971026,-0.31085658,0.099469185
53131849519000,-19481000,1.1626074,-0.28452945,-0.7276659
53131869402000,-19883000,0.7961148,0.011342168,-1.7056952
53131888676000,-19274000,0.5355165,0.116133094,-2.6535597
53131908125000,-19449000,0.42162383,0.35476184,-3.7367468
53131927657000,-19532000,0.36194992,0.8986559,-3.5693774
53131947209000,-19552000,0.091920674,1.152808,-3.294434
53131966665000,-19456000,0.13222653,1.2880538,-2.466681
53131986212000,-19547000,0.42832494,1.3409094,-2.0789137
53132005736000,-19524000,0.5612248,1.5585674,-1.9583855
53132025441000,-19705000,0.2068119,1.517833,-1.857337
53132044814000,-19373000,-0.117050886,1.543284,-1.09165
53132064299000,-19485000,-0.5825776,1.4805814,-0.7770586
53132083848000,-19549000,-1.1131529,1.5398636,-0.49847317
53132103579000,-19731000,-1.3063573,1.4144527,0.043823242
53132122882000,-19303000,-1.1812919,1.4121345,0.6685734
53132142435000,-19553000,-0.871378,1.3226743,1.1584129
53132161930000,-19495000,-0.7403614,1.5497262,0.854929
53132181524000,-19594000,-0.94156635,1.3284752,0.65208054
53132200999000,-19475000,-0.3841399,1.2161846,2.0003633
53132220659000,-19660000,-0.3906721,0.8310988,4.129531
53132240069000,-19410000,-0.8674334,-0.1885066,6.09781
53132259583000,-19514000,-1.298988,-0.65316486,5.0854836
53132279087000,-19504000,-1.2656454,-0.69425344,2.2759094
53132298660000,-19573000,-0.90265405,-0.6917541,0.3665495
53132318243000,-19583000,-0.6897628,-0.4317572,-0.87229204
53132337668000,-19425000,-0.589635,-0.54354286,-0.3632326
53132357195000,-19527000,-0.44981164,-0.9292724,-0.11059666
53132376729000,-19534000,-0.42452157,-1.0896268,-0.46922398
53132396318000,-19589000,-0.01682514,-1.1004376,-0.89346695
53132415772000,-19454000,-0.14734238,-1.153152,-1.3165073
53132435617000,-19845000,-0.31904984,-1.3240482,-1.7306199
53132454846000,-19229000,-0.5715275,-1.0975327,-2.1856961
53132474360000,-19514000,-0.59885156,-1.125258,-2.6758413
53132493922000,-19562000,-0.66932046,-1.0828426,-2.6982641
53132513419000,-19497000,-0.610255,-0.81878686,-2.4794564
53132532990000,-19571000,-0.5359331,-0.41146708,-2.2853389
53132552519000,-19529000,-0.5987796,-0.43775082,-1.9815273
53132571999000,-19480000,-0.18505618,-0.19145203,-2.0098972
53132591544000,-19545000,0.09302193,-0.019814968,-2.0088954
53132613456000,-21912000,0.25554544,0.1533413,-1.399147
53132630655000,-17199000,0.22465378,0.3216288,-0.4709034
53132650120000,-19465000,0.13448822,0.25437546,-0.10186291
53132669755000,-19635000,0.5590869,0.40942216,0.1622715
53132689270000,-19515000,0.84651476,0.45968008,0.7361336
53132708701000,-19431000,0.84271264,0.748914,1.0385809
53132728254000,-19553000,1.1212729,0.7592695,1.4659023
53132747768000,-19514000,1.4321349,0.60538006,2.1273546
53132767324000,-19556000,1.3527733,0.4404714,3.2094402
53132786852000,-19528000,1.0928304,0.34165168,5.0523624
53132806344000,-19492000,0.8813735,-0.03485942,5.7554703
53132825869000,-19525000,0.5456779,0.021018505,3.7626762
53132845426000,-19557000,0.98627,-0.063503504,1.9813614
53132865088000,-19662000,1.4569042,8.981228E-4,1.0031881
53132884499000,-19411000,1.1162274,-0.185704,-0.16507149
53132903977000,-19478000,0.884501,-0.27662492,-0.5611687
53132923508000,-19531000,0.72435397,-0.3084066,-0.6181278
53132943485000,-19977000,0.5406691,-0.33697844,-0.42368126
53132962559000,-19074000,0.1635502,-0.38022494,-1.1332455
53132982139000,-19580000,-0.13789809,-0.22644925,-1.6471257
53133001762000,-19623000,-0.34267908,-0.16238546,-2.1674695
53133021230000,-19468000,-0.33369756,-0.11135769,-2.7825422
53133040667000,-19437000,-0.6643288,0.27108908,-3.4670048
53133060180000,-19513000,-0.7005594,0.48626375,-3.3729281
53133079727000,-19547000,-0.63217676,0.76281166,-3.2816978
53133099244000,-19517000,-0.53442407,0.77345467,-2.7313814
53133118860000,-19616000,-0.52129096,0.86102533,-2.1999192
53133138325000,-19465000,-0.19041145,1.0809195,-1.4595976
53133157838000,-19513000,-0.36571503,0.8948691,-0.935071
53133177362000,-19524000,-0.6650482,1.0098228,-0.36354733
53133196865000,-19503000,-0.8598334,0.8498297,0.30544472
53133216485000,-19620000,-1.0278293,0.7395301,1.1026316
53133235998000,-19513000,-0.442416,0.7361603,2.0764742
53133255464000,-19466000,0.14835155,0.93571615,1.7815619
53133275014000,-19550000,0.2836238,0.66830564,1.1672258
53133294540000,-19526000,0.84274435,0.52860093,1.4328136
53133314097000,-19557000,1.2680848,0.1537993,3.7985325
53133333604000,-19507000,0.69512117,-0.6077821,5.2914257
53133353223000,-19619000,-0.07432622,-1.3903377,4.7774687
53133372657000,-19434000,-0.46770906,-1.4249477,3.4796305
53133392310000,-19653000,-0.33289605,-1.4363418,2.4481602
53133411687000,-19377000,-0.24420536,-1.5168567,1.9905319
53133431239000,-19552000,-0.2582299,-1.6632782,2.0124292
53133450746000,-19507000,-0.29687947,-1.9112965,1.6760025
53133470306000,-19560000,-0.20530754,-1.8757488,0.60424995
53133489982000,-19676000,-0.13513082,-1.8424001,-0.6594353
53133509465000,-19483000,0.010931253,-1.6769184,-1.5310931
53133528904000,-19439000,0.02332443,-1.4561405,-2.2887335
53133548377000,-19473000,0.036878765,-1.3341486,-2.7696524
53133567965000,-19588000,-0.19698,-1.0059451,-2.5048385
53133587441000,-19476000,-0.2950033,-1.0296547,-2.2519288
53133606975000,-19534000,-0.4677536,-0.7376257,-2.1765594
53133626482000,-19507000,-0.3128572,-0.5161407,-2.5808253
53133646033000,-19551000,-0.36641282,-0.11940169,-2.504807
53133665579000,-19546000,-0.41755986,0.14279652,-2.331543
53133685090000,-19511000,-0.48534364,0.42036533,-1.8521938
53133704613000,-19523000,-0.56967664,0.7484844,-1.3573027
53133724164000,-19551000,-0.61301196,1.0284656,-0.9664221
53133743663000,-19499000,-0.481224,1.3725817,-1.1070423
53133763202000,-19539000,-0.5764749,1.4528979,-0.78960514
53133782939000,-19737000,-0.49647224,1.7078528,-0.74815845
53133802409000,-19470000,-0.49049765,1.7340791,-0.53031063
53133821854000,-19445000,-0.30978304,1.741399,-0.16100407
53133841502000,-19648000,-0.1652605,1.8249084,0.355031
53133860849000,-19347000,-0.057637393,1.813164,0.9365063
53133880372000,-19523000,0.45297736,1.5725391,1.7904816
53133900477000,-20105000,0.6762315,1.4862531,2.2621279
53133919521000,-19044000,0.32313138,1.2141685,2.3296328
53133938940000,-19419000,0.5607121,1.1981232,1.894063
53133958571000,-19631000,0.62145406,1.1147721,1.2786751
53133978020000,-19449000,0.60000455,0.92915654,0.808795
53133997538000,-19518000,0.5146108,0.6440468,0.48515892
53134017695000,-20157000,0.65166384,0.33799815,0.3278904
53134036581000,-18886000,0.85857373,0.16888547,0.07624054
53134056150000,-19569000,1.0198741,0.11922455,-0.113780975
53134075673000,-19523000,1.1165847,-0.095855,0.01217556
53134095211000,-19538000,0.9381552,-0.24447203,0.26774502
53134114749000,-19538000,0.9827878,-0.47819376,0.69591236
53134134405000,-19656000,0.8867816,-0.48926115,0.47669983
53134153787000,-19382000,0.93825424,-0.39181304,-0.23390865
53134173403000,-19616000,0.8885859,-0.41513634,-1.2809982
53134192849000,-19446000,0.73875755,-0.21469283,-1.0924873
53134212363000,-19514000,0.50872564,-0.36564422,-0.5479574
53134232011000,-19648000,0.1611101,-0.25603867,-0.7952671
53134251527000,-19516000,0.022954702,-0.15561104,-0.95269394
53134270972000,-19445000,-0.1531744,-0.20016432,-0.94350433
53134291158000,-20186000,-0.38516146,-0.026981115,-0.82457066
53134310144000,-18986000,-0.5748113,0.016290188,-0.6365442
53134329903000,-19759000,-0.5673765,0.119941235,-0.70501995
53134349393000,-19490000,-0.6484905,0.12880874,-0.80208683
53134368584000,-19191000,-0.6636563,0.3476677,-1.121316
53134388260000,-19676000,-0.57336026,0.37298393,-1.0507545
53134407676000,-19416000,-0.4155531,0.4141624,-0.9944134
53134427191000,-19515000,-0.4391296,0.25946665,-0.9533558
53134446762000,-19571000,-0.45300466,0.023066044,-0.67956924
53134466249000,-19487000,-0.76462317,-0.008022785,-0.48058605
53134485794000,-19545000,-0.8195651,-0.101816416,0.23635197
53134505899000,-20105000,-0.79080015,0.067644835,0.7233181
53134524856000,-18957000,-0.98690003,0.15698671,0.65208435
53134544519000,-19663000,-1.139784,0.24340963,0.19336796
53134563917000,-19398000,-0.9821818,0.15546036,0.30273247
53134583472000,-19555000,-0.61015934,0.27683067,0.65292645
53134602962000,-19490000,-0.48393953,0.20583463,0.7831354
53134622684000,-19722000,-0.6997292,0.17264557,1.4968853
53134642063000,-19379000,-0.8372677,-0.09051967,1.5870838
53134661590000,-19527000,-0.82056886,-0.29609227,1.5700569
53134681108000,-19518000,-0.70772797,-0.118049145,0.9088993
53134700633000,-19525000,-0.78650904,-0.2837019,0.42696667
53134720167000,-19534000,-0.8465524,-0.31363964,0.22053814
53134740112000,-19945000,-0.7920516,-0.26473713,0.19471169
53134759211000,-19099000,-0.33636066,-0.021713257,0.23806953
53134778797000,-19586000,-0.0730474,-0.15879226,0.16092014
53134798285000,-19488000,-0.0025413036,-0.25456595,0.19593906
53134817947000,-19662000,-0.048799157,-0.2516427,0.19229412
53134837356000,-19409000,-0.116990685,-0.13115954,0.05661869
53134856859000,-19503000,-0.20787694,-0.27641892,-0.15189075
53134876476000,-19617000,-0.47526902,-0.2471683,-0.02960682
53134895930000,-19454000,-0.57466584,-0.38854623,0.04146862
53134915443000,-19513000,-0.8123288,-0.39433813,-0.07209015
53134935009000,-19566000,-0.76623464,-0.26471376,-0.10188389
53134954523000,-19514000,-0.5120103,-0.3445866,-0.04803753
53134974098000,-19575000,-0.31668997,-0.07861614,-0.025834084
53134993697000,-19599000,-0.16015781,-0.09906459,-0.22739983
53135013087000,-19390000,-0.08016558,-0.08068371,-0.25132084
53135032610000,-19523000,-0.07644645,0.11024451,-0.3089466
53135052151000,-19541000,0.21479274,0.16677451,-0.19024944
53135071701000,-19550000,0.19936867,0.1266458,0.0275383
53135091204000,-19503000,0.39375633,0.1999402,-0.1350851
53135110826000,-19622000,0.43322003,0.3477733,-0.027551651
53135132877000,-22051000,0.18275034,0.28208685,-0.09043217
53135152638000,-19761000,0.21605386,0.28991985,-0.076247215
53135171753000,-19115000,0.11125866,0.37102747,0.14838982
53135191306000,-19553000,0.13611306,0.31435442,-0.24052715
53135210805000,-19499000,0.17577344,0.29222703,-0.43890858
53135230511000,-19706000,-0.114275984,0.26633644,-0.31278324
53135249926000,-19415000,-0.08212459,0.31366754,-0.32168102
53135269489000,-19563000,0.0047793537,0.24297142,-0.3886156
53135288986000,-19497000,-0.04419057,0.09304476,-0.16839027
53135309339000,-20353000,-0.17087045,0.32377362,0.013905525
53135328103000,-18764000,-0.24000022,0.20858502,-0.22481823
53135347558000,-19455000,-0.17429948,0.054191113,-0.07989597
53135367065000,-19507000,-0.27951217,0.20586967,0.084695816
53135386627000,-19562000,-0.32517633,0.051199436,-0.13344002
53135406147000,-19520000,-0.32995152,0.14610791,-0.3323393
53135426034000,-19887000,-0.5040491,0.18446493,-0.4355278
53135445184000,-19150000,-0.5792223,0.070884466,-0.1749773
53135464702000,-19518000,-0.44015676,0.15024734,-0.029358864
53135484230000,-19528000,-0.4697392,0.17362475,-0.2092638
53135503761000,-19531000,-0.53383166,0.10268831,0.032309532
53135523340000,-19579000,-0.40264404,0.26294494,-0.070858
53135542834000,-19494000,-0.5552709,0.13707376,0.03651333
53135562358000,-19524000,-0.47484854,0.088765144,-0.028861046
53135581904000,-19546000,-0.48734736,0.2135539,0.2690668
53135601425000,-19521000,-0.43996796,0.16646314,0.08724117
53135620971000,-19546000,-0.37145358,0.19628406,-0.038359642
53135640535000,-19564000,-0.3205963,0.034676313,-0.012234688
53135660028000,-19493000,-0.077289954,-0.22270274,0.18463898
53135679641000,-19613000,-0.44653472,0.17114663,0.11168575
53135699081000,-19440000,0.026640877,0.12462282,-0.11613369
53135718721000,-19640000,0.3839968,0.28905678,0.32483006
53135738537000,-19816000,0.6631084,0.032390833,-0.76793766
53135757724000,-19187000,1.0160868,0.54211164,-1.3828168
53135777185000,-19461000,1.0586087,0.5155492,-0.7336559
53135796691000,-19506000,0.57851636,0.22049999,0.5296316
53135816240000,-19549000,0.761948,0.020463467,0.89502144
53135835846000,-19606000,1.0907056,0.12583041,0.74582577
53135855294000,-19448000,1.3727372,0.1918118,0.5217867
53135874936000,-19642000,0.66894335,0.37168384,-0.027346611
53135894378000,-19442000,0.10954079,0.60814023,-0.21334171
53135914012000,-19634000,0.36519384,0.21160102,-0.15198326
53135933407000,-19395000,0.49885845,0.08227205,-0.015938759
53135952896000,-19489000,0.3013401,0.047737837,0.041623116
53135972416000,-19520000,-0.32134402,-0.025899649,0.48062515
53135991974000,-19558000,-0.4478697,-0.29149103,0.056290627
53136011449000,-19475000,-0.34415865,-0.1738429,0.16696262
53136031073000,-19624000,-0.23789486,0.0020964146,0.18062305
53136050513000,-19440000,-0.3568496,0.026316643,-0.41971207
53136070030000,-19517000,-0.39296687,-0.3305242,-0.0823431
53136089610000,-19580000,0.21033323,-0.12954378,0.38869762
53136109062000,-19452000,-0.021314457,-0.36648202,0.3234625
53136128625000,-19563000,-0.034537375,-0.21750855,0.3733282
53136148152000,-19527000,-0.07901693,-0.37201905,0.63394165
53136167641000,-19489000,-0.74947125,-0.3319559,-0.06339836
53136187214000,-19573000,-1.0507584,-0.53780603,-0.43575
