52973924587000,0,-35.5625,-12.4375,-34.625
52973924587000,16943000,-33.375,-12.625,-34.375
52973924587000,33444000,-30.1875,-13.375,-34.375
52973924587000,50413000,-27.6875,-13.875,-34.375
52973924587000,-66744000,-36.5625,-12.1875,-35.375
52973924587000,-50032000,-36.5625,-12.4375,-35.375
52973924587000,-33290000,-36.5625,-12.875,-35.125
52973924587000,-16540000,-35.8125,-12.625,-35.125
52973924587000,-150753000,-36.3125,-12.4375,-35.125
52973924587000,-134206000,-36.3125,-12.1875,-35.375
52973924587000,-117214000,-36.3125,-12.4375,-35.625
52973924587000,-100540000,-36.3125,-11.9375,-35.125
52973924587000,-84200000,-36.3125,-12.1875,-35.125
52973924587000,-217533000,-36.0625,-11.9375,-35.375
52973924587000,-200871000,-35.5625,-12.1875,-35.125
52973924587000,-184198000,-35.5625,-12.1875,-34.875
52973924587000,-167488000,-36.0625,-12.1875,-35.375
52973924587000,-251368000,-36.8125,-12.1875,-34.875
52973924587000,-237503000,-35.8125,-12.1875,-34.875
52973924587000,-267810000,-37.0625,-12.1875,-34.875
52973924587000,-284591000,-36.3125,-12.1875,-34.875
52973924587000,-301286000,-36.8125,-11.9375,-35.125
52973924587000,-318063000,-36.5625,-11.6875,-35.125
52973924587000,-334927000,-37.0625,-12.4375,-34.625
52973924587000,-352104000,-37.3125,-12.4375,-34.375
52973924587000,-368642000,-37.5,-12.625,-33.875
52973924587000,-385295000,-38.25,-12.625,-34.125
52973924587000,-402631000,-38.0,-11.6875,-34.875
52973924587000,-418519000,-38.25,-11.4375,-35.375
52973924587000,-435318000,-38.0,-11.4375,-35.625
52973924587000,-452054000,-37.3125,-11.4375,-35.625
52973924587000,-468995000,-37.0625,-11.4375,-35.625
52973924587000,-485597000,-37.3125,-11.4375,-35.875
52973924587000,-502536000,-36.3125,-10.9375,-36.375
52973924587000,-519247000,-36.3125,-10.9375,-36.375
52973924587000,-536228000,-36.8125,-10.9375,-36.625
52973924587000,-552651000,-36.5625,-10.6875,-36.875
52973924587000,-569733000,-37.0625,-10.6875,-36.875
52973924587000,-586095000,-36.8125,-10.1875,-36.875
52973924587000,-602904000,-35.8125,-10.1875,-36.875
52973924587000,-619530000,-36.0625,-10.1875,-36.625
52973924587000,-636453000,-36.0625,-10.1875,-36.125
52973924587000,-653166000,-36.3125,-10.4375,-35.875
52973924587000,-669729000,-37.0625,-10.1875,-35.875
52973924587000,-686502000,-36.8125,-10.1875,-35.875
52973924587000,-703220000,-36.5625,-9.9375,-35.875
52973924587000,-719937000,-36.5625,-9.4375,-36.125
52973924587000,-736690000,-36.5625,-9.4375,-35.625
52973924587000,-753575000,-36.5625,-9.1875,-35.375
52973924587000,-770490000,-36.8125,-9.1875,-35.625
52973924587000,-787274000,-36.5625,-9.4375,-35.875
52973924587000,-804325000,-36.0625,-9.6875,-35.875
52973924587000,-820714000,-36.3125,-9.9375,-35.875
52973924587000,-837519000,-36.8125,-10.1875,-35.875
52973924587000,-854289000,-36.8125,-9.9375,-35.875
52973924587000,-871069000,-36.8125,-9.9375,-36.125
52973924587000,-888363000,-36.3125,-9.9375,-35.875
52973924587000,-904495000,-36.3125,-9.6875,-35.625
52973924587000,-921393000,-36.3125,-10.1875,-35.625
52973924587000,-937996000,-36.0625,-10.4375,-35.625
52973924587000,-954801000,-36.0625,-10.9375,-35.875
52973924587000,-971447000,-36.0625,-11.6875,-36.125
52973924587000,-988514000,-35.8125,-11.6875,-35.375
52973924587000,-1005288000,-36.3125,-12.1875,-34.875
52973924587000,-1022176000,-36.5625,-11.6875,-34.375
52973924587000,-1038703000,-36.0625,-11.9375,-34.125
52973924587000,-1055881000,-36.8125,-12.1875,-33.6875
52973924587000,-1072398000,-37.0625,-12.4375,-33.4375
52973924587000,-1089381000,-36.0625,-12.625,-33.1875
52973924587000,-1106256000,-35.8125,-12.625,-32.9375
52973924587000,-1122868000,-35.3125,-13.125,-33.4375
52973924587000,-1139664000,-35.0625,-12.625,-33.4375
52973924587000,-1156504000,-35.8125,-13.375,-33.6875
52973924587000,-1173284000,-36.5625,-13.625,-33.4375
52973924587000,-1189858000,-37.0625,-14.125,-33.1875
52973924587000,-1207400000,-37.3125,-14.875,-32.9375
52973924587000,-1223439000,-37.5,-15.125,-32.4375
52973924587000,-1240391000,-37.3125,-15.125,-31.6875
52973924587000,-1257024000,-36.5625,-15.375,-31.4375
52973924587000,-1273766000,-36.0625,-15.375,-31.4375
52973924587000,-1290546000,-35.5625,-15.625,-31.1875
52973924587000,-1307168000,-34.8125,-15.875,-31.6875
52973924587000,-1324060000,-35.0625,-15.875,-31.1875
52973924587000,-1341046000,-34.5625,-16.0625,-31.4375
52973924587000,-1357690000,-33.875,-15.625,-31.9375
52973924587000,-1374448000,-34.0625,-15.625,-32.4375
52973924587000,-1391240000,-33.125,-15.375,-33.1875
52973924587000,-1407932000,-32.875,-15.375,-33.1875
52973924587000,-1424684000,-33.125,-15.875,-33.1875
52973924587000,-1441746000,-32.875,-15.875,-32.9375
52973924587000,-1458150000,-33.125,-15.875,-32.9375
52973924587000,-1474936000,-32.875,-15.625,-33.1875
52973924587000,-1491823000,-32.625,-15.875,-33.1875
52973924587000,-1508436000,-32.125,-16.0625,-33.1875
52973924587000,-1525838000,-31.875,-16.0625,-33.1875
52973924587000,-1542878000,-31.875,-16.5625,-33.4375
52973924587000,-1559108000,-31.875,-16.5625,-33.4375
52973924587000,-1575831000,-32.375,-16.5625,-32.9375
52973924587000,-1592705000,-31.875,-16.5625,-32.9375
52973924587000,-1609421000,-31.625,-16.0625,-32.4375
52973924587000,-1626265000,-31.375,-15.625,-32.1875
52973924587000,-1643291000,-30.875,-15.375,-32.9375
52973924587000,-1659832000,-30.625,-15.625,-32.4375
52973924587000,-1676505000,-30.875,-15.625,-32.4375
52973924587000,-1693403000,-30.1875,-15.375,-32.9375
52973924587000,-1710034000,-29.9375,-15.375,-32.4375
52973924587000,-1726716000,-29.6875,-15.375,-32.1875
52973924587000,-1743666000,-29.4375,-15.625,-32.1875
52973924587000,-1760280000,-29.9375,-15.875,-31.4375
52973924587000,-1776975000,-29.6875,-16.0625,-31.4375
52973924587000,-1794004000,-29.9375,-15.625,-31.9375
52973924587000,-1810719000,-29.6875,-15.375,-31.9375
52973924587000,-1827450000,-29.4375,-15.125,-31.9375
52973924587000,-1844284000,-29.6875,-15.125,-31.4375
52973924587000,-1861271000,-29.6875,-15.125,-31.1875
52973924587000,-1877894000,-29.9375,-14.625,-30.9375
52973924587000,-1894501000,-30.875,-14.125,-31.1875
52973924587000,-1911246000,-30.875,-13.375,-31.4375
52973924587000,-1927982000,-30.875,-12.875,-31.4375
52973924587000,-1944649000,-30.625,-12.4375,-31.1875
52973924587000,-1961436000,-29.4375,-12.625,-30.9375
52973924587000,-1978504000,-29.4375,-11.9375,-31.4375
52973924587000,-1995434000,-29.9375,-11.9375,-31.1875
52973924587000,-2011807000,-29.6875,-11.9375,-31.1875
52973924587000,-2028400000,-29.6875,-11.6875,-31.1875
52973924587000,-2045148000,-29.4375,-12.1875,-30.4375
52973924587000,-2061897000,-28.6875,-11.9375,-30.9375
52973924587000,-2078606000,-28.4375,-11.9375,-30.4375
52973924587000,-2095935000,-28.6875,-11.9375,-30.4375
52973924587000,-2112202000,-28.4375,-12.1875,-30.4375
52973924587000,-2129081000,-28.4375,-12.625,-30.25
52973924587000,-2146093000,-28.4375,-13.125,-31.1875
52973924587000,-2162550000,-27.6875,-13.125,-31.1875
52973924587000,-2179315000,-27.6875,-13.125,-31.1875
52973924587000,-2196060000,-27.6875,-13.125,-30.9375
52973924587000,-2213018000,-27.9375,-13.125,-30.25
52973924587000,-2230138000,-28.6875,-13.375,-29.75
52973924587000,-2246804000,-28.6875,-13.375,-29.5
52973924587000,-2263905000,-28.6875,-13.125,-29.0
52973924587000,-2280345000,-28.6875,-12.875,-28.75
52973924587000,-2297007000,-28.6875,-12.625,-28.75
52973924587000,-2314356000,-28.6875,-12.875,-28.25
52973924587000,-2330760000,-28.6875,-13.625,-28.5
52973924587000,-2347448000,-28.6875,-14.125,-28.25
52973924587000,-2364182000,-28.4375,-14.625,-28.0
52973924587000,-2381006000,-28.4375,-14.875,-28.25
52973924587000,-2398478000,-28.4375,-14.625,-27.75
52973924587000,-2415164000,-28.4375,-14.875,-27.25
52973924587000,-2432040000,-28.1875,-14.875,-27.0
52973924587000,-2448624000,-27.6875,-14.625,-26.75
52973924587000,-2465296000,-27.6875,-14.875,-26.5625
52973924587000,-2482446000,-27.9375,-14.875,-26.5625
52973924587000,-2498820000,-28.4375,-15.125,-26.75
52973924587000,-2515572000,-28.9375,-15.625,-26.75
52973924587000,-2532433000,-28.9375,-15.625,-26.75
52973924587000,-2549054000,-28.6875,-15.875,-27.25
52973924587000,-2565779000,-28.1875,-15.875,-26.75
52973924587000,-2583323000,-28.1875,-15.625,-26.3125
52973924587000,-2599859000,-27.9375,-15.875,-26.3125
52973924587000,-2616450000,-28.1875,-15.625,-25.8125
52973924587000,-2633083000,-28.6875,-15.625,-26.0625
52973924587000,-2649825000,-29.1875,-15.625,-26.3125
52973924587000,-2666605000,-28.9375,-15.375,-26.0625
52973924587000,-2683309000,-28.1875,-15.625,-26.0625
52973924587000,-2700316000,-27.9375,-15.875,-25.8125
52973924587000,-2716821000,-26.9375,-16.0625,-25.8125
52973924587000,-2733633000,-27.4375,-16.5625,-26.0625
52973924587000,-2750427000,-27.4375,-16.8125,-25.8125
52973924587000,-2767077000,-26.75,-16.8125,-25.8125
52973924587000,-2783670000,-26.5,-16.5625,-25.5625
52973924587000,-2800474000,-26.25,-16.3125,-25.0625
52973924587000,-2817655000,-26.5,-16.0625,-25.0625
52973924587000,-2834539000,-26.75,-15.875,-24.8125
52973924587000,-2851475000,-26.75,-16.0625,-24.5625
52973924587000,-2868285000,-26.9375,-15.875,-25.3125
52973924587000,-2884797000,-27.1875,-15.875,-25.3125
52973924587000,-2901712000,-27.6875,-15.875,-25.5625
52973924587000,-2918787000,-27.6875,-16.0625,-25.8125
52973924587000,-2935241000,-27.1875,-16.0625,-25.5625
52973924587000,-2951954000,-26.75,-16.0625,-25.5625
52973924587000,-2968662000,-26.5,-16.0625,-25.3125
52973924587000,-2985577000,-26.9375,-15.875,-25.5625
52973924587000,-3002244000,-26.75,-15.875,-25.0625
52973924587000,-3019931000,-26.5,-15.875,-24.8125
52973924587000,-3035785000,-26.25,-15.625,-24.8125
52973924587000,-3052563000,-26.0,-15.125,-24.3125
52973924587000,-3069324000,-26.0,-14.875,-24.5625
52973924587000,-3086053000,-26.25,-14.375,-25.0625
52973924587000,-3103006000,-26.5,-14.375,-25.3125
52973924587000,-3119489000,-26.5,-14.375,-25.5625
52973924587000,-3136625000,-26.25,-14.125,-25.5625
52973924587000,-3153268000,-26.25,-13.875,-25.3125
52973924587000,-3169827000,-25.75,-13.875,-25.0625
52973924587000,-3186509000,-25.5,-13.875,-25.5625
52973924587000,-3203255000,-26.0,-14.125,-25.8125
52973924587000,-3220071000,-26.0,-13.625,-25.8125
52973924587000,-3237056000,-26.25,-13.125,-26.3125
52973924587000,-3254236000,-26.5,-12.625,-25.8125
52973924587000,-3270558000,-26.5,-12.4375,-25.8125
52973924587000,-3287057000,-26.75,-12.625,-26.0625
52973924587000,-3303802000,-26.75,-12.4375,-25.5625
52973924587000,-3320500000,-27.1875,-12.625,-25.8125
52973924587000,-3337921000,-27.6875,-12.1875,-25.3125
52973924587000,-3354570000,-27.9375,-12.1875,-25.0625
52973924587000,-3371417000,-28.6875,-12.625,-25.3125
52973924587000,-3388515000,-28.4375,-12.4375,-25.3125
52973924587000,-3404929000,-28.6875,-12.875,-25.3125
52973924587000,-3422254000,-28.9375,-13.125,-24.8125
52973924587000,-3438485000,-28.6875,-13.625,-24.3125
52973924587000,-3455160000,-29.1875,-14.125,-23.8125
52973924587000,-3471965000,-28.6875,-13.875,-23.8125
52973924587000,-3488637000,-27.9375,-14.125,-24.0625
52973924587000,-3505336000,-27.6875,-13.375,-24.0625
52973924587000,-3522083000,-27.1875,-13.125,-24.5625
52973924587000,-3539213000,-26.9375,-13.625,-24.5625
52973924587000,-3555796000,-27.6875,-13.625,-24.8125
52973924587000,-3572717000,-28.1875,-14.125,-25.0625
52973924587000,-3589264000,-28.4375,-14.125,-24.5625
52973924587000,-3605966000,-28.1875,-14.125,-24.5625
52973924587000,-3622778000,-27.4375,-13.875,-24.3125
52973924587000,-3639895000,-27.1875,-13.375,-23.8125
52973924587000,-3656278000,-27.1875,-13.125,-24.3125
52973924587000,-3673292000,-27.4375,-13.125,-24.8125
52973924587000,-3690042000,-27.6875,-12.625,-25.0625
52973924587000,-3706597000,-26.9375,-12.625,-25.5625
52973924587000,-3723262000,-26.75,-12.625,-25.3125
52973924587000,-3739965000,-26.9375,-12.4375,-25.0625
52973924587000,-3756731000,-26.9375,-12.625,-25.5625
52973924587000,-3773615000,-27.4375,-12.625,-26.0625
52973924587000,-3790166000,-26.9375,-12.4375,-26.5625
52973924587000,-3806975000,-26.9375,-11.9375,-27.0
52973924587000,-3823625000,-26.75,-11.4375,-26.75
52973924587000,-3840416000,-26.0,-11.1875,-26.75
52973924587000,-3857193000,-26.25,-11.1875,-26.5625
52973924587000,-3873875000,-25.5,-10.9375,-26.75
52973924587000,-3890811000,-25.25,-10.9375,-27.25
52973924587000,-3907700000,-26.5,-10.6875,-27.25
52973924587000,-3924478000,-26.5,-10.1875,-27.75
52973924587000,-3940978000,-27.1875,-10.1875,-27.5
52973924587000,-3957656000,-26.9375,-10.6875,-27.5
52973924587000,-3974585000,-26.0,-10.4375,-28.0
52973924587000,-3991041000,-25.25,-10.4375,-27.5
52973924587000,-4007765000,-24.75,-10.4375,-27.5
52973924587000,-4024497000,-25.25,-10.1875,-27.5
52973924587000,-4041825000,-25.25,-10.6875,-27.25
52973924587000,-4058231000,-26.0,-11.1875,-28.0
52973924587000,-4074893000,-26.0,-10.9375,-28.25
52973924587000,-4091612000,-25.75,-10.4375,-28.5
52973924587000,-4108310000,-25.75,-10.1875,-28.5
52973924587000,-4125213000,-25.75,-10.4375,-28.5
52973924587000,-4142352000,-25.75,-10.4375,-28.5
52973924587000,-4158818000,-26.25,-10.4375,-28.25
52973924587000,-4175558000,-26.75,-10.1875,-28.5
52973924587000,-4192128000,-27.1875,-8.75,-28.5
52973924587000,-4209163000,-27.6875,-8.5,-28.5
52973924587000,-4225709000,-27.6875,-7.75,-28.75
52973924587000,-4242543000,-27.4375,-6.75,-28.25
52973924587000,-4259279000,-27.4375,-6.75,-28.25
52973924587000,-4276155000,-27.4375,-6.5,-28.25
52973924587000,-4292834000,-27.1875,-6.25,-27.75
52973924587000,-4309761000,-27.1875,-6.5,-28.25
52973924587000,-4326380000,-26.5,-6.5,-28.25
52973924587000,-4343344000,-26.5,-5.75,-28.25
52973924587000,-4360129000,-26.75,-5.75,-28.5
52973924587000,-4376750000,-27.4375,-5.0625,-28.25
52973924587000,-4393442000,-28.4375,-4.8125,-28.25
52973924587000,-4410219000,-28.9375,-4.3125,-28.25
52973924587000,-4427043000,-29.1875,-4.3125,-28.75
52973924587000,-4444156000,-28.6875,-4.3125,-29.0
52973924587000,-4460806000,-28.4375,-4.0625,-29.0
52973924587000,-4477427000,-27.6875,-4.3125,-29.25
52973924587000,-4493983000,-27.6875,-3.8125,-29.25
52973924587000,-4510669000,-28.1875,-3.5625,-29.25
52973924587000,-4527402000,-27.6875,-3.3125,-29.25
52973924587000,-4544123000,-27.9375,-3.3125,-29.5
52973924587000,-4561217000,-27.4375,-3.3125,-29.75
52973924587000,-4577652000,-26.75,-3.5625,-30.0
52973924587000,-4594339000,-26.5,-3.8125,-29.75
52973924587000,-4611051000,-25.75,-3.8125,-29.75
52973924587000,-4627849000,-25.5,-3.8125,-29.0
52973924587000,-4644518000,-24.75,-3.8125,-29.0
52973924587000,-4661388000,-24.75,-3.8125,-29.5
52973924587000,-4679227000,-25.5,-3.8125,-29.75
52973924587000,-4694868000,-26.25,-4.3125,-30.0
52973924587000,-4711560000,-27.6875,-4.3125,-29.25
52973924587000,-4728328000,-28.4375,-5.0625,-28.5
52973924587000,-4745187000,-28.4375,-5.3125,-28.0
52973924587000,-4761792000,-28.6875,-5.0625,-27.5
52973924587000,-4778489000,-27.9375,-5.5,-27.5
52973924587000,-4795583000,-27.6875,-5.3125,-27.75
52973924587000,-4812205000,-27.6875,-5.75,-27.0
52973924587000,-4828810000,-26.9375,-6.25,-27.25
52973924587000,-4845526000,-26.9375,-6.5,-26.75
52973924587000,-4862462000,-26.9375,-6.5,-27.25
52973924587000,-4879303000,-26.5,-7.0,-27.5
52973924587000,-4895900000,-26.25,-7.25,-27.5
52973924587000,-4912729000,-26.75,-7.25,-28.0
52973924587000,-4929372000,-26.75,-7.25,-27.0
52973924587000,-4946286000,-26.9375,-7.0,-26.75
52973924587000,-4963333000,-27.1875,-7.5,-26.5625
52973924587000,-4980081000,-26.9375,-7.75,-26.75
52973924587000,-4996731000,-27.1875,-8.0,-27.0
52973924587000,-5013509000,-27.6875,-8.25,-27.25
52973924587000,-5030216000,-28.6875,-7.5,-27.25
52973924587000,-5046952000,-29.1875,-7.75,-26.75
52973924587000,-5063739000,-28.6875,-7.5,-26.75
52973924587000,-5080573000,-28.1875,-7.0,-26.5625
52973924587000,-5097198000,-27.4375,-7.25,-26.5625
52973924587000,-5114016000,-26.9375,-7.25,-26.75
52973924587000,-5130637000,-26.75,-7.25,-27.0
52973924587000,-5147410000,-26.75,-7.75,-26.75
52973924587000,-5164136000,-26.9375,-7.75,-26.75
52973924587000,-5181046000,-26.9375,-7.25,-26.75
52973924587000,-5197644000,-27.4375,-7.25,-26.3125
52973924587000,-5214722000,-27.6875,-7.0,-26.75
52973924587000,-5231342000,-26.9375,-6.75,-27.0
52973924587000,-5248143000,-26.9375,-6.75,-27.25
52973924587000,-5264804000,-27.4375,-7.0,-27.5
52973924587000,-5281503000,-26.9375,-7.0,-27.5
52973924587000,-5298314000,-26.9375,-7.0,-27.25
52973924587000,-5315419000,-26.75,-7.0,-26.75
52973924587000,-5331830000,-25.75,-6.75,-27.0
52973924587000,-5349010000,-26.25,-6.5,-27.0
52973924587000,-5365619000,-26.9375,-7.0,-27.5
52973924587000,-5382278000,-27.1875,-6.75,-28.0
52973924587000,-5399476000,-27.4375,-6.75,-27.75
52973924587000,-5415862000,-27.4375,-7.0,-28.25
52973924587000,-5432673000,-26.5,-6.25,-28.25
52973924587000,-5449401000,-26.0,-6.0,-28.5
52973924587000,-5466293000,-26.0,-6.0,-29.0
52973924587000,-5482942000,-26.0,-5.3125,-28.75
52973924587000,-5499622000,-26.75,-4.8125,-28.5
52973924587000,-5516537000,-27.1875,-4.8125,-28.0
52973924587000,-5533658000,-27.6875,-4.5625,-28.0
52973924587000,-5550084000,-27.4375,-4.8125,-28.0
52973924587000,-5566853000,-27.1875,-5.0625,-28.75
52973924587000,-5583660000,-26.9375,-5.0625,-29.5
52973924587000,-5600951000,-26.5,-4.8125,-29.75
52973924587000,-5617496000,-26.9375,-4.8125,-30.25
52973924587000,-5633835000,-26.9375,-5.3125,-30.0
52973924587000,-5650657000,-27.1875,-5.75,-29.75
52973924587000,-5667545000,-27.4375,-5.75,-29.5
52973924587000,-5684173000,-26.9375,-5.75,-29.25
52973924587000,-5700916000,-27.1875,-5.5,-29.25
52973924587000,-5717624000,-27.1875,-5.0625,-29.0
52973924587000,-5734359000,-26.9375,-5.5,-29.0
52973924587000,-5751720000,-26.75,-5.75,-28.75
52973924587000,-5768114000,-26.75,-6.0,-28.25
52973924587000,-5784869000,-26.75,-6.75,-27.75
52973924587000,-5801582000,-26.75,-6.75,-28.0
52973924587000,-5818281000,-27.4375,-6.75,-28.75
52973924587000,-5834932000,-27.1875,-7.0,-28.75
52973924587000,-5851976000,-27.1875,-7.0,-29.0
52973924587000,-5868491000,-27.4375,-7.25,-28.75
52973924587000,-5885124000,-26.9375,-7.0,-28.25
52973924587000,-5901955000,-27.4375,-6.75,-28.25
52973924587000,-5918743000,-28.1875,-7.0,-28.0
52973924587000,-5935263000,-28.6875,-7.0,-27.75
52973924587000,-5952183000,-29.1875,-7.25,-27.5
52973924587000,-5968986000,-29.1875,-7.5,-27.75
52973924587000,-5985612000,-28.9375,-7.25,-28.5
52973924587000,-6002259000,-28.6875,-7.25,-28.25
52973924587000,-6018950000,-29.1875,-8.0,-28.0
52973924587000,-6035679000,-29.1875,-8.25,-27.75
52973924587000,-6052426000,-28.9375,-8.75,-27.75
52973924587000,-6069127000,-29.1875,-9.1875,-27.75
52973924587000,-6086058000,-28.9375,-8.75,-28.0
52973924587000,-6102636000,-29.4375,-8.9375,-28.0
52973924587000,-6119317000,-29.4375,-8.75,-27.75
52973924587000,-6136060000,-29.4375,-8.5,-28.5
52973924587000,-6152854000,-29.1875,-8.9375,-28.75
52973924587000,-6169589000,-28.4375,-8.9375,-28.75
52973924587000,-6186271000,-28.1875,-9.4375,-28.75
52973924587000,-6203234000,-27.4375,-9.9375,-28.25
52973924587000,-6220096000,-27.4375,-10.1875,-28.25
52973924587000,-6236871000,-27.4375,-9.6875,-28.25
52973924587000,-6253450000,-26.9375,-9.1875,-28.5
52973924587000,-6270319000,-26.9375,-8.9375,-28.75
52973924587000,-6287082000,-26.9375,-8.9375,-28.75
52973924587000,-6303799000,-26.9375,-9.4375,-28.5
52973924587000,-6320701000,-27.9375,-9.6875,-28.25
52973924587000,-6337478000,-28.4375,-9.9375,-28.0
52973924587000,-6354342000,-28.1875,-9.6875,-28.0
52973924587000,-6371041000,-28.1875,-9.4375,-28.75
52973924587000,-6387612000,-27.4375,-9.4375,-28.75
52973924587000,-6404419000,-26.9375,-9.1875,-29.0
52973924587000,-6421099000,-26.75,-8.75,-29.0
52973924587000,-6438071000,-26.9375,-8.9375,-29.0
52973924587000,-6454822000,-27.1875,-8.75,-29.0
52973924587000,-6471722000,-27.4375,-8.9375,-29.75
52973924587000,-6488442000,-27.6875,-9.6875,-29.75
52973924587000,-6505284000,-27.6875,-9.6875,-29.25
52973924587000,-6521921000,-27.6875,-9.9375,-29.25
52973924587000,-6538840000,-27.4375,-9.4375,-29.0
52973924587000,-6555397000,-28.4375,-9.1875,-29.0
52973924587000,-6572153000,-28.6875,-9.1875,-29.25
52973924587000,-6589163000,-29.1875,-8.75,-29.5
52973924587000,-6605804000,-29.4375,-8.5,-28.75
52973924587000,-6622414000,-28.9375,-8.5,-28.75
52973924587000,-6639100000,-28.6875,-8.25,-28.75
52973924587000,-6655834000,-28.4375,-8.5,-28.75
52973924587000,-6672720000,-29.1875,-8.25,-29.0
52973924587000,-6689269000,-28.6875,-8.0,-28.75
52973924587000,-6706038000,-28.4375,-7.75,-28.75
52973924587000,-6722977000,-27.6875,-7.5,-29.0
52973924587000,-6739647000,-26.9375,-7.5,-29.25
52973924587000,-6756337000,-26.25,-7.5,-29.75
52973924587000,-6772974000,-25.75,-7.5,-30.25
52973924587000,-6789755000,-25.5,-7.25,-30.4375
52973924587000,-6806487000,-25.25,-7.75,-30.25
52973924587000,-6823196000,-26.0,-7.25,-30.6875
52973924587000,-6840262000,-26.25,-7.5,-30.4375
52973924587000,-6857080000,-26.9375,-7.5,-30.25
52973924587000,-6873999000,-27.1875,-7.25,-30.4375
52973924587000,-6890785000,-27.4375,-7.75,-30.25
52973924587000,-6907162000,-28.1875,-7.25,-30.4375
52973924587000,-6923839000,-27.9375,-7.5,-30.6875
52973924587000,-6940621000,-28.1875,-7.75,-30.4375
52973924587000,-6957593000,-27.9375,-7.75,-30.0
52973924587000,-6974550000,-27.6875,-8.25,-30.25
52973924587000,-6991201000,-28.4375,-8.75,-29.75
52973924587000,-7007997000,-28.4375,-9.1875,-30.0
52973924587000,-7024543000,-28.9375,-9.1875,-30.0
52973924587000,-7041219000,-28.6875,-9.1875,-29.25
52973924587000,-7057939000,-28.1875,-8.75,-29.75
52973924587000,-7074764000,-28.1875,-8.5,-29.75
52973924587000,-7091427000,-27.6875,-8.5,-30.25
52973924587000,-7108497000,-27.9375,-8.75,-30.25
52973924587000,-7124959000,-27.9375,-9.1875,-29.75
52973924587000,-7141709000,-27.4375,-9.4375,-29.75
52973924587000,-7158438000,-26.9375,-9.6875,-29.75
52973924587000,-7175211000,-26.25,-9.6875,-30.0
52973924587000,-7192089000,-26.0,-9.9375,-29.75
52973924587000,-7208697000,-26.25,-9.4375,-29.75
52973924587000,-7225643000,-26.0,-9.6875,-29.5
52973924587000,-7242222000,-25.75,-9.6875,-29.5
52973924587000,-7259180000,-25.5,-9.6875,-30.4375
52973924587000,-7275770000,-24.5,-10.4375,-30.6875
52973924587000,-7292462000,-24.75,-10.4375,-30.6875
52973924587000,-7309289000,-24.75,-10.9375,-30.9375
52973924587000,-7325954000,-24.25,-10.6875,-30.6875
52973924587000,-7342867000,-24.0,-10.4375,-30.6875
52973924587000,-7359856000,-23.75,-10.4375,-30.9375
52973924587000,-7376384000,-23.5,-10.1875,-30.6875
52973924587000,-7393102000,-23.75,-10.6875,-30.9375
52973924587000,-7409774000,-24.25,-10.6875,-30.6875
52973924587000,-7426775000,-24.0,-11.1875,-30.9375
52973924587000,-7443619000,-24.5,-11.4375,-30.9375
52973924587000,-7460225000,-25.0,-11.4375,-30.6875
52973924587000,-7477124000,-24.75,-11.9375,-30.9375
52973924587000,-7493727000,-25.5,-11.6875,-30.4375
52973924587000,-7510419000,-25.75,-11.9375,-30.25
52973924587000,-7527085000,-25.5,-12.1875,-30.0
52973924587000,-7543808000,-26.75,-11.9375,-29.75
52973924587000,-7560565000,-26.5,-11.6875,-30.0
52973924587000,-7577298000,-25.75,-11.6875,-30.6875
52973924587000,-7594123000,-25.5,-11.1875,-30.9375
52973924587000,-7611085000,-24.5,-10.9375,-31.1875
52973924587000,-7627655000,-24.25,-11.4375,-31.4375
52973924587000,-7644313000,-24.0,-11.1875,-31.4375
52973924587000,-7661539000,-24.25,-11.6875,-31.4375
52973924587000,-7678021000,-24.25,-11.9375,-31.4375
52973924587000,-7694731000,-24.25,-11.6875,-31.4375
52973924587000,-7711510000,-24.5,-11.9375,-31.1875
52973924587000,-7728230000,-24.0,-11.6875,-31.1875
52973924587000,-7745068000,-23.5,-11.6875,-31.4375
52973924587000,-7762059000,-23.75,-11.1875,-30.9375
52973924587000,-7778295000,-23.5,-10.6875,-31.1875
52973924587000,-7795060000,-23.0625,-10.1875,-30.9375
52973924587000,-7811849000,-23.0625,-9.6875,-30.6875
52973924587000,-7828696000,-22.8125,-10.1875,-30.6875
52973924587000,-7845371000,-23.25,-10.1875,-30.9375
52973924587000,-7862420000,-23.25,-10.4375,-31.4375
52973924587000,-7879177000,-23.25,-10.9375,-31.1875
52973924587000,-7896089000,-22.5625,-10.4375,-31.6875
52973924587000,-7912568000,-22.3125,-9.9375,-31.1875
52973924587000,-7929471000,-22.8125,-10.1875,-30.9375
52973924587000,-7946386000,-23.0625,-10.1875,-31.1875
52973924587000,-7963078000,-23.5,-10.6875,-31.1875
52973924587000,-7979607000,-23.75,-11.1875,-30.9375
52973924587000,-7996637000,-24.0,-11.1875,-30.6875
52973924587000,-8013463000,-24.25,-11.4375,-30.9375
52973924587000,-8030157000,-24.75,-11.6875,-30.6875
52973924587000,-8046729000,-24.5,-11.9375,-30.9375
52973924587000,-8063980000,-24.25,-12.4375,-30.9375
52973924587000,-8080632000,-24.5,-12.1875,-30.25
52973924587000,-8097363000,-23.75,-12.4375,-29.75
52973924587000,-8114504000,-23.25,-12.875,-29.5
52973924587000,-8130915000,-23.25,-13.125,-29.5
52973924587000,-8147891000,-22.5625,-14.375,-29.0
52973924587000,-8164531000,-23.0625,-14.625,-29.25
52973924587000,-8181165000,-24.0,-14.875,-28.75
52973924587000,-8197877000,-24.25,-15.375,-28.75
52973924587000,-8215033000,-24.5,-15.125,-29.5
52973924587000,-8231704000,-24.75,-15.375,-29.25
52973924587000,-8248409000,-24.75,-15.375,-29.75
52973924587000,-8265111000,-25.0,-15.125,-29.5
52973924587000,-8282027000,-25.25,-14.875,-29.5
52973924587000,-8298612000,-24.75,-15.125,-29.5
52973924587000,-8315532000,-24.5,-15.375,-29.25
52973924587000,-8332028000,-24.25,-15.125,-29.0
52973924587000,-8348830000,-24.5,-15.375,-28.75
52973924587000,-8365843000,-24.75,-15.625,-29.0
52973924587000,-8382415000,-24.75,-15.625,-29.25
52973924587000,-8399137000,-24.5,-15.875,-30.0
52973924587000,-8415924000,-24.5,-16.0625,-30.0
52973924587000,-8432848000,-24.5,-15.875,-30.0
52973924587000,-8449409000,-24.5,-15.875,-30.25
52973924587000,-8466311000,-24.5,-16.0625,-29.75
52973924587000,-8483086000,-24.25,-16.3125,-29.75
52973924587000,-8500071000,-24.0,-16.5625,-29.5
52973924587000,-8517170000,-23.75,-16.5625,-29.0
52973924587000,-8533767000,-24.25,-16.5625,-29.25
52973924587000,-8550473000,-24.75,-16.0625,-29.75
52973924587000,-8567459000,-25.0,-16.0625,-29.75
52973924587000,-8584200000,-25.0,-16.5625,-29.5
52973924587000,-8601233000,-24.75,-16.0625,-29.0
52973924587000,-8617745000,-24.5,-16.0625,-28.5
52973924587000,-8634392000,-24.0,-15.625,-28.75
52973924587000,-8651139000,-24.0,-15.125,-29.25
52973924587000,-8667766000,-23.75,-15.625,-29.5
52973924587000,-8684679000,-23.5,-15.875,-30.0
52973924587000,-8701300000,-23.25,-16.0625,-30.25
52973924587000,-8718088000,-23.5,-16.0625,-30.25
52973924587000,-8735317000,-24.0,-16.0625,-30.4375
52973924587000,-8751736000,-24.25,-16.0625,-30.25
52973924587000,-8768717000,-25.5,-15.875,-30.0
52973924587000,-8785200000,-25.25,-16.0625,-29.75
52973924587000,-8802168000,-24.25,-15.875,-29.5
52973924587000,-8818905000,-24.25,-15.875,-29.75
52973924587000,-8835576000,-24.25,-15.625,-29.5
52973924587000,-8852403000,-25.0,-15.375,-30.0
52973924587000,-8869153000,-26.5,-14.875,-30.25
52973924587000,-8885976000,-26.75,-14.625,-30.25
52973924587000,-8903430000,-26.5,-14.375,-30.6875
52973924587000,-8919834000,-26.5,-13.625,-30.6875
52973924587000,-8936599000,-25.75,-13.875,-30.9375
52973924587000,-8953329000,-24.5,-13.125,-30.9375
52973924587000,-8970475000,-23.75,-12.875,-31.4375
52973924587000,-8986895000,-23.5,-13.125,-31.9375
52973924587000,-9004110000,-23.25,-12.1875,-32.4375
52973924587000,-9020561000,-24.25,-12.1875,-32.6875
52973924587000,-9037222000,-24.5,-11.9375,-32.6875
52973924587000,-9053804000,-23.5,-11.6875,-32.4375
52973924587000,-9070580000,-23.25,-11.6875,-31.9375
52973924587000,-9087558000,-23.0625,-11.1875,-32.1875
52973924587000,-9104184000,-23.25,-11.1875,-31.6875
52973924587000,-9121293000,-24.0,-10.6875,-31.4375
52973924587000,-9137586000,-24.5,-10.4375,-31.9375
52973924587000,-9154447000,-24.5,-10.1875,-31.6875
52973924587000,-9171087000,-24.5,-9.4375,-31.4375
52973924587000,-9187840000,-24.5,-9.4375,-31.6875
52973924587000,-9204765000,-24.5,-9.4375,-31.4375
52973924587000,-9221674000,-24.75,-9.9375,-31.4375
52973924587000,-9238734000,-25.0,-10.4375,-31.9375
52973924587000,-9255611000,-25.75,-10.4375,-31.9375
52973924587000,-9272003000,-26.75,-10.6875,-32.1875
52973924587000,-9288627000,-26.25,-10.1875,-32.4375
52973924587000,-9305412000,-26.25,-10.1875,-32.6875
52973924587000,-9322130000,-26.0,-10.1875,-32.9375
52973924587000,-9338846000,-25.25,-9.9375,-32.9375
52973924587000,-9355781000,-25.75,-9.6875,-32.9375
52973924587000,-9372401000,-25.75,-9.4375,-33.1875
52973924587000,-9389280000,-25.5,-9.1875,-33.1875
52973924587000,-9405892000,-25.25,-8.75,-33.1875
52973924587000,-9422552000,-24.75,-8.75,-33.1875
52973924587000,-9439357000,-24.75,-8.5,-32.9375
52973924587000,-9456762000,-24.5,-8.0,-33.1875
52973924587000,-9473203000,-24.25,-8.0,-32.9375
52973924587000,-9490040000,-24.5,-8.0,-33.1875
52973924587000,-9507108000,-24.75,-7.5,-33.1875
52973924587000,-9523675000,-25.0,-7.0,-33.6875
52973924587000,-9540284000,-25.5,-7.0,-33.6875
52973924587000,-9557392000,-25.5,-7.0,-33.6875
52973924587000,-9573853000,-25.25,-7.0,-33.875
52973924587000,-9590593000,-25.0,-7.5,-33.4375
52973924587000,-9607430000,-24.5,-7.25,-33.6875
52973924587000,-9624285000,-24.5,-6.75,-33.4375
52973924587000,-9640940000,-24.5,-7.0,-33.4375
52973924587000,-9658242000,-24.5,-7.0,-33.1875
52973924587000,-9674499000,-24.75,-7.5,-33.4375
52973924587000,-9691196000,-24.5,-8.0,-33.4375
52973924587000,-9707850000,-24.5,-8.25,-33.4375
52973924587000,-9724597000,-24.25,-8.25,-33.6875
52973924587000,-9741360000,-24.5,-8.0,-33.4375
52973924587000,-9758183000,-25.25,-7.75,-33.4375
52973924587000,-9775426000,-26.0,-7.75,-32.6875
52973924587000,-9792515000,-26.9375,-8.0,-32.1875
52973924587000,-9808547000,-27.1875,-8.0,-32.1875
52973924587000,-9825292000,-27.4375,-8.0,-31.9375
52973924587000,-9841996000,-27.1875,-8.0,-32.4375
52973924587000,-9858753000,-26.9375,-7.75,-32.6875
52973924587000,-9875579000,-26.9375,-7.75,-32.4375
52973924587000,-9892171000,-26.75,-8.25,-32.6875
52973924587000,-9909834000,-26.25,-7.5,-32.4375
52973924587000,-9925765000,-26.75,-7.5,-32.4375
52973924587000,-9942743000,-26.9375,-7.0,-32.4375
52973924587000,-9959511000,-27.4375,-6.75,-32.6875
52973924587000,-9976096000,-27.6875,-7.5,-33.1875
52973924587000,-9992977000,-27.1875,-7.25,-33.4375
52973924587000,-10009543000,-26.5,-7.75,-33.6875
52973924587000,-10026509000,-25.75,-7.25,-33.4375
52973924587000,-10043188000,-25.25,-6.75,-32.6875
52973924587000,-10060099000,-24.75,-7.0,-32.4375
52973924587000,-10077120000,-25.5,-6.25,-32.6875
52973924587000,-10093499000,-25.5,-6.0,-32.9375
52973924587000,-10110147000,-25.5,-5.75,-33.4375
52973924587000,-10127121000,-25.5,-5.5,-33.4375
52973924587000,-10144136000,-25.0,-5.75,-33.1875
52973924587000,-10160752000,-25.5,-6.0,-32.9375
52973924587000,-10177357000,-25.5,-6.25,-32.4375
52973924587000,-10193926000,-25.25,-5.75,-32.6875
52973924587000,-10210604000,-26.0,-5.3125,-32.6875
52973924587000,-10227343000,-25.25,-4.8125,-32.9375
52973924587000,-10244199000,-25.75,-4.5625,-33.1875
52973924587000,-10261105000,-26.25,-5.0625,-33.1875
52973924587000,-10277774000,-25.75,-5.3125,-33.1875
52973924587000,-10294668000,-26.25,-5.3125,-32.9375
52973924587000,-10311591000,-26.0,-5.3125,-32.6875
52973924587000,-10328083000,-26.5,-5.0625,-32.1875
52973924587000,-10345244000,-26.9375,-5.75,-31.6875
52973924587000,-10361800000,-26.75,-6.25,-31.1875
52973924587000,-10378566000,-26.9375,-6.25,-31.1875
52973924587000,-10395406000,-26.75,-6.75,-30.9375
52973924587000,-10412395000,-26.25,-6.5,-31.1875
52973924587000,-10428912000,-26.5,-6.75,-30.6875
52973924587000,-10445590000,-26.75,-7.25,-30.6875
52973924587000,-10462407000,-26.75,-7.0,-30.6875
52973924587000,-10479506000,-26.9375,-7.25,-30.9375
52973924587000,-10495883000,-26.75,-7.0,-32.1875
52973924587000,-10512613000,-26.75,-7.0,-32.1875
52973924587000,-10529467000,-26.9375,-7.25,-32.6875
52973924587000,-10546288000,-26.5,-7.5,-32.4375
52973924587000,-10562844000,-26.75,-7.5,-32.1875
52973924587000,-10579639000,-26.5,-7.5,-32.4375
52973924587000,-10596699000,-26.25,-7.5,-31.6875
52973924587000,-10613071000,-26.5,-7.5,-31.9375
52973924587000,-10629768000,-26.5,-7.75,-31.6875
52973924587000,-10646588000,-26.5,-8.0,-31.9375
52973924587000,-10663398000,-26.5,-7.75,-32.1875
52973924587000,-10680081000,-26.25,-7.75,-31.9375
52973924587000,-10696865000,-26.5,-8.0,-31.4375
52973924587000,-10714048000,-26.25,-8.5,-31.1875
52973924587000,-10730684000,-27.1875,-8.9375,-30.9375
52973924587000,-10747067000,-27.4375,-8.9375,-30.9375
52973924587000,-10763968000,-27.1875,-8.9375,-31.4375
52973924587000,-10781003000,-27.6875,-8.75,-31.1875
52973924587000,-10797747000,-26.75,-8.75,-31.6875
52973924587000,-10814655000,-26.75,-9.1875,-31.1875
52973924587000,-10831871000,-26.75,-9.4375,-31.1875
52973924587000,-10848540000,-26.75,-9.6875,-31.1875
52973924587000,-10865274000,-27.1875,-9.9375,-31.1875
52973924587000,-10882167000,-26.75,-9.6875,-31.4375
52973924587000,-10898970000,-27.1875,-9.6875,-31.1875
52973924587000,-10915755000,-27.4375,-9.4375,-31.4375
52973924587000,-10932363000,-26.9375,-9.1875,-31.4375
52973924587000,-10949395000,-27.4375,-8.9375,-31.6875
52973924587000,-10965846000,-26.75,-8.9375,-32.1875
52973924587000,-10983126000,-26.25,-8.9375,-32.4375
52973924587000,-10999746000,-26.5,-9.1875,-32.6875
52973924587000,-11016447000,-26.5,-9.4375,-32.9375
52973924587000,-11033216000,-26.5,-9.1875,-32.9375
52973924587000,-11050088000,-26.5,-9.4375,-32.9375
52973924587000,-11066689000,-26.75,-9.1875,-32.6875
52973924587000,-11083777000,-26.5,-9.1875,-32.4375
52973924587000,-11100479000,-26.75,-8.9375,-31.9375
52973924587000,-11116987000,-26.5,-8.5,-31.4375
52973924587000,-11133618000,-26.0,-8.75,-31.6875
52973924587000,-11150405000,-26.0,-8.75,-32.1875
52973924587000,-11167233000,-25.75,-8.75,-32.9375
52973924587000,-11183855000,-26.0,-8.75,-33.1875
52973924587000,-11201110000,-26.0,-8.25,-33.1875
52973924587000,-11218075000,-26.0,-7.25,-32.6875
52973924587000,-11234511000,-26.0,-7.25,-32.6875
52973924587000,-11250988000,-25.5,-7.25,-32.6875
52973924587000,-11267790000,-25.5,-7.25,-32.4375
52973924587000,-11284523000,-25.75,-8.0,-32.4375
52973924587000,-11301209000,-25.5,-8.5,-32.4375
52973924587000,-11318688000,-25.75,-8.5,-32.4375
52973924587000,-11335366000,-25.0,-8.9375,-32.6875
52973924587000,-11352128000,-25.0,-9.1875,-32.9375
52973924587000,-11369165000,-25.25,-9.4375,-32.4375
52973924587000,-11385626000,-25.75,-9.9375,-32.4375
52973924587000,-11402385000,-26.75,-10.4375,-32.4375
52973924587000,-11419129000,-26.9375,-10.4375,-32.1875
52973924587000,-11436091000,-27.4375,-10.6875,-31.9375
52973924587000,-11452673000,-27.1875,-11.1875,-31.6875
52973924587000,-11469345000,-27.1875,-11.4375,-31.4375
52973924587000,-11486131000,-27.1875,-12.1875,-31.9375
52973924587000,-11503252000,-26.9375,-12.4375,-32.1875
52973924587000,-11519759000,-26.75,-12.625,-32.4375
52973924587000,-11536503000,-26.75,-12.875,-32.1875
52973924587000,-11553312000,-26.25,-12.875,-32.1875
52973924587000,-11569944000,-25.5,-12.625,-32.4375
52973924587000,-11586629000,-25.25,-12.4375,-32.9375
52973924587000,-11603350000,-24.75,-12.625,-33.6875
52973924587000,-11620389000,-24.5,-13.125,-33.6875
52973924587000,-11636989000,-25.0,-13.375,-33.6875
52973924587000,-11653751000,-25.25,-13.625,-33.1875
52973924587000,-11670593000,-25.75,-13.375,-33.1875
52973924587000,-11687139000,-25.5,-13.375,-32.6875
52973924587000,-11703956000,-25.5,-13.125,-32.4375
52973924587000,-11720672000,-25.5,-12.625,-33.1875
52973924587000,-11737850000,-25.5,-12.625,-33.4375
52973924587000,-11754898000,-25.5,-12.4375,-34.125
52973924587000,-11771412000,-25.5,-13.375,-34.875
52973924587000,-11788078000,-25.5,-13.875,-34.375
52973924587000,-11804774000,-25.25,-14.625,-33.6875
52973924587000,-11821349000,-26.0,-14.625,-33.6875
52973924587000,-11838649000,-25.75,-14.375,-33.875
52973924587000,-11855400000,-25.75,-14.875,-34.125
52973924587000,-11872116000,-25.75,-14.375,-34.625
52973924587000,-11888740000,-25.75,-14.625,-34.375
52973924587000,-11905405000,-25.75,-14.875,-33.875
52973924587000,-11922443000,-25.75,-14.625,-34.375
52973924587000,-11939689000,-25.5,-14.875,-34.375
52973924587000,-11956163000,-26.0,-15.375,-34.125
52973924587000,-11972699000,-26.5,-15.125,-34.375
52973924587000,-11989641000,-26.9375,-15.375,-33.875
52973924587000,-12006033000,-26.9375,-15.125,-33.6875
52973924587000,-12022791000,-26.25,-14.875,-34.125
52973924587000,-12039956000,-26.25,-15.125,-33.875
52973924587000,-12056643000,-26.0,-15.375,-34.125
52973924587000,-12072937000,-25.75,-15.375,-34.625
52973924587000,-12089843000,-26.0,-15.625,-34.625
52973924587000,-12106512000,-26.25,-15.875,-34.875
52973924587000,-12123185000,-26.0,-15.625,-35.125
52973924587000,-12139943000,-25.75,-15.875,-35.125
52973924587000,-12156616000,-25.5,-15.375,-35.375
52973924587000,-12174718000,-24.75,-14.625,-35.625
52973924587000,-12190884000,-24.5,-14.875,-35.875
52973924587000,-12206969000,-24.75,-14.625,-36.375
52973924587000,-12223962000,-25.0,-14.125,-36.125
52973924587000,-12240531000,-25.5,-13.875,-36.125
52973924587000,-12257355000,-26.5,-13.625,-36.125
52973924587000,-12274042000,-26.5,-13.125,-35.875
52973924587000,-12291314000,-26.25,-13.875,-35.875
52973924587000,-12307539000,-25.75,-14.375,-35.875
52973924587000,-12324145000,-25.0,-14.125,-35.375
52973924587000,-12340873000,-25.5,-14.625,-34.875
52973924587000,-12357604000,-25.25,-14.375,-35.125
52973924587000,-12374631000,-25.25,-14.375,-34.625
52973924587000,-12391308000,-25.5,-14.375,-34.625
52973924587000,-12408295000,-25.25,-14.875,-35.125
52973924587000,-12424843000,-25.0,-14.875,-34.875
52973924587000,-12441424000,-25.25,-15.125,-34.875
52973924587000,-12458153000,-25.25,-15.375,-34.875
52973924587000,-12474976000,-25.0,-14.875,-34.625
52973924587000,-12491800000,-26.0,-15.375,-34.375
52973924587000,-12508691000,-26.0,-15.125,-34.125
52973924587000,-12525481000,-25.75,-14.875,-34.125
52973924587000,-12542472000,-26.0,-15.375,-33.875
52973924587000,-12559011000,-25.5,-15.125,-33.6875
52973924587000,-12575739000,-25.5,-15.375,-34.125
52973924587000,-12592529000,-25.75,-15.625,-33.4375
52973924587000,-12609497000,-26.0,-15.625,-33.1875
52973924587000,-12626456000,-26.0,-15.625,-32.9375
52973924587000,-12643319000,-26.0,-16.0625,-32.6875
52973924587000,-12660083000,-25.75,-16.3125,-33.1875
52973924587000,-12676967000,-25.75,-15.875,-33.4375
52973924587000,-12694161000,-25.75,-15.875,-33.875
52973924587000,-12710783000,-26.0,-15.125,-33.875
52973924587000,-12727691000,-26.25,-15.125,-33.875
52973924587000,-12744403000,-25.75,-15.375,-33.6875
52973924587000,-12760968000,-25.75,-15.125,-33.4375
52973924587000,-12777620000,-25.5,-15.625,-32.9375
52973924587000,-12794382000,-25.75,-15.625,-32.9375
52973924587000,-12811283000,-26.25,-16.0625,-33.4375
52973924587000,-12828030000,-26.0,-16.3125,-33.4375
52973924587000,-12844771000,-25.75,-16.3125,-33.875
52973924587000,-12861693000,-24.75,-16.3125,-33.875
52973924587000,-12878651000,-24.75,-16.0625,-33.6875
52973924587000,-12895333000,-24.75,-16.3125,-33.875
52973924587000,-12912223000,-24.25,-16.3125,-33.4375
52973924587000,-12929065000,-24.25,-16.3125,-33.1875
52973924587000,-12946482000,-23.75,-16.5625,-33.4375
52973924587000,-12962892000,-24.0,-16.3125,-33.4375
52973924587000,-12979690000,-24.25,-16.5625,-33.6875
52973924587000,-12996438000,-24.75,-16.8125,-33.6875
52973924587000,-13013487000,-24.75,-16.8125,-33.4375
52973924587000,-13030045000,-24.25,-16.8125,-33.1875
52973924587000,-13047022000,-25.0,-16.5625,-33.1875
52973924587000,-13063645000,-24.75,-16.5625,-32.9375
52973924587000,-13080689000,-25.0,-16.3125,-32.4375
52973924587000,-13097244000,-25.5,-16.8125,-32.1875
52973924587000,-13114182000,-25.25,-16.8125,-31.9375
52973924587000,-13131131000,-25.5,-16.5625,-31.9375
52973924587000,-13147700000,-25.0,-16.8125,-32.1875
52973924587000,-13164631000,-25.0,-16.5625,-31.9375
52973924587000,-13181245000,-25.25,-16.3125,-31.6875
52973924587000,-13198058000,-25.5,-16.0625,-31.4375
52973924587000,-13214902000,-26.25,-15.625,-30.4375
52973924587000,-13231854000,-26.25,-15.375,-30.4375
52973924587000,-13248431000,-26.0,-15.125,-30.4375
52973924587000,-13265109000,-25.75,-14.625,-30.9375
52973924587000,-13281885000,-25.75,-14.125,-31.1875
52973924587000,-13299033000,-26.25,-14.125,-30.9375
52973924587000,-13315714000,-26.25,-13.625,-30.9375
52973924587000,-13332567000,-26.25,-13.375,-30.25
52973924587000,-13349184000,-26.25,-13.375,-30.4375
52973924587000,-13366001000,-26.25,-12.625,-30.6875
52973924587000,-13382667000,-26.75,-12.4375,-30.9375
52973924587000,-13399420000,-26.75,-12.625,-30.9375
52973924587000,-13416298000,-27.4375,-12.1875,-30.6875
52973924587000,-13433063000,-27.1875,-11.6875,-30.9375
52973924587000,-13449842000,-26.75,-11.6875,-30.4375
52973924587000,-13466751000,-27.1875,-11.4375,-30.6875
52973924587000,-13483289000,-26.25,-11.4375,-30.9375
52973924587000,-13499951000,-26.25,-11.9375,-30.6875
52973924587000,-13516753000,-26.0,-11.9375,-30.9375
52973924587000,-13533520000,-25.25,-11.9375,-30.9375
52973924587000,-13550246000,-25.25,-12.1875,-30.6875
52973924587000,-13566981000,-25.0,-12.1875,-30.4375
52973924587000,-13583919000,-25.5,-12.1875,-30.25
52973924587000,-13600683000,-25.75,-12.1875,-30.25
52973924587000,-13617732000,-25.75,-11.9375,-30.6875
52973924587000,-13634188000,-26.0,-12.1875,-30.9375
52973924587000,-13650872000,-25.75,-11.9375,-30.9375
52973924587000,-13667607000,-25.75,-11.6875,-30.25
52973924587000,-13684533000,-25.75,-11.4375,-30.0
52973924587000,-13701557000,-25.75,-11.1875,-29.5
52973924587000,-13718205000,-25.75,-11.6875,-29.5
52973924587000,-13734835000,-25.0,-11.6875,-30.4375
52973924587000,-13751620000,-24.5,-11.9375,-30.6875
52973924587000,-13768452000,-24.0,-11.9375,-31.1875
52973924587000,-13785435000,-23.75,-12.4375,-31.6875
52973924587000,-13802479000,-24.0,-12.625,-31.9375
52973924587000,-13819045000,-24.25,-12.625,-31.6875
52973924587000,-13835794000,-24.5,-12.625,-31.6875
52973924587000,-13853051000,-24.75,-11.9375,-31.4375
52973924587000,-13869335000,-25.25,-11.6875,-31.1875
52973924587000,-13885966000,-25.5,-11.6875,-31.4375
52973924587000,-13902781000,-25.75,-11.6875,-31.4375
52973924587000,-13919412000,-25.5,-11.4375,-31.4375
52973924587000,-13936193000,-25.75,-11.4375,-30.9375
52973924587000,-13953009000,-25.5,-11.6875,-30.9375
52973924587000,-13969789000,-25.0,-11.6875,-30.9375
52973924587000,-13986508000,-25.25,-11.9375,-31.1875
52973924587000,-14003307000,-25.5,-11.9375,-31.4375
52973924587000,-14020101000,-25.75,-11.9375,-31.4375
52973924587000,-14037090000,-26.0,-11.4375,-31.9375
52973924587000,-14053848000,-25.5,-11.6875,-31.4375
52973924587000,-14070350000,-25.0,-11.4375,-31.1875
52973924587000,-14087355000,-25.25,-11.1875,-31.1875
52973924587000,-14104167000,-25.5,-11.4375,-30.6875
52973924587000,-14120778000,-26.25,-10.9375,-30.6875
52973924587000,-14137445000,-26.9375,-10.4375,-31.1875
52973924587000,-14154075000,-27.6875,-10.4375,-31.1875
52973924587000,-14170827000,-27.9375,-9.9375,-31.1875
52973924587000,-14187549000,-27.6875,-9.6875,-30.9375
52973924587000,-14204297000,-27.4375,-10.1875,-30.6875
52973924587000,-14221324000,-26.9375,-9.4375,-30.25
52973924587000,-14238197000,-26.75,-9.1875,-30.4375
52973924587000,-14255165000,-26.75,-8.75,-30.9375
52973924587000,-14272477000,-26.9375,-8.25,-31.4375
52973924587000,-14288750000,-26.75,-7.75,-31.1875
52973924587000,-14305515000,-26.25,-7.75,-31.1875
52973924587000,-14322121000,-26.5,-8.0,-31.1875
52973924587000,-14338945000,-26.0,-7.5,-30.9375
52973924587000,-14355766000,-25.75,-7.25,-31.4375
52973924587000,-14373042000,-26.5,-7.0,-31.1875
52973924587000,-14389826000,-26.5,-6.5,-31.6875
52973924587000,-14406375000,-26.75,-5.5,-31.1875
52973924587000,-14423096000,-27.1875,-5.0625,-31.1875
52973924587000,-14439879000,-27.1875,-4.3125,-31.4375
52973924587000,-14456613000,-27.1875,-3.5625,-31.1875
52973924587000,-14473323000,-26.9375,-3.3125,-31.4375
52973924587000,-14490902000,-26.5,-3.0625,-31.9375
52973924587000,-14507189000,-26.0,-2.0625,-31.6875
52973924587000,-14524012000,-26.0,-1.625,-31.6875
52973924587000,-14540750000,-26.25,-1.125,-32.1875
52973924587000,-14557549000,-26.5,-0.625,-31.9375
52973924587000,-14574171000,-26.75,-0.375,-32.1875
52973924587000,-14591311000,-26.75,-0.125,-31.9375
52973924587000,-14607696000,-26.9375,-0.625,-31.9375
52973924587000,-14624475000,-26.75,-0.875,-31.9375
52973924587000,-14641309000,-26.9375,-0.625,-32.1875
52973924587000,-14658120000,-27.1875,-0.625,-32.1875
52973924587000,-14674683000,-26.5,-0.125,-32.1875
52973924587000,-14691367000,-26.9375,0.375,-31.9375
52973924587000,-14708089000,-26.75,-0.375,-31.6875
52973924587000,-14724940000,-26.75,0.125,-31.9375
52973924587000,-14741705000,-27.1875,0.125,-31.6875
52973924587000,-14758382000,-26.9375,-0.125,-32.1875
52973924587000,-14775362000,-27.4375,0.375,-31.6875
52973924587000,-14791906000,-27.1875,0.125,-31.6875
52973924587000,-14808637000,-26.9375,-0.125,-31.6875
52973924587000,-14825293000,-26.5,-0.125,-31.9375
52973924587000,-14842614000,-25.5,-0.375,-32.6875
52973924587000,-14859652000,-25.0,-0.625,-33.1875
52973924587000,-14877268000,-24.75,-0.875,-33.6875
52973924587000,-14893888000,-25.0,-1.125,-33.1875
52973924587000,-14910970000,-25.25,-1.625,-33.1875
52973924587000,-14927356000,-25.25,-1.8125,-32.6875
52973924587000,-14944617000,-25.0,-2.3125,-32.6875
52973924587000,-14961020000,-25.25,-2.5625,-32.6875
52973924587000,-14977930000,-25.0,-2.8125,-32.4375
52973924587000,-14994495000,-24.75,-3.3125,-32.6875
52973924587000,-15011180000,-25.0,-3.3125,-32.4375
52973924587000,-15027942000,-24.0,-3.5625,-32.9375
52973924587000,-15045058000,-24.0,-3.0625,-32.6875
52973924587000,-15061513000,-24.0,-2.8125,-32.6875
52973924587000,-15078267000,-23.75,-2.8125,-32.9375
52973924587000,-15095261000,-24.0,-2.8125,-32.6875
52973924587000,-15112130000,-23.5,-2.8125,-33.4375
52973924587000,-15129291000,-23.5,-2.8125,-33.6875
52973924587000,-15145802000,-23.5,-2.5625,-33.6875
52973924587000,-15162286000,-23.5,-2.5625,-33.875
52973924587000,-15179004000,-24.0,-2.5625,-33.875
52973924587000,-15195707000,-24.25,-2.5625,-33.4375
52973924587000,-15212574000,-24.0,-2.8125,-33.4375
52973924587000,-15229237000,-24.25,-2.5625,-33.1875
52973924587000,-15245993000,-24.5,-3.0625,-33.1875
52973924587000,-15263131000,-25.0,-3.3125,-32.9375
52973924587000,-15279489000,-26.25,-3.5625,-32.6875
52973924587000,-15296183000,-26.75,-3.5625,-32.6875
52973924587000,-15313112000,-26.5,-3.3125,-32.1875
52973924587000,-15329788000,-26.25,-3.5625,-32.6875
52973924587000,-15346548000,-25.0,-3.5625,-32.6875
52973924587000,-15363426000,-24.5,-4.0625,-32.4375
52973924587000,-15380001000,-24.25,-4.8125,-32.4375
52973924587000,-15396899000,-24.0,-5.0625,-32.6875
52973924587000,-15413684000,-24.5,-5.0625,-32.6875
52973924587000,-15430440000,-24.25,-4.8125,-32.6875
52973924587000,-15447283000,-24.25,-4.5625,-32.9375
52973924587000,-15463876000,-24.75,-4.0625,-32.6875
52973924587000,-15480566000,-24.5,-4.0625,-33.1875
52973924587000,-15497560000,-25.0,-3.5625,-33.1875
52973924587000,-15514285000,-25.25,-3.5625,-33.4375
52973924587000,-15531312000,-24.5,-3.8125,-33.4375
52973924587000,-15547943000,-25.0,-3.5625,-32.6875
52973924587000,-15564524000,-25.25,-4.0625,-33.1875
52973924587000,-15581233000,-25.75,-3.5625,-33.1875
52973924587000,-15597984000,-26.0,-2.8125,-32.9375
52973924587000,-15614917000,-25.75,-2.5625,-33.4375
52973924587000,-15631534000,-25.25,-1.8125,-32.9375
52973924587000,-15648812000,-25.0,-1.8125,-32.6875
52973924587000,-15665246000,-25.25,-1.8125,-32.9375
52973924587000,-15681855000,-25.0,-1.625,-33.1875
52973924587000,-15698544000,-25.25,-1.625,-33.4375
52973924587000,-15715307000,-25.0,-1.125,-33.6875
52973924587000,-15732172000,-24.75,-1.375,-33.4375
52973924587000,-15748965000,-24.75,-1.125,-33.1875
52973924587000,-15765647000,-25.0,-1.375,-33.1875
52973924587000,-15782653000,-25.5,-1.625,-32.4375
52973924587000,-15799050000,-26.0,-1.8125,-32.6875
52973924587000,-15816469000,-26.5,-2.5625,-32.6875
52973924587000,-15832935000,-26.5,-3.0625,-32.4375
52973924587000,-15849912000,-27.1875,-3.8125,-32.4375
52973924587000,-15866420000,-27.9375,-4.0625,-32.1875
52973924587000,-15883162000,-28.6875,-4.3125,-31.6875
52973924587000,-15899910000,-29.1875,-4.3125,-31.9375
52973924587000,-15916894000,-29.1875,-4.0625,-32.1875
52973924587000,-15933646000,-28.9375,-3.5625,-31.9375
52973924587000,-15950142000,-28.6875,-3.5625,-32.1875
52973924587000,-15966874000,-28.4375,-3.8125,-32.9375
52973924587000,-15983825000,-27.4375,-4.0625,-32.6875
52973924587000,-16000583000,-26.9375,-5.0625,-32.9375
52973924587000,-16017336000,-26.75,-5.3125,-33.1875
52973924587000,-16034485000,-26.5,-5.3125,-32.4375
52973924587000,-16050971000,-27.1875,-5.3125,-32.9375
52973924587000,-16067849000,-27.6875,-4.8125,-33.1875
52973924587000,-16084601000,-28.4375,-4.3125,-32.6875
52973924587000,-16101327000,-29.6875,-4.5625,-32.6875
52973924587000,-16118022000,-30.375,-4.5625,-32.4375
52973924587000,-16134782000,-30.375,-4.5625,-32.4375
52973924587000,-16151892000,-30.375,-4.8125,-32.6875
52973924587000,-16168492000,-30.1875,-4.8125,-32.6875
52973924587000,-16185322000,-29.9375,-5.0625,-32.6875
52973924587000,-16201929000,-30.375,-5.3125,-31.9375
52973924587000,-16218761000,-30.375,-5.5,-31.9375
52973924587000,-16235804000,-30.375,-5.5,-31.6875
52973924587000,-16252553000,-30.375,-5.5,-31.9375
52973924587000,-16269319000,-30.625,-6.0,-32.4375
52973924587000,-16285917000,-30.375,-5.75,-32.1875
52973924587000,-16302812000,-30.875,-6.0,-32.1875
52973924587000,-16319404000,-31.375,-6.25,-31.9375
52973924587000,-16336477000,-31.125,-5.75,-31.9375
52973924587000,-16353161000,-31.625,-6.5,-31.4375
52973924587000,-16369640000,-31.875,-6.5,-31.1875
52973924587000,-16386494000,-31.625,-6.25,-30.9375
52973924587000,-16403213000,-32.375,-5.75,-30.9375
52973924587000,-16420135000,-32.375,-5.3125,-31.1875
52973924587000,-16437382000,-32.875,-5.3125,-31.6875
52973924587000,-16453769000,-33.375,-5.5,-31.9375
52973924587000,-16470870000,-33.125,-6.0,-32.1875
52973924587000,-16487265000,-33.375,-6.5,-32.4375
52973924587000,-16503993000,-32.875,-6.5,-32.4375
52973924587000,-16520755000,-33.375,-6.5,-32.4375
52973924587000,-16537369000,-34.0625,-6.75,-32.1875
52973924587000,-16554123000,-35.3125,-6.75,-32.1875
52973924587000,-16570830000,-36.0625,-7.0,-32.1875
52973924587000,-16587748000,-36.0625,-7.0,-32.1875
52973924587000,-16604461000,-36.0625,-7.5,-32.4375
52973924587000,-16621383000,-35.3125,-7.25,-32.9375
52973924587000,-16638095000,-35.5625,-7.25,-32.4375
52973924587000,-16654727000,-35.8125,-7.25,-31.9375
52973924587000,-16671434000,-36.0625,-6.75,-31.4375
52973924587000,-16688382000,-36.0625,-6.5,-30.9375
52973924587000,-16705264000,-35.8125,-6.0,-31.4375
52973924587000,-16722200000,-35.3125,-5.75,-31.9375
52973924587000,-16738819000,-35.0625,-5.5,-32.6875
52973924587000,-16755436000,-35.8125,-5.5,-32.6875
52973924587000,-16772523000,-36.0625,-6.0,-32.4375
52973924587000,-16789196000,-36.3125,-6.0,-32.6875
52973924587000,-16805828000,-37.0625,-5.75,-32.1875
52973924587000,-16822840000,-37.0625,-5.75,-32.1875
52973924587000,-16839661000,-36.8125,-5.3125,-32.4375
52973924587000,-16856417000,-36.8125,-5.5,-32.4375
52973924587000,-16873365000,-36.0625,-5.75,-32.4375
52973924587000,-16890601000,-35.3125,-6.0,-32.4375
52973924587000,-16906957000,-35.8125,-6.25,-32.4375
52973924587000,-16923669000,-35.8125,-6.25,-32.4375
52973924587000,-16940323000,-35.8125,-6.75,-32.6875
52973924587000,-16957335000,-36.0625,-7.0,-32.4375
52973924587000,-16974278000,-35.5625,-7.5,-32.6875
52973924587000,-16991184000,-35.8125,-7.75,-32.4375
52973924587000,-17007771000,-35.8125,-7.75,-32.1875
52973924587000,-17024934000,-35.5625,-7.75,-32.4375
52973924587000,-17041247000,-35.3125,-7.5,-32.1875
52973924587000,-17058101000,-35.0625,-8.0,-32.4375
52973924587000,-17074683000,-34.8125,-8.25,-32.6875
52973924587000,-17091597000,-34.8125,-8.9375,-32.6875
52973924587000,-17108429000,-34.3125,-9.4375,-32.4375
52973924587000,-17126441000,-34.0625,-9.4375,-32.4375
52973924587000,-17142435000,-34.5625,-9.1875,-32.1875
52973924587000,-17158920000,-34.3125,-8.75,-32.4375
52973924587000,-17175652000,-34.0625,-8.5,-32.6875
52973924587000,-17192321000,-33.875,-8.75,-32.4375
52973924587000,-17209227000,-32.875,-9.1875,-32.4375
52973924587000,-17225845000,-32.125,-9.4375,-32.1875
52973924587000,-17242961000,-31.375,-9.9375,-31.6875
52973924587000,-17259524000,-30.875,-10.1875,-31.1875
52973924587000,-17276185000,-30.1875,-10.4375,-30.9375
52973924587000,-17293297000,-30.625,-10.9375,-30.4375
52973924587000,-17310122000,-31.125,-11.4375,-30.6875
52973924587000,-17326736000,-31.125,-11.6875,-31.1875
52973924587000,-17344467000,-31.875,-11.6875,-31.1875
52973924587000,-17361232000,-31.625,-11.6875,-31.6875
52973924587000,-17378321000,-31.625,-11.6875,-31.6875
52973924587000,-17394706000,-31.875,-11.4375,-31.4375
52973924587000,-17411478000,-31.625,-11.9375,-31.4375
52973924587000,-17428438000,-32.125,-12.1875,-31.6875
52973924587000,-17445127000,-31.625,-12.1875,-31.6875
52973924587000,-17461690000,-31.375,-12.4375,-31.6875
52973924587000,-17478422000,-31.375,-12.4375,-31.4375
52973924587000,-17495674000,-30.625,-12.4375,-30.9375
52973924587000,-17512240000,-30.875,-12.1875,-30.4375
52973924587000,-17528860000,-30.625,-12.1875,-31.1875
52973924587000,-17545458000,-30.625,-12.1875,-31.4375
52973924587000,-17562336000,-30.1875,-12.1875,-31.4375
52973924587000,-17578955000,-29.9375,-12.1875,-31.9375
52973924587000,-17595655000,-29.6875,-12.4375,-31.1875
52973924587000,-17612531000,-28.6875,-12.1875,-30.9375
52973924587000,-17629231000,-28.6875,-12.1875,-30.9375
52973924587000,-17646070000,-28.9375,-12.625,-30.9375
52973924587000,-17662777000,-28.4375,-12.875,-31.1875
52973924587000,-17679426000,-28.6875,-12.625,-31.6875
52973924587000,-17696769000,-28.6875,-12.4375,-31.9375
52973924587000,-17713516000,-28.4375,-11.6875,-31.6875
52973924587000,-17730526000,-28.9375,-10.6875,-31.4375
52973924587000,-17747232000,-28.9375,-10.6875,-31.1875
52973924587000,-17763859000,-29.4375,-10.4375,-31.1875
52973924587000,-17780525000,-29.4375,-10.1875,-31.9375
52973924587000,-17797297000,-29.9375,-9.9375,-32.1875
52973924587000,-17814406000,-30.375,-9.9375,-32.1875
52973924587000,-17830775000,-30.625,-9.9375,-32.1875
52973924587000,-17847576000,-30.875,-9.6875,-31.9375
52973924587000,-17864423000,-30.375,-9.6875,-32.6875
52973924587000,-17881034000,-29.4375,-9.6875,-32.6875
52973924587000,-17897752000,-28.6875,-9.4375,-33.1875
52973924587000,-17914441000,-28.4375,-9.9375,-33.4375
52973924587000,-17931231000,-28.4375,-10.1875,-32.9375
52973924587000,-17948105000,-28.6875,-9.9375,-33.1875
52973924587000,-17965090000,-28.6875,-10.4375,-32.4375
52973924587000,-17981837000,-28.1875,-10.1875,-31.9375
52973924587000,-17998417000,-27.6875,-9.9375,-31.6875
52973924587000,-18015074000,-27.6875,-10.4375,-32.4375
52973924587000,-18031771000,-27.4375,-10.4375,-32.1875
52973924587000,-18048525000,-27.6875,-10.9375,-32.1875
52973924587000,-18065297000,-28.1875,-11.4375,-31.6875
52973924587000,-18082302000,-28.1875,-11.9375,-31.4375
52973924587000,-18099182000,-28.1875,-11.9375,-32.1875
52973924587000,-18115854000,-27.6875,-12.4375,-32.1875
52973924587000,-18132567000,-27.1875,-12.625,-32.9375
52973924587000,-18149334000,-26.9375,-12.4375,-32.9375
52973924587000,-18166109000,-26.75,-12.625,-32.9375
52973924587000,-18182748000,-26.75,-12.1875,-32.9375
52973924587000,-18199518000,-26.75,-12.1875,-32.4375
52973924587000,-18216510000,-27.4375,-12.1875,-32.1875
52973924587000,-18233211000,-27.6875,-12.4375,-32.1875
52973924587000,-18250389000,-27.6875,-13.125,-32.4375
52973924587000,-18267107000,-27.4375,-13.125,-32.4375
52973924587000,-18283466000,-26.9375,-13.375,-32.9375
52973924587000,-18300228000,-27.4375,-13.375,-33.1875
52973924587000,-18316925000,-27.4375,-13.375,-33.1875
52973924587000,-18333732000,-27.4375,-13.375,-33.6875
52973924587000,-18350674000,-27.4375,-13.375,-33.4375
52973924587000,-18367315000,-27.4375,-13.125,-33.4375
52973924587000,-18384428000,-27.1875,-12.625,-33.875
52973924587000,-18400855000,-27.1875,-12.4375,-34.125
52973924587000,-18417549000,-26.9375,-12.1875,-34.125
52973924587000,-18434375000,-26.25,-11.9375,-34.125
52973924587000,-18451101000,-26.25,-12.4375,-33.6875
52973924587000,-18467807000,-26.75,-12.4375,-33.1875
52973924587000,-18484546000,-26.5,-12.875,-33.4375
52973924587000,-18501513000,-26.0,-13.625,-33.875
52973924587000,-18518061000,-26.25,-13.375,-34.375
52973924587000,-18534887000,-25.75,-13.875,-34.875
52973924587000,-18551639000,-26.0,-13.625,-35.125
52973924587000,-18568680000,-26.25,-13.875,-35.125
52973924587000,-18585156000,-26.25,-13.625,-34.625
52973924587000,-18602070000,-26.25,-14.125,-34.625
52973924587000,-18618976000,-26.5,-13.875,-33.875
52973924587000,-18635891000,-26.9375,-13.375,-33.4375
52973924587000,-18652519000,-27.1875,-13.625,-34.125
52973924587000,-18669115000,-27.4375,-13.125,-33.875
52973924587000,-18685826000,-26.9375,-13.375,-34.375
52973924587000,-18702575000,-26.75,-13.625,-34.375
52973924587000,-18719641000,-26.75,-13.625,-34.375
52973924587000,-18736536000,-26.9375,-13.625,-34.875
52973924587000,-18753075000,-27.4375,-13.875,-34.625
52973924587000,-18769891000,-27.6875,-13.875,-35.125
52973924587000,-18786498000,-27.9375,-13.875,-34.625
52973924587000,-18803192000,-27.9375,-13.875,-34.875
52973924587000,-18820314000,-27.6875,-13.625,-35.625
52973924587000,-18836785000,-27.1875,-13.375,-35.375
52973924587000,-18853868000,-26.5,-13.625,-35.875
52973924587000,-18871123000,-26.5,-13.875,-35.875
52973924587000,-18887275000,-27.1875,-13.875,-35.875
52973924587000,-18904002000,-28.1875,-13.625,-36.125
52973924587000,-18920852000,-29.4375,-13.125,-36.375
52973924587000,-18937401000,-29.4375,-12.875,-36.625
52973924587000,-18954093000,-29.4375,-12.875,-36.375
52973924587000,-18971266000,-28.9375,-12.625,-36.625
52973924587000,-18987860000,-28.6875,-13.125,-36.375
52973924587000,-19004471000,-28.6875,-13.375,-36.125
52973924587000,-19021632000,-28.4375,-13.125,-36.625
52973924587000,-19037917000,-28.4375,-13.625,-36.375
52973924587000,-19054988000,-28.1875,-13.375,-36.375
52973924587000,-19071646000,-28.1875,-13.125,-36.125
52973924587000,-19088480000,-28.6875,-13.625,-35.625
52973924587000,-19104966000,-29.6875,-13.625,-35.875
52973924587000,-19121644000,-31.125,-13.875,-35.875
52973924587000,-19138576000,-32.375,-14.375,-35.875
52973924587000,-19155594000,-33.125,-14.875,-35.625
52973924587000,-19172409000,-33.625,-15.375,-35.375
52973924587000,-19189278000,-32.375,-15.625,-35.125
52973924587000,-19205909000,-32.125,-15.375,-35.625
52973924587000,-19222593000,-31.625,-15.125,-36.125
52973924587000,-19239336000,-31.375,-15.125,-36.375
52973924587000,-19256344000,-32.375,-15.125,-37.125
52973924587000,-19272911000,-32.375,-14.875,-36.875
52973924587000,-19289593000,-33.125,-14.875,-36.625
52973924587000,-19306316000,-33.125,-14.625,-36.625
52973924587000,-19323124000,-33.125,-14.375,-36.625
52973924587000,-19340147000,-32.875,-14.375,-37.125
52973924587000,-19357020000,-33.125,-14.125,-37.375
52973924587000,-19373824000,-33.375,-13.875,-37.5625
52973924587000,-19390755000,-33.625,-13.625,-37.8125
52973924587000,-19407384000,-34.0625,-13.625,-37.8125
52973924587000,-19424513000,-33.875,-13.125,-38.0625
52973924587000,-19440894000,-33.375,-13.125,-38.3125
52973924587000,-19457660000,-33.375,-12.875,-38.0625
52973924587000,-19474501000,-33.875,-13.125,-38.3125
52973924587000,-19491167000,-33.875,-13.125,-38.5625
52973924587000,-19507963000,-34.5625,-13.375,-38.5625
52973924587000,-19524814000,-34.3125,-13.875,-38.5625
52973924587000,-19541496000,-33.875,-13.625,-38.8125
52973924587000,-19558390000,-33.625,-13.875,-38.8125
52973924587000,-19575262000,-33.375,-13.375,-38.8125
52973924587000,-19591908000,-33.375,-12.875,-39.3125
52973924587000,-19608687000,-33.875,-13.125,-39.0625
52973924587000,-19625544000,-34.0625,-12.625,-39.5625
52973924587000,-19642508000,-33.625,-12.625,-40.0625
52973924587000,-19659018000,-33.875,-12.1875,-40.0625
52973924587000,-19675943000,-32.875,-11.1875,-40.3125
52973924587000,-19692607000,-32.125,-11.1875,-40.3125
52973924587000,-19709203000,-32.375,-11.1875,-40.3125
52973924587000,-19725984000,-32.125,-10.9375,-40.3125
52973924587000,-19742729000,-32.625,-10.9375,-40.3125
52973924587000,-19759445000,-33.125,-11.1875,-39.8125
52973924587000,-19776230000,-33.125,-10.9375,-39.8125
52973924587000,-19793274000,-33.125,-11.4375,-39.8125
52973924587000,-19809826000,-32.875,-10.9375,-40.5625
52973924587000,-19826533000,-32.375,-10.4375,-40.8125
52973924587000,-19843320000,-32.125,-9.4375,-40.8125
52973924587000,-19860273000,-31.625,-8.9375,-40.8125
52973924587000,-19876959000,-31.375,-8.75,-40.5625
52973924587000,-19893843000,-31.375,-8.5,-40.5625
52973924587000,-19910565000,-31.375,-8.5,-40.3125
52973924587000,-19927527000,-30.875,-8.5,-40.3125
52973924587000,-19944461000,-30.875,-8.5,-40.3125
52973924587000,-19961056000,-30.375,-8.25,-39.8125
52973924587000,-19978053000,-30.375,-8.0,-39.8125
52973924587000,-19994480000,-30.1875,-7.5,-40.0625
52973924587000,-20011076000,-29.1875,-7.25,-39.8125
52973924587000,-20028255000,-29.1875,-6.5,-40.3125
52973924587000,-20044928000,-27.9375,-6.0,-40.3125
52973924587000,-20061898000,-27.6875,-5.5,-40.3125
52973924587000,-20078708000,-27.4375,-5.5,-40.3125
52973924587000,-20095478000,-27.1875,-5.75,-40.3125
52973924587000,-20112395000,-27.4375,-5.75,-40.3125
52973924587000,-20128823000,-27.1875,-5.5,-39.8125
52973924587000,-20145559000,-27.4375,-5.75,-39.3125
52973924587000,-20162281000,-27.1875,-5.5,-39.0625
52973924587000,-20179054000,-27.1875,-5.75,-38.5625
52973924587000,-20195932000,-26.9375,-6.0,-38.8125
52973924587000,-20212542000,-26.75,-5.3125,-39.3125
52973924587000,-20229266000,-26.5,-5.5,-39.5625
52973924587000,-20245995000,-26.25,-5.3125,-39.8125
52973924587000,-20262868000,-26.25,-5.5,-39.3125
52973924587000,-20279509000,-26.5,-6.25,-38.5625
52973924587000,-20296223000,-26.25,-6.25,-38.5625
52973924587000,-20313072000,-26.0,-6.75,-38.5625
52973924587000,-20330054000,-26.25,-7.0,-38.8125
52973924587000,-20346936000,-26.25,-7.0,-38.8125
52973924587000,-20363660000,-26.25,-7.25,-38.3125
52973924587000,-20380471000,-26.5,-7.75,-38.0625
52973924587000,-20396952000,-26.5,-8.25,-37.375
52973924587000,-20413681000,-26.25,-8.5,-36.875
52973924587000,-20430437000,-26.75,-9.1875,-36.375
52973924587000,-20447336000,-26.5,-9.4375,-36.375
52973924587000,-20463913000,-26.5,-9.6875,-36.875
52973924587000,-20480620000,-26.25,-9.9375,-36.875
52973924587000,-20497543000,-25.5,-10.1875,-37.125
52973924587000,-20514632000,-25.5,-10.6875,-37.5625
52973924587000,-20530875000,-25.0,-10.9375,-37.5625
52973924587000,-20547685000,-24.5,-11.6875,-38.3125
52973924587000,-20564540000,-24.25,-11.4375,-38.5625
52973924587000,-20581202000,-24.0,-11.4375,-38.0625
52973924587000,-20598330000,-24.0,-11.1875,-37.5625
52973924587000,-20614888000,-24.75,-10.6875,-37.125
52973924587000,-20631429000,-24.25,-10.9375,-36.875
52973924587000,-20648153000,-24.25,-11.1875,-36.375
52973924587000,-20664950000,-24.0,-11.6875,-36.875
52973924587000,-20682357000,-22.8125,-12.4375,-37.125
52973924587000,-20699146000,-22.8125,-12.625,-37.5625
52973924587000,-20715898000,-22.3125,-12.4375,-37.5625
52973924587000,-20733173000,-21.8125,-12.875,-37.375
52973924587000,-20749585000,-22.3125,-13.125,-37.5625
52973924587000,-20766571000,-22.5625,-13.375,-37.125
52973924587000,-20783093000,-22.5625,-13.375,-37.8125
52973924587000,-20799709000,-22.8125,-13.125,-38.0625
52973924587000,-20816565000,-23.0625,-12.875,-37.5625
52973924587000,-20833450000,-23.5,-12.625,-38.0625
52973924587000,-20850028000,-24.0,-13.125,-37.8125
52973924587000,-20866934000,-24.5,-13.125,-37.5625
52973924587000,-20883480000,-24.25,-12.625,-37.8125
52973924587000,-20900306000,-24.0,-12.875,-37.5625
52973924587000,-20917760000,-23.5,-13.125,-37.8125
52973924587000,-20934448000,-22.8125,-13.125,-38.0625
52973924587000,-20951254000,-23.0625,-13.625,-38.3125
52973924587000,-20968042000,-22.8125,-13.375,-38.3125
52973924587000,-20984646000,-22.8125,-13.375,-37.8125
52973924587000,-21001408000,-22.5625,-13.375,-37.8125
52973924587000,-21018347000,-22.3125,-13.625,-37.375
52973924587000,-21034886000,-22.3125,-14.125,-37.8125
52973924587000,-21052144000,-22.0625,-14.125,-38.3125
52973924587000,-21068570000,-22.0625,-13.875,-38.3125
52973924587000,-21085455000,-21.5625,-13.625,-38.8125
52973924587000,-21102214000,-21.3125,-12.875,-38.0625
52973924587000,-21119054000,-21.5625,-12.1875,-38.0625
52973924587000,-21135807000,-21.8125,-11.9375,-38.0625
52973924587000,-21152887000,-22.3125,-11.4375,-37.8125
52973924587000,-21169511000,-22.8125,-11.4375,-38.5625
52973924587000,-21186149000,-23.25,-11.4375,-38.0625
52973924587000,-21202710000,-23.5,-11.4375,-38.0625
52973924587000,-21219470000,-23.5,-11.4375,-38.3125
52973924587000,-21236330000,-22.8125,-11.6875,-37.8125
52973924587000,-21252983000,-22.3125,-11.9375,-38.0625
52973924587000,-21269787000,-21.8125,-11.6875,-37.8125
52973924587000,-21286620000,-21.5625,-12.1875,-37.8125
52973924587000,-21303348000,-21.8125,-12.1875,-37.8125
52973924587000,-21320102000,-21.8125,-11.9375,-37.8125
52973924587000,-21336836000,-21.8125,-12.1875,-38.3125
52973924587000,-21353646000,-21.5625,-11.6875,-38.0625
52973924587000,-21370218000,-21.5625,-11.9375,-38.3125
52973924587000,-21387100000,-21.8125,-12.625,-38.0625
52973924587000,-21403765000,-22.3125,-13.625,-37.8125
52973924587000,-21420612000,-22.8125,-14.125,-37.8125
52973924587000,-21437519000,-22.8125,-14.375,-37.5625
52973924587000,-21453931000,-22.5625,-14.125,-37.8125
52973924587000,-21470728000,-22.3125,-13.875,-37.5625
52973924587000,-21487845000,-21.5625,-14.375,-37.5625
52973924587000,-21504651000,-21.8125,-14.625,-37.5625
52973924587000,-21521680000,-21.5625,-14.875,-37.375
52973924587000,-21538852000,-22.3125,-15.375,-37.5625
52973924587000,-21556171000,-22.5625,-14.875,-37.5625
52973924587000,-21572839000,-22.5625,-14.625,-37.375
52973924587000,-21589504000,-23.0625,-14.375,-37.125
52973924587000,-21606300000,-22.5625,-13.625,-37.125
52973924587000,-21623467000,-22.5625,-13.625,-36.875
52973924587000,-21639882000,-22.5625,-13.625,-37.375
52973924587000,-21656482000,-22.0625,-14.125,-37.8125
52973924587000,-21673185000,-22.8125,-14.625,-37.8125
52973924587000,-21689916000,-22.8125,-15.375,-37.8125
52973924587000,-21706775000,-23.25,-16.0625,-37.5625
52973924587000,-21723426000,-23.5,-16.5625,-37.8125
52973924587000,-21740451000,-22.3125,-16.8125,-37.5625
52973924587000,-21757341000,-21.5625,-17.0625,-38.0625
52973924587000,-21774574000,-20.8125,-16.5625,-38.3125
52973924587000,-21791342000,-19.8125,-16.3125,-38.0625
52973924587000,-21807994000,-20.3125,-16.3125,-38.5625
52973924587000,-21824706000,-21.0625,-16.0625,-38.5625
52973924587000,-21841434000,-20.8125,-16.3125,-38.3125
52973924587000,-21858179000,-21.3125,-16.3125,-38.5625
52973924587000,-21874977000,-20.0625,-16.8125,-38.0625
52973924587000,-21891643000,-19.8125,-16.8125,-37.5625
52973924587000,-21908693000,-19.8125,-16.8125,-38.3125
52973924587000,-21925417000,-20.0625,-16.8125,-38.0625
52973924587000,-21941982000,-20.5625,-16.3125,-38.5625
52973924587000,-21959004000,-20.0625,-16.3125,-39.5625
52973924587000,-21975705000,-19.625,-16.0625,-39.0625
52973924587000,-21992320000,-19.125,-16.0625,-39.5625
52973924587000,-22009256000,-19.375,-15.875,-39.5625
52973924587000,-22026106000,-19.625,-15.625,-38.8125
52973924587000,-22042697000,-19.8125,-15.375,-39.3125
52973924587000,-22059329000,-19.625,-15.375,-39.0625
52973924587000,-22076053000,-19.375,-15.625,-39.0625
52973924587000,-22092806000,-19.625,-15.625,-39.3125
52973924587000,-22109665000,-19.625,-16.0625,-38.8125
52973924587000,-22126521000,-20.0625,-15.375,-39.0625
52973924587000,-22143113000,-20.8125,-15.125,-39.0625
52973924587000,-22160037000,-20.8125,-15.375,-39.0625
52973924587000,-22176536000,-21.0625,-15.125,-39.3125
52973924587000,-22194029000,-21.0625,-15.375,-39.5625
52973924587000,-22210744000,-21.0625,-14.875,-39.8125
52973924587000,-22227300000,-20.8125,-14.625,-39.8125
52973924587000,-22243995000,-20.3125,-14.375,-39.8125
52973924587000,-22260880000,-19.625,-14.625,-39.5625
52973924587000,-22277700000,-19.125,-15.375,-39.5625
52973924587000,-22294502000,-19.375,-15.125,-40.0625
52973924587000,-22311042000,-20.0625,-15.125,-40.0625
52973924587000,-22327766000,-20.8125,-15.125,-40.0625
52973924587000,-22344799000,-20.3125,-14.875,-40.0625
52973924587000,-22361826000,-20.0625,-14.875,-39.8125
52973924587000,-22378917000,-19.375,-14.625,-40.0625
52973924587000,-22395734000,-19.375,-14.125,-40.3125
52973924587000,-22412597000,-19.625,-13.875,-40.5625
52973924587000,-22429426000,-19.375,-13.875,-40.8125
52973924587000,-22446089000,-19.625,-14.625,-40.8125
52973924587000,-22464046000,-19.625,-14.625,-40.8125
52973924587000,-22479973000,-19.8125,-14.875,-40.8125
52973924587000,-22496859000,-20.0625,-14.875,-41.0625
52973924587000,-22513465000,-20.0625,-14.875,-41.0625
52973924587000,-22530153000,-19.625,-15.375,-40.8125
52973924587000,-22546853000,-19.625,-15.875,-40.8125
52973924587000,-22563644000,-20.0625,-16.0625,-40.8125
52973924587000,-22580351000,-19.8125,-16.3125,-40.5625
52973924587000,-22597273000,-20.3125,-16.3125,-40.5625
52973924587000,-22613956000,-19.8125,-16.3125,-40.3125
52973924587000,-22630552000,-19.125,-17.0625,-39.5625
52973924587000,-22647348000,-19.375,-17.0625,-39.5625
52973924587000,-22664199000,-19.375,-17.5625,-39.3125
52973924587000,-22680844000,-20.0625,-17.5625,-39.3125
52973924587000,-22697589000,-20.8125,-17.5625,-39.5625
52973924587000,-22714628000,-21.3125,-17.5625,-39.0625
52973924587000,-22731278000,-21.3125,-18.0625,-38.8125
52973924587000,-22747871000,-21.3125,-18.3125,-38.5625
52973924587000,-22764546000,-21.8125,-18.8125,-38.0625
52973924587000,-22781350000,-21.3125,-18.8125,-38.3125
52973924587000,-22798055000,-21.0625,-18.3125,-39.0625
52973924587000,-22815403000,-21.0625,-18.5625,-39.3125
52973924587000,-22831810000,-19.8125,-18.0625,-39.8125
52973924587000,-22848795000,-19.8125,-18.5625,-40.0625
52973924587000,-22865725000,-20.3125,-18.5625,-40.3125
52973924587000,-22882504000,-20.0625,-18.3125,-40.5625
52973924587000,-22898896000,-21.0625,-18.3125,-40.3125
52973924587000,-22915869000,-20.8125,-17.8125,-40.3125
52973924587000,-22932349000,-20.8125,-18.0625,-40.0625
52973924587000,-22949129000,-21.3125,-17.8125,-39.8125
52973924587000,-22965998000,-21.0625,-17.5625,-40.0625
52973924587000,-22988557000,-21.3125,-17.5625,-40.0625
52973924587000,-23006541000,-21.5625,-16.8125,-39.8125
52973924587000,-23023292000,-20.8125,-16.5625,-39.8125
52973924587000,-23039921000,-21.3125,-16.3125,-39.8125
52973924587000,-23056622000,-21.3125,-16.0625,-40.0625
52973924587000,-23073619000,-20.8125,-16.0625,-40.0625
52973924587000,-23090215000,-21.3125,-15.625,-40.3125
52973924587000,-23107383000,-20.5625,-15.625,-40.5625
52973924587000,-23123624000,-20.5625,-14.625,-40.5625
52973924587000,-23140449000,-20.8125,-14.625,-40.8125
52973924587000,-23157214000,-20.8125,-14.875,-40.8125
52973924587000,-23174050000,-21.0625,-14.625,-41.0625
52973924587000,-23190619000,-22.0625,-15.375,-41.0625
52973924587000,-23207534000,-21.5625,-15.875,-41.0625
52973924587000,-23224220000,-21.5625,-15.875,-41.25
52973924587000,-23240797000,-21.3125,-15.875,-41.0625
52973924587000,-23257564000,-20.8125,-15.875,-41.0625
52973924587000,-23274416000,-21.0625,-15.875,-40.8125
52973924587000,-23291111000,-21.3125,-15.875,-40.5625
52973924587000,-23307720000,-21.3125,-16.0625,-40.5625
52973924587000,-23324684000,-21.3125,-16.8125,-40.3125
52973924587000,-23341540000,-21.3125,-16.3125,-40.3125
52973924587000,-23358052000,-20.8125,-16.5625,-40.0625
52973924587000,-23374644000,-21.0625,-16.3125,-40.0625
52973924587000,-23391367000,-21.0625,-15.875,-40.0625
52973924587000,-23408126000,-21.0625,-16.3125,-40.8125
52973924587000,-23425226000,-20.8125,-16.5625,-41.0625
52973924587000,-23441842000,-20.0625,-16.8125,-41.0625
52973924587000,-23459032000,-19.625,-17.0625,-41.25
52973924587000,-23475496000,-19.375,-17.0625,-40.5625
52973924587000,-23491947000,-19.8125,-16.5625,-40.3125
52973924587000,-23508616000,-19.8125,-16.3125,-40.5625
52973924587000,-23525382000,-20.0625,-16.0625,-40.5625
52973924587000,-23542219000,-20.3125,-15.625,-40.8125
52973924587000,-23559539000,-20.3125,-15.375,-41.25
52973924587000,-23575865000,-20.8125,-15.375,-40.8125
52973924587000,-23592617000,-20.8125,-14.625,-40.8125
52973924587000,-23609250000,-20.8125,-14.375,-41.25
52973924587000,-23625887000,-20.5625,-14.375,-41.5
52973924587000,-23642577000,-20.5625,-14.125,-41.75
52973924587000,-23659357000,-20.3125,-14.375,-41.5
52973924587000,-23676178000,-20.3125,-14.625,-41.25
52973924587000,-23693337000,-20.0625,-14.375,-40.3125
52973924587000,-23709867000,-20.0625,-14.375,-40.3125
52973924587000,-23726513000,-20.3125,-14.875,-40.8125
52973924587000,-23743206000,-20.3125,-14.875,-40.5625
52973924587000,-23759921000,-20.5625,-15.375,-41.25
52973924587000,-23777373000,-20.5625,-15.375,-41.0625
52973924587000,-23793991000,-21.0625,-15.125,-40.3125
52973924587000,-23811013000,-21.8125,-15.375,-40.0625
52973924587000,-23827759000,-22.5625,-15.875,-39.5625
52973924587000,-23844672000,-23.75,-16.5625,-39.0625
52973924587000,-23861772000,-24.75,-17.3125,-38.8125
52973924587000,-23878159000,-24.5,-18.0625,-37.8125
52973924587000,-23895175000,-24.75,-18.3125,-37.375
52973924587000,-23912170000,-24.0,-18.3125,-37.375
52973924587000,-23928522000,-23.5,-18.8125,-37.125
52973924587000,-23945232000,-24.25,-18.5625,-37.375
52973924587000,-23961976000,-24.0,-18.8125,-37.375
52973924587000,-23978869000,-24.5,-19.0625,-37.375
52973924587000,-23995896000,-24.5,-19.0625,-37.5625
52973924587000,-24013214000,-24.0,-19.3125,-38.5625
52973924587000,-24030005000,-23.75,-19.3125,-38.3125
52973924587000,-24046749000,-23.5,-19.75,-38.8125
52973924587000,-24063253000,-23.75,-19.5625,-38.8125
52973924587000,-24080011000,-23.75,-19.75,-37.8125
52973924587000,-24096870000,-24.0,-19.5625,-38.0625
52973924587000,-24113670000,-24.0,-19.3125,-37.375
52973924587000,-24130543000,-23.75,-19.5625,-37.5625
52973924587000,-24147303000,-23.75,-19.5625,-37.8125
52973924587000,-24164663000,-23.75,-20.0,-37.8125
52973924587000,-24181241000,-24.25,-20.25,-38.3125
52973924587000,-24197517000,-24.25,-19.75,-37.8125
52973924587000,-24214233000,-24.5,-19.5625,-37.8125
52973924587000,-24231264000,-24.75,-19.5625,-38.0625
52973924587000,-24248236000,-25.25,-19.5625,-38.0625
52973924587000,-24265261000,-25.25,-19.75,-38.3125
52973924587000,-24281679000,-25.25,-19.75,-38.3125
52973924587000,-24298909000,-25.5,-19.3125,-38.0625
52973924587000,-24315160000,-25.5,-19.0625,-37.8125
52973924587000,-24332183000,-25.5,-18.8125,-37.8125
52973924587000,-24348786000,-26.25,-18.8125,-37.5625
52973924587000,-24365419000,-26.0,-18.8125,-37.8125
52973924587000,-24382160000,-25.75,-18.8125,-37.8125
52973924587000,-24399259000,-26.25,-18.8125,-37.8125
52973924587000,-24415963000,-26.0,-19.0625,-38.0625
52973924587000,-24432774000,-25.5,-19.5625,-37.5625
52973924587000,-24449481000,-24.75,-19.3125,-37.8125
52973924587000,-24466751000,-24.0,-19.5625,-37.8125
52973924587000,-24483615000,-23.25,-19.5625,-38.3125
52973924587000,-24500012000,-23.25,-19.3125,-38.5625
52973924587000,-24516752000,-23.25,-19.5625,-38.5625
52973924587000,-24533647000,-23.25,-19.75,-38.8125
52973924587000,-24550159000,-23.75,-19.3125,-38.5625
52973924587000,-24567070000,-23.75,-18.8125,-38.3125
52973924587000,-24583796000,-23.75,-18.5625,-38.8125
52973924587000,-24600969000,-24.0,-18.5625,-38.8125
52973924587000,-24617349000,-23.5,-18.5625,-38.5625
52973924587000,-24634240000,-23.25,-18.8125,-39.3125
52973924587000,-24650871000,-23.75,-18.5625,-38.8125
52973924587000,-24667586000,-24.0,-17.5625,-39.3125
52973924587000,-24685534000,-25.0,-17.0625,-39.3125
52973924587000,-24701425000,-25.25,-16.8125,-39.0625
52973924587000,-24718051000,-25.25,-16.8125,-39.3125
52973924587000,-24735080000,-25.5,-17.0625,-38.5625
52973924587000,-24751590000,-25.25,-17.3125,-38.8125
52973924587000,-24768384000,-25.75,-17.5625,-39.0625
52973924587000,-24784958000,-26.25,-17.3125,-39.0625
52973924587000,-24801782000,-26.5,-17.5625,-39.8125
52973924587000,-24818451000,-26.5,-17.0625,-40.0625
52973924587000,-24835148000,-26.9375,-16.5625,-39.8125
52973924587000,-24852242000,-26.5,-16.8125,-39.8125
52973924587000,-24868852000,-26.25,-16.3125,-39.5625
52973924587000,-24886024000,-26.5,-16.5625,-39.0625
52973924587000,-24902225000,-26.9375,-16.8125,-39.0625
52973924587000,-24919672000,-26.9375,-16.3125,-38.5625
52973924587000,-24936409000,-26.9375,-16.5625,-38.8125
52973924587000,-24953150000,-26.5,-16.3125,-39.0625
52973924587000,-24969904000,-26.0,-16.5625,-39.3125
52973924587000,-24987250000,-26.0,-17.0625,-39.3125
52973924587000,-25003969000,-26.25,-16.8125,-39.3125
52973924587000,-25020588000,-26.5,-17.3125,-39.3125
52973924587000,-25037253000,-26.0,-16.5625,-38.8125
52973924587000,-25053998000,-26.0,-16.3125,-39.3125
52973924587000,-25070794000,-25.25,-16.3125,-39.0625
52973924587000,-25087725000,-24.5,-15.625,-39.0625
52973924587000,-25104344000,-24.0,-15.875,-39.0625
52973924587000,-25121405000,-23.5,-15.375,-39.0625
52973924587000,-25137827000,-23.5,-14.875,-38.8125
52973924587000,-25154673000,-23.25,-14.875,-39.3125
52973924587000,-25171315000,-23.75,-14.875,-39.5625
52973924587000,-25188390000,-24.0,-15.375,-39.5625
52973924587000,-25204811000,-24.0,-15.875,-40.0625
52973924587000,-25221597000,-24.25,-15.875,-39.8125
52973924587000,-25238317000,-23.75,-15.625,-39.8125
52973924587000,-25255163000,-23.75,-15.625,-39.3125
52973924587000,-25272042000,-23.25,-15.625,-39.0625
52973924587000,-25288647000,-23.0625,-15.625,-38.8125
52973924587000,-25305414000,-23.0625,-15.875,-39.0625
52973924587000,-25322167000,-23.25,-15.625,-39.8125
52973924587000,-25338921000,-23.0625,-15.625,-39.5625
52973924587000,-25355760000,-23.0625,-16.3125,-39.5625
52973924587000,-25372460000,-23.0625,-16.8125,-39.3125
52973924587000,-25389211000,-22.0625,-17.0625,-39.0625
52973924587000,-25405844000,-22.3125,-17.3125,-39.0625
52973924587000,-25422869000,-22.3125,-17.0625,-38.5625
52973924587000,-25439490000,-21.8125,-16.8125,-38.5625
52973924587000,-25456211000,-22.0625,-16.8125,-38.5625
52973924587000,-25473223000,-22.0625,-16.5625,-38.5625
52973924587000,-25490312000,-21.8125,-16.8125,-39.3125
52973924587000,-25506493000,-22.5625,-16.8125,-39.3125
52973924587000,-25523248000,-22.5625,-16.8125,-39.3125
52973924587000,-25540356000,-23.0625,-17.0625,-39.8125
52973924587000,-25556673000,-24.0,-16.8125,-40.0625
52973924587000,-25573363000,-24.75,-16.5625,-40.0625
52973924587000,-25590135000,-25.0,-16.5625,-40.0625
52973924587000,-25607050000,-24.5,-16.8125,-39.8125
52973924587000,-25623855000,-23.5,-17.3125,-39.0625
52973924587000,-25640371000,-22.8125,-17.5625,-39.3125
52973924587000,-25657063000,-23.0625,-18.0625,-39.8125
52973924587000,-25673987000,-22.8125,-17.8125,-39.5625
52973924587000,-25690698000,-23.0625,-17.5625,-39.8125
52973924587000,-25707267000,-22.8125,-18.0625,-40.0625
52973924587000,-25724359000,-22.0625,-17.8125,-39.3125
52973924587000,-25740992000,-22.5625,-17.8125,-39.5625
52973924587000,-25757601000,-22.3125,-17.8125,-39.5625
52973924587000,-25774313000,-22.5625,-17.3125,-39.0625
52973924587000,-25790942000,-23.0625,-17.5625,-39.0625
52973924587000,-25807903000,-23.0625,-17.5625,-39.0625
52973924587000,-25824781000,-23.25,-17.5625,-39.0625
52973924587000,-25841713000,-22.8125,-17.8125,-39.0625
52973924587000,-25858226000,-22.8125,-17.5625,-39.3125
52973924587000,-25876080000,-22.5625,-17.5625,-39.0625
52973924587000,-25892156000,-23.0625,-17.5625,-39.5625
52973924587000,-25908981000,-23.5,-16.8125,-39.5625
52973924587000,-25925556000,-23.5,-16.8125,-39.5625
52973924587000,-25942519000,-24.25,-16.5625,-40.0625
52973924587000,-25959485000,-24.25,-16.5625,-39.8125
52973924587000,-25975774000,-24.5,-17.0625,-40.3125
52973924587000,-25992652000,-24.0,-17.3125,-40.3125
52973924587000,-26009346000,-23.75,-17.5625,-39.8125
52973924587000,-26026426000,-23.0625,-17.5625,-39.3125
52973924587000,-26042797000,-22.5625,-17.5625,-38.8125
52973924587000,-26059502000,-22.8125,-17.0625,-38.8125
52973924587000,-26076254000,-22.3125,-16.8125,-38.5625
52973924587000,-26093184000,-23.0625,-16.5625,-39.3125
52973924587000,-26110070000,-23.0625,-16.5625,-39.0625
52973924587000,-26126934000,-23.5,-16.8125,-39.0625
52973924587000,-26143468000,-24.25,-17.0625,-39.5625
52973924587000,-26160132000,-24.0,-17.3125,-38.8125
52973924587000,-26177110000,-24.0,-16.8125,-39.0625
52973924587000,-26193653000,-23.75,-16.8125,-38.8125
52973924587000,-26210356000,-23.25,-16.8125,-38.5625
52973924587000,-26227743000,-22.8125,-17.0625,-38.8125
52973924587000,-26244265000,-23.75,-18.3125,-38.8125
52973924587000,-26261158000,-24.75,-18.5625,-38.8125
52973924587000,-26277721000,-24.5,-19.0625,-38.5625
52973924587000,-26294387000,-25.25,-19.0625,-38.8125
52973924587000,-26311099000,-24.75,-18.3125,-38.8125
52973924587000,-26327876000,-24.0,-18.3125,-38.8125
52973924587000,-26344624000,-24.0,-18.0625,-39.0625
52973924587000,-26361601000,-24.25,-18.0625,-38.5625
52973924587000,-26378424000,-23.75,-18.3125,-39.0625
52973924587000,-26395640000,-23.5,-18.0625,-38.8125
52973924587000,-26411980000,-24.0,-18.3125,-39.0625
52973924587000,-26429070000,-23.75,-18.5625,-39.0625
52973924587000,-26445486000,-24.25,-18.0625,-38.8125
52973924587000,-26462258000,-24.25,-18.0625,-38.8125
52973924587000,-26478875000,-24.25,-18.0625,-38.3125
52973924587000,-26495626000,-24.0,-18.0625,-38.3125
52973924587000,-26512608000,-23.75,-19.0625,-37.8125
52973924587000,-26529181000,-23.75,-19.3125,-37.5625
52973924587000,-26545857000,-23.25,-19.0625,-37.5625
52973924587000,-26562669000,-23.5,-18.8125,-37.8125
52973924587000,-26579311000,-23.5,-18.3125,-37.5625
52973924587000,-26596130000,-23.75,-18.8125,-38.3125
52973924587000,-26612850000,-23.5,-19.0625,-38.3125
52973924587000,-26629722000,-23.25,-19.3125,-38.3125
52973924587000,-26646336000,-23.25,-19.5625,-38.5625
52973924587000,-26663131000,-22.8125,-19.3125,-38.3125
52973924587000,-26680557000,-23.5,-19.3125,-38.3125
52973924587000,-26696973000,-23.0625,-18.8125,-38.3125
52973924587000,-26713628000,-23.0625,-18.8125,-38.3125
52973924587000,-26730449000,-23.25,-18.5625,-38.0625
52973924587000,-26747120000,-23.0625,-18.5625,-38.5625
52973924587000,-26764137000,-23.75,-18.8125,-38.3125
52973924587000,-26780762000,-23.75,-18.8125,-38.8125
52973924587000,-26798002000,-23.75,-19.0625,-39.0625
52973924587000,-26814144000,-24.0,-19.0625,-38.8125
52973924587000,-26830866000,-23.5,-19.3125,-39.0625
52973924587000,-26847683000,-23.25,-19.5625,-38.8125
52973924587000,-26865098000,-23.0625,-19.5625,-38.8125
52973924587000,-26881521000,-22.5625,-19.5625,-38.8125
52973924587000,-26898367000,-22.8125,-19.3125,-38.5625
52973924587000,-26915480000,-23.5,-19.0625,-38.5625
52973924587000,-26933108000,-24.0,-19.0625,-38.3125
52973924587000,-26948608000,-24.5,-19.0625,-38.3125
52973924587000,-26965467000,-24.5,-19.3125,-38.5625
52973924587000,-26982172000,-24.25,-19.0625,-39.0625
