35799251679000,-4503848000,-0.57457614,-0.55542326,0.7469492
35799232122000,19557000,0.0,0.0,0.0
35799329918000,-97796000,0.024288923,-0.66383314,-0.062200546
35799310335000,19583000,0.11751984,-0.43756342,-0.71139574
35799290773000,19562000,0.17338997,-0.32454967,-0.4799924
35799271352000,19421000,-0.30619586,-0.44027185,0.057139397
35799408113000,-136761000,-0.8022954,-0.9453354,0.3889017
35799388828000,19285000,-0.82613236,-0.9623318,0.62183094
35799369005000,19823000,-0.23663872,-0.9749279,1.198309
35799349426000,19579000,0.065931216,-1.1177268,1.0850534
35799486485000,-137059000,0.24469253,-1.2416327,0.45971107
35799466968000,19517000,0.61749804,-1.2245848,0.76412296
35799447266000,19702000,0.49368197,-1.1631069,0.8343439
35799427646000,19620000,-0.22210121,-1.0762892,0.63242626
35799564696000,-137050000,0.85714334,-1.0790226,0.95997715
35799545065000,19631000,0.61987114,-1.1035998,1.0708952
35799525540000,19525000,-0.17462876,-0.9891362,0.8139267
35799506292000,19248000,-0.01262182,-1.0223951,0.47614384
35799584145000,-77853000,0.7280617,-0.95473886,0.4432497
35799603758000,-19613000,0.5382049,-0.75055504,0.38276672
35799623826000,-20068000,0.32489043,-0.6968148,0.24244022
35799642746000,-18920000,0.45203573,-0.623482,0.3305254
35799662264000,-19518000,0.1912909,-0.473495,0.6475134
35799681855000,-19591000,0.2898361,-0.42032003,0.7537966
35799701388000,-19533000,0.5950178,-0.36935806,0.36283588
35799720940000,-19552000,0.87762827,-0.34077334,0.011416435
35799740891000,-19951000,0.7165952,-0.1245985,-0.31928444
35799760030000,-19139000,0.34261078,-0.104949,-0.24522114
35799779574000,-19544000,0.23451783,-0.20564604,0.08108425
35799799171000,-19597000,-0.028638527,-0.27384162,0.21992016
35799818675000,-19504000,0.013598844,-0.17559242,0.2675867
35799838218000,-19543000,-0.19330151,-0.025687933,0.5497894
35799858210000,-19992000,-0.3227675,-0.053714037,-0.08296871
35799877330000,-19120000,-0.22013602,-0.08676362,-0.17573261
35799896866000,-19536000,-0.24829781,-0.047841072,-0.30359554
35799916425000,-19559000,-0.34882838,-0.032205343,-0.12213516
35799935986000,-19561000,-0.5018314,-0.17338085,-0.16781902
35799955529000,-19543000,-0.5726956,-0.08770704,0.018930435
35799975524000,-19995000,-0.67576295,-0.19600177,-0.1174078
35799994639000,-19115000,-0.5813726,-0.22937083,-0.28992748
35800014176000,-19537000,-0.67220485,-0.09146404,-0.5944996
35800033722000,-19546000,-0.6035467,0.0076038837,-0.9162388
35800053274000,-19552000,-0.6437826,-0.08494973,-0.87181664
35800072811000,-19537000,-0.56348926,0.014223576,-0.7479992
35800092715000,-19904000,-0.30549872,-0.020332336,-0.7163372
35800111923000,-19208000,-0.56068325,0.29016232,-0.68085
35800131496000,-19573000,-0.60174924,0.27520466,-0.77498436
35800151018000,-19522000,-0.71692425,0.45159125,-1.0752239
35800170603000,-19585000,-1.0218173,0.45487714,-1.0834713
35800190111000,-19508000,-1.0955622,0.45680404,-1.0487518
35800210242000,-20131000,-1.1485729,0.59065485,-0.39591312
35800229335000,-19093000,-1.1047742,0.4538002,0.26082134
35800248782000,-19447000,-1.193334,0.5244286,0.7103367
35800268312000,-19530000,-1.088132,0.47652292,0.9319248
35800287914000,-19602000,-0.5972003,0.57801867,0.82748413
35800307410000,-19496000,-0.29512858,0.5799632,0.37507725
35800327009000,-19599000,-0.028934777,0.8463056,0.37660122
35800346506000,-19497000,-0.02945894,0.70686436,0.40871143
35800366102000,-19596000,0.18086714,0.8320608,0.450984
35800385608000,-19506000,0.48542017,0.97305703,0.21564579
35800405227000,-19619000,0.5377079,0.8999891,0.08579922
35800424859000,-19632000,1.1594731,1.0342641,0.023854256
35800444334000,-19475000,1.2379328,1.2036242,0.14609432
35800463807000,-19473000,0.9628019,1.1398559,0.24333858
35800483363000,-19556000,0.8687215,1.2450047,0.6810131
35800502900000,-19537000,0.45661032,1.1742105,1.2689228
35800522492000,-19592000,0.4155935,1.2529473,2.0269232
35800541999000,-19507000,0.40149534,0.90670013,2.4760733
35800561617000,-19618000,0.549446,0.6718178,2.5768366
35800581092000,-19475000,0.47820544,0.43402004,2.404006
35800600641000,-19549000,0.7258005,-0.054905415,1.9935331
35800620338000,-19697000,1.198084,-0.54473114,1.6304941
35800639772000,-19434000,1.3221542,-0.8992579,1.1225901
35800659288000,-19516000,1.2903485,-1.135365,0.5652504
35800678839000,-19551000,1.3137047,-1.5376728,0.055274963
35800698421000,-19582000,1.4305174,-1.7394094,-0.29012966
35800717942000,-19521000,1.1043514,-2.0059521,-0.18019295
35800737800000,-19858000,0.7560433,-2.1045706,0.17784214
35800757061000,-19261000,0.4628613,-2.1487648,0.3480072
35800776606000,-19545000,0.6845474,-2.3088298,0.811985
35800796193000,-19587000,0.88553965,-2.392202,0.2503147
35800815709000,-19516000,0.8944354,-2.2455363,-1.0867901
35800835263000,-19554000,0.9801402,-1.8691142,-2.2408166
35800854931000,-19668000,1.0473671,-1.627698,-2.6167364
35800874361000,-19430000,0.90507936,-1.3706784,-2.3468213
35800893938000,-19577000,0.61073613,-1.0811193,-1.5051918
35800913464000,-19526000,0.45176423,-0.8965275,-1.7945786
35800933042000,-19578000,0.42832732,-0.76299024,-2.5050435
35800952534000,-19492000,0.52168214,-0.4355166,-3.0618167
35800972125000,-19591000,0.3108287,-0.1858244,-3.158239
35800991662000,-19537000,0.10271323,0.34633636,-3.1010947
35801011219000,-19557000,0.051040977,0.48727608,-2.737423
35801030764000,-19545000,0.022277117,0.92345047,-2.489358
35801050351000,-19587000,0.055263937,1.1349719,-2.051652
35801069855000,-19504000,0.07385504,1.2918944,-1.5224643
35801089451000,-19596000,-0.30471107,1.6604111,-1.0768042
35801108956000,-19505000,-0.5056221,1.9135988,-0.29731846
35801128547000,-19591000,-0.54779243,2.0312293,0.35208988
35801148045000,-19498000,-0.56502426,2.0704296,0.54052734
35801167634000,-19589000,-0.8634073,2.394877,0.9906244
35801187156000,-19522000,-0.59989965,2.6986592,1.2947359
35801206806000,-19650000,-0.55949086,2.6182237,1.9842544
35801226304000,-19498000,-0.37834385,2.576311,2.6716948
35801245863000,-19559000,-0.57382876,2.650519,3.2573695
35801265377000,-19514000,-0.7826073,2.6125972,3.1059256
35801284981000,-19604000,-0.54559505,2.3682303,2.386899
35801304488000,-19507000,-0.6297247,2.1687064,2.2291498
35801324064000,-19576000,-0.78664714,1.6330044,2.785719
35801343642000,-19578000,-1.0744817,0.62973595,3.291944
35801363170000,-19528000,-1.8193165,-0.3396988,3.635459
35801382677000,-19507000,-2.2549922,-1.1371133,3.5316997
35801402218000,-19541000,-1.9402795,-1.7576227,2.4470015
35801421779000,-19561000,-1.1996211,-2.157283,0.8249979
35801441387000,-19608000,-0.51071286,-2.3493266,-0.5641327
35801460879000,-19492000,0.47142276,-2.577117,-0.85233593
35801481032000,-20153000,0.67419577,-2.7392173,-0.8004074
35801499990000,-18958000,0.11307582,-2.8721979,-1.2784729
35801519571000,-19581000,-0.39030033,-2.8571708,-2.0503855
35801539108000,-19537000,-0.20668072,-2.827318,-2.7451596
35801558709000,-19601000,0.029661857,-2.5912204,-3.5097446
35801578255000,-19546000,0.14472093,-2.2082336,-3.3619285
35801598083000,-19828000,-0.11159402,-2.0058188,-3.2352118
35801617294000,-19211000,-0.14606035,-1.6457493,-3.4731383
35801636927000,-19633000,0.09855701,-1.1693506,-3.0959735
35801656429000,-19502000,0.22038011,-0.7550576,-2.6984673
35801676044000,-19615000,0.25820643,-0.31266403,-2.2630925
35801695529000,-19485000,0.48086002,0.20879698,-1.6793633
35801715126000,-19597000,0.6015587,0.7843771,-1.2010231
35801734613000,-19487000,0.6974383,1.2548165,-0.79677105
35801754146000,-19533000,0.9220002,1.7487881,-0.052304268
35801773728000,-19582000,1.3710864,2.0314806,0.7949028
35801793356000,-19628000,1.4124379,2.060249,1.8901072
35801812816000,-19460000,1.1032195,1.9277093,2.4587145
35801832537000,-19721000,0.3661034,1.8227513,3.469801
35801851985000,-19448000,0.10147236,1.7069464,4.321832
35801871564000,-19579000,0.84599215,1.561388,4.8734884
35801891055000,-19491000,1.355781,0.9286084,4.3716574
35801910560000,-19505000,0.6741732,0.6161463,2.9263248
35801930128000,-19568000,0.14273185,0.3215952,1.9136772
35801950302000,-20174000,0.04919151,-0.085487604,1.7910495
35801969218000,-18916000,-0.12124853,-0.32805085,1.6492515
35801988765000,-19547000,0.11118379,-0.19129276,1.0691261
35802008347000,-19582000,0.7480064,-0.6657295,-0.15242195
35802027885000,-19538000,1.3498724,-0.8461244,-1.0868287
35802047379000,-19494000,1.3425748,-0.78570914,-1.8198786
35802067269000,-19890000,0.62977564,-0.6725645,-1.844203
35802086490000,-19221000,-0.29129705,-0.98349786,-1.3972664
35802106087000,-19597000,-0.6936672,-1.0847566,-1.600699
35802125607000,-19520000,-0.61560065,-1.0909107,-2.6006298
35802145172000,-19565000,-0.43939933,-1.0021718,-3.5107603
35802164689000,-19517000,-0.5277614,-0.7046335,-3.9252896
35802184599000,-19910000,-0.43885583,-0.50566554,-4.1852574
35802203790000,-19191000,-0.6314282,-0.37046242,-3.9085507
35802223296000,-19506000,-0.26183653,-0.16696882,-3.9168992
35802242885000,-19589000,-0.03833711,0.25512314,-3.4638052
35802262396000,-19511000,-0.15262818,0.77745867,-2.5711489
35802282024000,-19628000,-0.43284708,1.1859205,-1.8551049
35802301718000,-19694000,-0.4584722,1.4575968,-1.5507741
35802321122000,-19404000,0.20986721,2.0674043,-0.7853565
35802340668000,-19546000,0.70928454,2.5327508,0.62567234
35802360168000,-19500000,0.9042667,2.6776698,1.7159433
35802379711000,-19543000,0.4482333,2.67117,2.5147648
35802399274000,-19563000,0.16278097,2.5104463,2.8019567
35802418876000,-19602000,-0.71993756,2.7106366,2.9513083
35802438355000,-19479000,-1.3005581,2.6582289,2.8779764
35802457999000,-19644000,-0.87018764,2.1612759,2.7092428
35802477465000,-19466000,-0.05962959,1.7577753,2.939166
35802497006000,-19541000,-0.18892449,1.2197828,3.5270972
35802516545000,-19539000,-0.7587064,0.3016181,3.7834172
35802536236000,-19691000,-1.3273003,-0.49471188,3.6131172
35802555641000,-19405000,-1.6063185,-0.9522145,3.1542811
35802575262000,-19621000,-1.4410338,-1.1226494,2.103001
35802594758000,-19496000,-0.84911895,-1.2290947,1.0778699
35802614388000,-19630000,-0.3463118,-1.5527511,0.6975627
35802633854000,-19466000,-0.08543192,-2.0689793,0.31932354
35802653465000,-19611000,-0.12414798,-2.0837152,-0.35545158
35802672938000,-19473000,0.053300545,-2.2641172,-1.5665894
35802692473000,-19535000,0.27279323,-2.473744,-2.3862891
35802712040000,-19567000,0.455574,-2.4624138,-2.7678509
35802731646000,-19606000,0.5226974,-2.2491646,-3.1438274
35802751148000,-19502000,0.318556,-2.3333526,-3.430645
35802770699000,-19551000,0.35823375,-2.2379346,-3.7566323
35802790272000,-19573000,0.41025797,-1.7740979,-3.7920318
35802809758000,-19486000,0.51187474,-1.3095248,-3.5731087
35802829341000,-19583000,0.29853588,-0.6373029,-3.0989165
35802849010000,-19669000,0.019093946,0.008128166,-1.8534055
35802868455000,-19445000,-0.03854215,0.54411507,-0.76074123
35802888314000,-19859000,0.10712915,1.0231471,0.3284216
35802907515000,-19201000,0.57284117,1.1316233,1.4218273
35802927074000,-19559000,0.7084181,0.9601054,2.5879803
35802946651000,-19577000,0.3808648,1.0207267,2.9537144
35802966142000,-19491000,-0.064188346,0.8308325,3.2731876
35802985700000,-19558000,0.21672712,1.0199838,3.305317
35803005601000,-19901000,0.9944,1.1077867,2.8674512
35803024796000,-19195000,1.982359,0.6743033,2.182745
35803044332000,-19536000,2.0501914,0.50536656,1.7626886
35803063891000,-19559000,1.4074855,0.1818533,2.6590042
35803083439000,-19548000,0.81878436,-0.25469375,3.2639017
35803102971000,-19532000,0.60829073,-0.76197934,3.6951962
35803122526000,-19555000,1.0625409,-0.8183503,2.63489
35803142094000,-19568000,1.3386953,-0.6296437,0.79600716
35803161641000,-19547000,1.5328217,-0.9380684,-1.4901762
35803181177000,-19536000,1.6835251,-0.8966081,-2.5498018
35803200732000,-19555000,1.1588913,-0.7890506,-2.143536
35803220278000,-19546000,0.13154852,-1.0532796,-1.4480252
35803239832000,-19554000,-0.7465723,-1.1895342,-1.5444446
35803259423000,-19591000,-0.7460276,-0.90951276,-2.71104
35803278910000,-19487000,-0.40040517,-0.9026549,-4.1171293
35803298464000,-19554000,-0.2046985,-0.4032085,-4.8759217
35803317997000,-19533000,-0.0985499,-0.10199785,-4.7338557
35803337550000,-19553000,-0.42446697,0.26712847,-4.166096
35803357135000,-19585000,-0.7595156,0.60568666,-3.1704345
35803376661000,-19526000,-0.93034846,1.235863,-2.111197
35803396238000,-19577000,-0.40003228,1.8665824,-0.79935837
35803415773000,-19535000,0.027101994,2.3403792,0.12712002
35803435319000,-19546000,-0.24317998,2.5187197,0.640913
35803454869000,-19550000,-0.27351117,2.6269994,1.3064604
35803474440000,-19571000,-0.27618217,2.6994421,1.9402218
35803493967000,-19527000,-0.29134345,2.7711058,2.952035
35803513535000,-19568000,-0.76125824,2.4947927,3.641457
35803533055000,-19520000,-1.840663,1.850306,3.3471522
35803552653000,-19598000,-1.9022324,1.6612065,2.2711515
35803572167000,-19514000,-1.0033975,1.6612444,1.7864738
35803591791000,-19624000,-0.3501297,0.9335604,2.2343807
35803611272000,-19481000,-0.34433562,0.2486372,3.0023656
35803630853000,-19581000,-1.1009606,-0.5423393,2.7896476
35803650376000,-19523000,-1.0691571,-0.7250142,1.5809646
35803669983000,-19607000,-0.49843818,-1.0405247,0.4151225
35803689592000,-19609000,-0.3087749,-1.2145946,0.08381176
35803709055000,-19463000,-0.022217393,-1.2414954,0.7484894
35803728561000,-19506000,-0.17607021,-1.6527829,0.9997225
35803748157000,-19596000,-0.7332016,-1.5636003,0.596015
35803767669000,-19512000,-0.6987856,-1.5077698,-0.13009357
35803787312000,-19643000,-0.18841472,-1.5220101,-1.1156807
35803806746000,-19434000,0.6441859,-1.7789998,-1.9150743
35803826396000,-19650000,0.8791976,-1.7619443,-2.542955
35803845850000,-19454000,0.630624,-1.9327242,-3.3206406
35803865415000,-19565000,0.39527816,-1.8143694,-3.975737
35803884957000,-19542000,0.19120142,-1.6585035,-4.4661055
35803904639000,-19682000,0.15170723,-1.1228523,-4.5389147
35803924240000,-19601000,0.066023074,-0.55562925,-3.444725
35803943618000,-19378000,0.33691806,-0.056685925,-1.8534427
35803963150000,-19532000,0.29467374,0.50442505,0.024098396
35803982701000,-19551000,0.18923417,0.5869713,0.9199028
35804002295000,-19594000,0.3089091,0.3779068,1.3441858
35804021791000,-19496000,0.5973177,0.524024,1.38276
35804041389000,-19598000,0.767972,0.8301716,1.8105288
35804060888000,-19499000,0.495915,1.0445566,2.386613
35804080468000,-19580000,0.6816549,0.87785006,2.277547
35804099964000,-19496000,1.1912905,0.807806,1.6088505
35804119577000,-19613000,1.7181695,0.45091176,1.1209373
35804139106000,-19529000,0.8827634,-0.07710695,1.7868786
35804158795000,-19689000,-0.5878966,-0.39171338,2.8003907
35804178186000,-19391000,-1.8892882,-0.6046295,3.5881014
35804197743000,-19557000,-1.5264356,-0.77007294,3.384441
35804217263000,-19520000,-0.58855736,-0.78821254,1.7315173
35804236837000,-19574000,0.35279363,-0.73159075,-0.085077286
35804256353000,-19516000,0.85957414,-0.8070209,-1.8118663
35804275984000,-19631000,1.0287317,-0.6473069,-2.7913938
35804295449000,-19465000,0.89817655,-0.28828526,-2.3820963
35804315083000,-19634000,0.21756089,-0.49442363,-1.3211484
35804334521000,-19438000,-0.42125082,-0.882138,-0.91999054
35804354097000,-19576000,-0.71331084,-0.7617831,-1.745183
35804373676000,-19579000,-0.62112164,-0.6126485,-3.3885503
35804393208000,-19532000,-0.52781224,-0.22488117,-3.9688816
35804412774000,-19566000,-0.24142593,0.15137053,-3.751019
35804432405000,-19631000,-0.18279839,0.5336175,-3.230341
35804451884000,-19479000,-0.4856425,0.8811598,-2.463632
35804471508000,-19624000,-0.6899878,1.4595239,-1.1252251
35804491002000,-19494000,-0.4126253,2.0164814,0.28351116
35804510509000,-19507000,0.078440845,2.1846406,1.5275307
35804530087000,-19578000,0.09362745,2.3625517,2.2162466
35804549619000,-19532000,0.14958405,2.3934965,2.4163256
35804569160000,-19541000,0.45615393,2.6191626,3.2279396
35804588724000,-19564000,0.26523024,2.3859127,3.8550057
35804608276000,-19552000,-0.44356057,1.9221284,4.0767107
35804627826000,-19550000,-0.94334203,1.7445555,3.0989623
35804647385000,-19559000,-0.5257684,1.5858202,2.1983223
35804667038000,-19653000,0.27315354,1.0837054,1.887794
35804686490000,-19452000,0.9558817,0.20345831,2.2633486
35804706149000,-19659000,0.41158304,-0.68765855,2.0429783
35804725593000,-19444000,-0.5748567,-1.1053567,1.6917062
35804745139000,-19546000,-0.87378496,-1.4847219,1.2146978
35804764662000,-19523000,-0.8872788,-1.8196039,0.7336588
35804784232000,-19570000,-0.53790504,-2.0082226,0.52385044
35804803827000,-19595000,-0.49483114,-2.217415,-0.058447838
35804823490000,-19663000,-0.73766726,-2.3083746,-0.71858597
35804842881000,-19391000,-1.1888001,-2.5269969,-1.4680505
35804862575000,-19694000,-1.3107942,-2.6022143,-2.1665096
35804881971000,-19396000,-0.66226447,-2.6103826,-2.9224687
35804901522000,-19551000,0.14481315,-2.3978693,-3.8259482
35804921330000,-19808000,0.47875935,-2.1566176,-4.296692
35804940662000,-19332000,0.37669188,-1.4884362,-4.3693275
35804960219000,-19557000,0.23945054,-1.2193415,-4.096893
35804979753000,-19534000,0.14158903,-0.8365965,-3.649458
35804999292000,-19539000,0.17682914,-0.19205093,-2.6816225
35805018821000,-19529000,-0.26949868,0.30641127,-1.4057007
35805038684000,-19863000,-0.06858728,0.9982419,-0.26469898
35805058128000,-19444000,0.3574854,1.3017831,0.9621973
35805077514000,-19386000,0.7019478,1.3643677,2.0361671
35805097042000,-19528000,0.84958875,1.1615756,2.4492636
35805116615000,-19573000,0.6659605,1.206121,2.860324
35805136145000,-19530000,0.629511,1.5715425,3.6215134
35805155981000,-19836000,0.6822864,1.527775,3.9175453
35805175420000,-19439000,1.3990456,1.3432095,3.5094395
35805194807000,-19387000,1.5538836,1.1525877,2.7541108
35805214337000,-19530000,1.5869342,0.6507361,2.3362308
35805233912000,-19575000,1.1912584,0.1659007,1.8521352
35805253628000,-19716000,0.38550156,-0.24099302,1.3413806
35805273399000,-19771000,0.49135846,-0.5078311,1.4022098
35805292600000,-19201000,0.8591622,-0.5900221,1.9864044
35805312131000,-19531000,0.80019337,-0.6361611,1.452404
35805331743000,-19612000,0.31586677,-0.75619197,0.075787544
35805351236000,-19493000,0.5570919,-0.79237103,-1.1774907
35805370745000,-19509000,0.6060157,-0.8560388,-2.222814
35805390643000,-19898000,0.32971853,-0.7336478,-2.6692157
35805409853000,-19210000,-0.021010458,-0.6156094,-2.6793656
35805429418000,-19565000,-0.29202154,-0.55836415,-2.8965602
35805449113000,-19695000,-0.19484532,-0.5237868,-3.3519115
35805468512000,-19399000,-0.14958966,-0.36024237,-4.21285
35805488082000,-19570000,-0.17439514,-0.06926489,-4.8045783
35805507929000,-19847000,-0.45999295,0.4620409,-4.3764486
35805527199000,-19270000,-0.6804504,0.92357254,-3.1020694
35805546763000,-19564000,-0.8161802,1.4655871,-1.8614917
35805566253000,-19490000,-0.40731627,2.0267448,-0.6964445
35805585874000,-19621000,0.06741387,2.430509,0.34966564
35805605394000,-19520000,0.10952175,2.6533325,1.1721287
35805625301000,-19907000,-0.30083495,2.7288814,1.9153318
35805644469000,-19168000,-0.5143579,2.8840303,2.5267458
35805664026000,-19557000,-0.704452,2.5595202,3.2067213
35805683558000,-19532000,-1.1594841,2.0789766,3.5035439
35805703123000,-19565000,-1.5543718,1.8629522,3.0625024
35805722643000,-19520000,-1.4868604,1.5866928,2.3736563
35805742214000,-19571000,-0.8222728,1.3478847,2.1402307
35805761766000,-19552000,-0.17286676,0.4028597,2.245089
35805781515000,-19749000,-0.15114003,-0.15290022,2.1517673
35805800941000,-19426000,-0.91105306,-0.9836738,1.4433737
35805820393000,-19452000,-1.1126255,-1.1835568,1.0821972
35805840015000,-19622000,-0.9097158,-1.6468048,0.38428307
35805860216000,-20201000,-1.068547,-2.0034864,-0.031913757
35805879109000,-18893000,-1.284008,-2.1516242,-0.13400173
35805898604000,-19495000,-1.4023257,-2.3159752,-0.5289192
35805918168000,-19564000,-1.4040717,-2.3202033,-1.2280202
35805937689000,-19521000,-1.0782017,-2.4682274,-2.2430253
35805957278000,-19589000,-0.52004576,-2.0882127,-2.6287313
35805977207000,-19929000,0.21326797,-2.0411782,-2.953434
35805996415000,-19208000,0.7180749,-1.8712187,-3.44237
35806015945000,-19530000,0.8591295,-1.5987871,-3.496962
35806035466000,-19521000,0.6341305,-1.2657566,-3.8803048
35806055026000,-19560000,0.28946108,-0.60817766,-3.690228
35806074536000,-19510000,-0.11981569,-0.014263153,-2.696632
35806094116000,-19580000,0.43888932,0.52980185,-1.0153313
35806113749000,-19633000,1.4091455,0.6925349,0.7183838
35806133210000,-19461000,1.8136296,0.7357898,2.3252153
35806152688000,-19478000,1.1153716,0.59662104,3.2793322
35806172342000,-19654000,0.78833336,0.6534691,2.9764118
35806191785000,-19443000,1.4453344,1.0943627,1.9209223
35806211383000,-19598000,2.147723,1.572083,1.3849816
35806230895000,-19512000,1.9956833,1.2617397,1.5318432
35806250529000,-19634000,1.6404294,1.1011157,1.4933062
35806270001000,-19472000,1.4272532,0.97590876,1.1899619
35806289556000,-19555000,1.8353502,0.5998833,1.1765323
35806309218000,-19662000,1.2373794,0.22401237,1.5118661
35806328668000,-19450000,0.65018433,-0.1481986,2.04674
35806348177000,-19509000,0.0562191,-0.39821792,2.4401932
35806367753000,-19576000,0.109001905,-0.56016564,2.945135
35806387273000,-19520000,0.35191587,-0.9741695,2.282195
35806406828000,-19555000,0.09851611,-0.8121538,0.6078253
35806426387000,-19559000,0.17530686,-0.606251,-1.2891188
35806445942000,-19555000,0.06756991,-0.6019795,-2.3313417
35806465489000,-19547000,-0.5101155,-0.64359546,-2.684928
35806485041000,-19552000,-1.0200073,-0.8062074,-2.2274127
35806504591000,-19550000,-1.4033965,-0.97427654,-1.9661226
35806524145000,-19554000,-1.4291911,-0.87970376,-2.7559958
35806543813000,-19668000,-1.1535428,-0.61869717,-3.633634
35806563232000,-19419000,-0.9013933,-0.44167423,-4.097337
35806582785000,-19553000,-0.49985754,0.09053469,-3.8754988
35806602350000,-19565000,-0.60066307,0.6118684,-3.4640985
35806621906000,-19556000,-0.8412489,1.1769953,-2.613607
35806641446000,-19540000,-0.8213105,2.0506225,-1.3636498
35806661081000,-19635000,-0.25556326,2.3476658,-0.023714066
35806680534000,-19453000,0.25963658,2.6956158,1.1504917
35806700082000,-19548000,0.30046803,2.9939885,1.500124
35806719720000,-19638000,0.49619234,3.0274954,2.0116253
35806739190000,-19470000,0.4988984,3.1372452,3.210216
35806758892000,-19702000,0.15262341,2.7833886,4.281145
35806778441000,-19549000,-1.0429955,2.1752152,4.581912
35806797845000,-19404000,-1.8633617,1.6958675,3.6628408
35806817408000,-19563000,-1.7528028,1.2885981,2.856814
35806836951000,-19543000,-1.0160389,0.45845413,2.8868542
35806856508000,-19557000,-0.34006667,-0.61777115,2.9850178
35806876144000,-19636000,-0.6417961,-1.2449372,2.4242797
35806895870000,-19726000,-0.9999562,-1.6077328,1.6101112
35806915130000,-19260000,-0.6090516,-1.965905,0.33988857
35806934717000,-19587000,-0.5214954,-2.4848511,-0.4996829
35806954290000,-19573000,-0.67944837,-2.851088,-0.51623535
35806973802000,-19512000,-0.85311574,-3.0202389,-0.120812416
35806993452000,-19650000,-0.92769235,-3.063746,-0.24235058
35807012853000,-19401000,-1.0760385,-2.9978142,-1.0438251
35807032397000,-19544000,-0.5704106,-3.0881963,-2.4605784
35807052028000,-19631000,0.55062455,-3.02779,-3.7775922
35807071500000,-19472000,1.0219992,-2.8949938,-4.682793
35807091124000,-19624000,0.8613911,-2.193579,-4.7683053
35807110636000,-19512000,0.41120315,-2.0386198,-3.780541
35807130242000,-19606000,0.05208923,-1.8406351,-2.7499003
35807149676000,-19434000,-0.12215024,-1.0120506,-2.327015
35807169214000,-19538000,-0.036063284,-0.28625154,-1.8806767
35807188947000,-19733000,0.23334724,0.3308382,-1.1267357
35807208331000,-19384000,0.6674021,0.85056686,0.25224972
35807227901000,-19570000,1.0174818,0.84523916,1.5212498
35807247498000,-19597000,0.42207712,0.863904,2.3831263
35807266994000,-19496000,-0.33307418,0.88185763,2.6349154
35807286522000,-19528000,-0.46203616,1.2971487,3.0505972
35807306122000,-19600000,-0.42328638,1.7812824,3.1596465
35807325623000,-19501000,0.8384036,1.777345,2.7993712
35807345291000,-19668000,1.619873,1.3610575,2.0770912
35807364736000,-19445000,2.0177324,0.87820005,1.5825572
35807384314000,-19578000,1.8399543,0.4450376,1.9267087
35807403836000,-19522000,1.1043342,0.27541637,3.1876187
35807423420000,-19584000,0.8434498,-0.27790427,3.835761
35807442932000,-19512000,0.86452556,-0.6734259,3.1473536
35807462521000,-19589000,1.3009077,-0.5035186,1.4324918
35807482056000,-19535000,1.3480932,-0.5668194,-0.23130417
35807501556000,-19500000,0.96797633,-0.5131991,-0.8801961
35807521115000,-19559000,0.23750153,-0.51051664,-0.48762894
35807540739000,-19624000,-0.51689565,-0.76587415,-0.13688946
35807560212000,-19473000,-0.8911234,-0.79793,-0.7002392
35807579840000,-19628000,-0.8062036,-0.75821376,-1.7299352
35807599315000,-19475000,-0.4312952,-0.6652999,-3.0088425
35807618938000,-19623000,-0.16560411,-0.5382409,-3.9950309
35807638406000,-19468000,0.05085051,-0.16740608,-4.606839
35807657954000,-19548000,0.066420555,0.48404646,-4.7434673
35807677536000,-19582000,-0.17575419,1.011539,-3.8642993
35807697084000,-19548000,-0.40774915,1.4118011,-2.59869
35807716621000,-19537000,-0.05565673,1.8341091,-0.96526814
35807736183000,-19562000,0.51559734,2.2165835,-0.058119774
35807755725000,-19542000,1.0747025,2.3247576,0.8639488
35807775371000,-19646000,0.79608214,2.345635,1.4672451
35807794849000,-19478000,0.63482386,2.5052686,1.9703951
35807814383000,-19534000,0.6458184,2.379066,2.9943056
35807833949000,-19566000,0.21385998,2.0989237,3.6847315
35807853470000,-19521000,-0.662697,1.4724913,3.283636
35807873048000,-19578000,-2.0228167,0.88312435,1.6281147
35807892565000,-19517000,-3.2335396,0.71598816,0.35833836
35807912085000,-19520000,-3.1813006,1.0317354,0.33265638
35807931662000,-19577000,-1.9002388,0.4743843,0.86161137
35807951213000,-19551000,-0.42007977,-0.3194399,0.9334669
35807971048000,-19835000,0.11380547,-0.21547842,0.4567213
35807990352000,-19304000,0.20014787,-0.5488739,-0.6562619
35808009844000,-19492000,0.16428256,-0.9706979,-0.63720703
35808029422000,-19578000,-0.20653212,-1.285402,0.57840633
35808048968000,-19546000,-0.95362985,-1.6809344,1.484436
35808068523000,-19555000,-1.6776643,-1.9052465,1.281909
35808088047000,-19524000,-1.3848084,-2.166584,0.031924248
35808107612000,-19565000,-0.59334004,-2.060816,-1.7844667
35808127148000,-19536000,0.10234633,-2.0465653,-3.2075772
35808146721000,-19573000,0.6249777,-1.7020974,-3.8707113
35808166436000,-19715000,0.8776354,-1.6981268,-4.037983
35808185823000,-19387000,0.85831803,-1.3285263,-3.8966827
35808205385000,-19562000,0.31595373,-1.0166264,-3.48025
35808224917000,-19532000,0.16791509,-0.7083397,-2.6511407
35808244507000,-19590000,0.048866402,0.07138538,-1.5031209
35808264044000,-19537000,-0.06088826,0.7241411,-0.53493404
35808283599000,-19555000,-0.25687477,0.93851185,0.30780697
35808303126000,-19527000,-0.13588813,1.0347748,0.55969334
35808322695000,-19569000,0.1694216,1.1035404,0.8837881
35808342186000,-19491000,0.258519,1.0252314,1.0990448
35808361787000,-19601000,0.017960854,1.2749333,1.7334375
35808381368000,-19581000,0.0045575574,1.2753983,2.7404227
35808400895000,-19527000,0.20033282,1.2549953,3.4995542
35808420370000,-19475000,0.47216868,1.2324677,3.237987
35808440002000,-19632000,0.6674193,1.0930691,2.1604671
35808459486000,-19484000,0.5947655,0.60864496,0.87630224
35808479076000,-19590000,0.36890987,0.14508963,-0.07985067
35808498684000,-19608000,-0.5850987,-0.045555115,0.6727729
35808518216000,-19532000,-1.0797797,-0.4381764,1.7979999
35808537701000,-19485000,-0.8846972,-0.87520266,2.918374
35808557311000,-19610000,-0.688146,-1.0840881,2.4873185
35808576794000,-19483000,-0.6992609,-0.79197526,0.60543156
35808596358000,-19564000,-0.16959825,-0.8949058,-1.2486715
35808615900000,-19542000,0.09735826,-0.9679887,-2.1891556
35808635466000,-19566000,0.0827551,-1.0086234,-2.3058367
35808655000000,-19534000,0.15005222,-1.2067199,-1.7257357
35808674539000,-19539000,0.47062093,-0.7953372,-1.4186816
35808694174000,-19635000,1.1005045,-0.84697175,-1.8957872
35808713913000,-19739000,1.1950552,-0.4620962,-2.5778356
35808733180000,-19267000,0.96259946,-0.3134508,-3.194521
35808752792000,-19612000,0.82216215,-0.32601118,-3.3026137
35808772320000,-19528000,0.4843819,0.07198095,-2.7481022
35808791944000,-19624000,0.4840471,0.37966442,-2.2967448
35808811547000,-19603000,0.7630156,0.9768634,-1.8157606
35808830982000,-19435000,1.0149161,1.1322618,-1.6914454
35808850610000,-19628000,1.6420363,1.3022189,-1.6778898
35808870157000,-19547000,2.012632,1.3301473,-0.68850327
35808889649000,-19492000,1.7436281,1.3854885,1.0028963
35808909204000,-19555000,0.9495628,1.0827708,3.083682
35808928720000,-19516000,-0.6951776,1.0717115,4.4159894
35808948309000,-19589000,-1.6957843,0.6620779,5.0290403
35808967856000,-19547000,-1.0345817,1.195065,5.372278
35808987472000,-19616000,0.35355848,1.27349,5.665227
35809007062000,-19590000,0.71042657,0.42021036,5.8795276
35809026533000,-19471000,-0.82286835,-0.960279,4.9739604
35809046191000,-19658000,-2.041647,-1.5629923,3.747304
35809065594000,-19403000,-1.8333018,-1.9007764,2.2953973
35809085151000,-19557000,-1.2492656,-2.02642,1.1367164
35809104979000,-19828000,-1.0152571,-2.356005,0.6781635
35809124277000,-19298000,-1.3030865,-2.4246776,0.7220907
35809143841000,-19564000,-1.728868,-2.51496,0.5884743
35809163384000,-19543000,-1.8140457,-2.412482,-0.017054558
35809183005000,-19621000,-1.1568824,-2.401818,-1.1406479
35809202509000,-19504000,-0.54394376,-2.3861854,-2.637073
35809222049000,-19540000,-0.14921016,-2.135559,-4.055882
35809241563000,-19514000,-0.05185151,-1.8043506,-4.908772
35809261158000,-19595000,0.3579505,-1.3561916,-5.2059283
35809280669000,-19511000,0.9997296,-1.0627334,-5.2077613
35809300215000,-19546000,1.2566216,-0.6980634,-5.329248
35809319766000,-19551000,1.0478996,0.17365599,-4.608607
35809339417000,-19651000,0.54206645,0.8004365,-3.3503346
35809358974000,-19557000,0.46383116,1.1764293,-0.84815407
35809378438000,-19464000,0.8687291,1.4298458,0.938241
35809398118000,-19680000,1.200207,1.516962,2.1157484
35809417632000,-19514000,1.0561862,1.2412374,2.689331
35809437242000,-19610000,0.62855744,1.0201154,3.1804276
35809456627000,-19385000,0.2634871,0.9663651,3.8020906
35809476215000,-19588000,0.096428975,1.0787733,3.9074488
35809495776000,-19561000,0.8576455,1.0515001,3.2338934
35809515317000,-19541000,2.0134416,1.0011971,2.4985685
35809534947000,-19630000,2.3591046,0.68119097,1.8282604
35809554425000,-19478000,2.2023115,0.11416507,0.9525523
35809573982000,-19557000,1.0833131,-0.44732714,-0.39578438
35809593513000,-19531000,0.32347223,-0.44346118,-1.4261074
35809613104000,-19591000,-0.019617498,-0.48255253,-0.90431833
35809632821000,-19717000,0.34233037,-0.694062,0.58614063
35809652219000,-19398000,0.26238525,-0.7860887,1.0655785
35809671723000,-19504000,-0.1425209,-0.69754887,0.58159256
35809691297000,-19574000,-0.21902919,-0.6553557,0.1377182
35809710831000,-19534000,-0.9226372,-0.63835955,0.0654068
35809730400000,-19569000,-1.2169192,-0.4922459,0.25391293
35809749940000,-19540000,-1.1380146,-0.4467597,0.093138695
35809769542000,-19602000,-0.7412995,-0.13861871,-1.0282383
35809789037000,-19495000,-0.27423668,-0.029104471,-2.5348463
35809808653000,-19616000,0.1299451,0.14801908,-3.8128
35809828143000,-19490000,0.547307,0.39005804,-4.3626013
35809847779000,-19636000,0.65082,0.77093005,-4.334587
35809867715000,-19936000,0.8403654,1.2685535,-4.0121255
35809886909000,-19194000,0.5565063,1.7069209,-2.743194
35809906395000,-19486000,0.33245462,2.0253432,-1.4444284
35809925991000,-19596000,0.4907686,2.0480237,-0.0010795593
35809945498000,-19507000,0.5692176,2.1740358,0.6445637
35809965108000,-19610000,0.4509669,1.959966,0.9465351
35809984581000,-19473000,0.53700453,1.8636951,1.1644716
35810004173000,-19592000,0.59669733,1.7881157,2.0175962
35810023693000,-19520000,-0.40437958,1.6566801,2.5772562
35810043335000,-19642000,-1.5272751,1.2018046,2.796523
35810062794000,-19459000,-1.6019287,1.0769317,2.1887302
35810082444000,-19650000,-0.5109072,0.7286613,1.5901637
35810101898000,-19454000,0.52312475,0.3138969,2.4144287
35810121547000,-19649000,0.16194528,-0.22157192,3.3949428
35810141014000,-19467000,-1.5737966,-0.7392497,3.4785895
35810160652000,-19638000,-1.9249786,-1.2733469,3.1251636
35810180145000,-19493000,-1.2162087,-0.97646856,1.8963346
35810199709000,-19564000,0.036674917,-1.0702214,0.7713976
35810219233000,-19524000,0.4553417,-0.9955199,-0.13013268
35810238828000,-19595000,-0.22861856,-0.96033835,-0.26603317
35810258344000,-19516000,-1.1738613,-1.231338,-0.27965355
35810277918000,-19574000,-1.5582951,-1.6929493,-0.22052574
35810297442000,-19524000,-1.1532583,-1.7133732,-1.0958672
35810317015000,-19573000,-0.39980543,-1.5613358,-1.7111993
35810336896000,-19881000,0.22304839,-1.5437639,-2.0603814
35810356188000,-19292000,0.043571413,-1.3953187,-2.9234147
35810375665000,-19477000,-0.019974262,-1.308893,-3.5678425
35810395302000,-19637000,-0.23724413,-1.1714327,-4.0470395
35810414883000,-19581000,-0.2650765,-0.48763466,-3.630206
35810434318000,-19435000,-0.23882213,-0.065059185,-2.4689283
35810454263000,-19945000,0.12807843,0.15140009,-1.0204973
35810473463000,-19200000,0.37530974,0.5592103,0.17367458
35810493072000,-19609000,0.425824,0.65726733,1.015132
35810512616000,-19544000,0.31749526,0.7866428,1.0940685
35810532091000,-19475000,0.5670903,0.8865731,0.84177303
35810551747000,-19656000,0.8486157,1.2798734,0.68966675
35810571332000,-19585000,0.45316947,1.485542,0.9732189
35810590792000,-19460000,0.87462556,1.6744583,1.6845818
35810610318000,-19526000,1.346702,1.7113628,1.8407526
35810629899000,-19581000,2.0798979,1.6530535,1.570981
35810649413000,-19514000,1.9245994,1.4038978,0.73802376
35810668958000,-19545000,1.1672798,0.9070568,-0.2764988
35810688564000,-19606000,-0.0013041198,0.451221,-0.2652464
35810708162000,-19598000,-0.43183774,0.17292929,-0.16375828
35810727639000,-19477000,-0.25691378,-0.38397527,-0.19708538
35810747232000,-19593000,0.3533095,-0.08572316,0.19522572
35810766801000,-19569000,0.53979635,-0.13467216,-0.18810081
35810786305000,-19504000,0.30519813,-0.2584858,-0.8248601
35810805854000,-19549000,0.034600317,-0.43444133,-1.6914072
35810825401000,-19547000,-0.42363608,-0.77446795,-1.959784
35810844934000,-19533000,-0.7616939,-0.73989415,-1.2810082
35810864493000,-19559000,-1.0931603,-0.8269193,-0.45578957
35810884052000,-19559000,-0.7845713,-0.8236697,-1.1478524
35810903598000,-19546000,-0.42839083,-0.72960114,-2.608879
35810923317000,-19719000,-0.042776823,-0.46799183,-3.4397721
35810942802000,-19485000,0.1806773,-0.09737635,-3.4870844
35810962251000,-19449000,0.030535579,0.39989376,-2.845625
35810981805000,-19554000,-0.4945117,0.6961174,-1.7440224
35811001364000,-19559000,-0.47680065,0.97986555,-0.68019867
35811021018000,-19654000,-0.4541832,1.4966736,0.5169325
35811040454000,-19436000,0.39539754,1.9552221,1.5558367
35811060111000,-19657000,0.76827043,2.0642018,2.067646
35811079580000,-19469000,0.8925502,2.1835518,2.1788378
35811099208000,-19628000,0.51733947,2.3094697,2.303135
35811118685000,-19477000,-0.07206625,1.845345,2.7965918
35811138213000,-19528000,-1.2219232,1.2103896,2.8861632
35811157905000,-19692000,-1.8217814,0.8057194,2.910695
35811179821000,-21916000,-1.6412604,0.4546523,3.1863723
35811199365000,-19544000,-1.5964582,-0.044315815,3.0085316
35811219069000,-19704000,-1.9332099,-0.4966159,2.4902267
35811238473000,-19404000,-1.9972527,-0.6292348,1.6522675
35811258009000,-19536000,-1.708995,-1.0505998,0.51560545
35811277563000,-19554000,-1.02778,-1.2769694,0.13806248
35811297114000,-19551000,0.10520488,-1.3227537,0.9664049
35811316708000,-19594000,0.23428968,-1.4710021,1.6668835
35811336661000,-19953000,-0.5841193,-1.7945478,1.134634
35811355771000,-19110000,-0.86005366,-2.3298542,0.105532646
35811375546000,-19775000,-0.46121117,-2.327016,-1.4168
35811394872000,-19326000,-0.003649965,-2.0921092,-2.7373848
35811414631000,-19759000,0.472433,-2.1599073,-3.2576504
35811434009000,-19378000,0.9452387,-1.8422229,-3.5082412
35811453514000,-19505000,1.0485157,-1.5037751,-3.7707448
35811473149000,-19635000,0.8755479,-1.2612379,-3.7141986
35811492856000,-19707000,0.5580649,-0.75354004,-3.3343697
35811512128000,-19272000,0.22867024,-0.50268936,-2.4004984
35811531738000,-19610000,-0.17114592,-0.07142258,-1.1407557
35811551321000,-19583000,-0.085592166,0.42062092,0.48063564
35811570835000,-19514000,0.08446615,0.41310263,1.9026423
35811590373000,-19538000,0.0919351,0.13130522,2.906578
35811610205000,-19832000,-0.0229114,-0.12222099,3.3678303
35811629507000,-19302000,-0.31481007,-0.1400032,3.4645061
35811649071000,-19564000,-0.16886568,0.07613182,3.1085281
35811668605000,-19534000,0.34038407,0.6020987,2.8828163
35811688168000,-19563000,1.0805022,0.9973829,2.4339647
35811707734000,-19566000,1.6884102,0.93675876,1.7179327
35811727292000,-19558000,1.5317899,0.49739504,1.0770063
35811746784000,-19492000,0.95419526,0.31223345,0.35893536
35811766379000,-19595000,0.107185654,-0.21134901,0.31396008
35811785999000,-19620000,-0.47423583,-0.24786544,0.6990385
35811805517000,-19518000,0.03321188,-0.38846636,1.2153969
35811825082000,-19565000,1.2085747,-0.5537131,1.2764988
35811844586000,-19504000,1.673496,-0.6639106,-0.24078178
35811864142000,-19556000,1.4281256,-0.7161155,-1.7981882
35811883650000,-19508000,1.0849361,-0.8033426,-2.6234984
35811903238000,-19588000,0.52817845,-0.8274555,-2.7296033
35811922750000,-19512000,0.04468873,-0.8440573,-1.9184651
35811942278000,-19528000,-0.28882805,-1.0433252,-1.5442171
35811961865000,-19587000,-0.12675706,-0.92637897,-2.2154493
35811981396000,-19531000,-0.08043656,-0.5695517,-3.3169127
35812000995000,-19599000,0.21579376,-0.43265867,-4.1194615
35812020511000,-19516000,0.34223342,0.01965499,-3.7609801
35812040124000,-19613000,0.4532864,0.61360145,-2.873157
35812059604000,-19480000,0.07078749,0.96371675,-1.7446227
35812079166000,-19562000,-0.1921288,1.3544755,-0.6071272
35812098706000,-19540000,0.047635198,1.6291795,0.55413437
35812118287000,-19581000,0.4644035,1.7649503,1.3882256
35812137806000,-19519000,0.5790454,2.0070899,2.0975122
35812157382000,-19576000,0.6207651,2.0648677,2.6920176
35812177279000,-19897000,0.5311162,2.3180904,3.2580671
35812196533000,-19254000,0.32803398,2.2292323,3.498333
35812216002000,-19469000,-0.35349363,2.0837147,3.0979705
35812235597000,-19595000,-0.6714062,2.1488163,2.2990193
35812255109000,-19512000,-0.6448568,2.0419784,1.61448
35812274690000,-19581000,-0.5030572,1.5534225,1.3491039
35812294357000,-19667000,-0.3982011,0.87638783,1.3699732
35812313794000,-19437000,-0.63566387,0.09092045,1.3754663
35812333498000,-19704000,-0.71641713,-0.41685367,1.4848552
35812352904000,-19406000,-0.96532375,-1.0054519,1.3800278
35812372417000,-19513000,-1.439014,-1.3824978,1.2201567
35812391996000,-19579000,-1.6386245,-1.8871396,0.5707388
35812411529000,-19533000,-1.4866261,-2.1688943,-0.40892982
35812431154000,-19625000,-1.2117964,-2.3182034,-1.6174908
35812450601000,-19447000,-0.94768715,-2.3306355,-2.3209395
35812470268000,-19667000,-0.8087135,-2.2597923,-2.1303244
35812489734000,-19466000,-0.92967,-2.3145385,-1.7291903
35812509302000,-19568000,-0.8325219,-2.5128515,-2.2807713
35812528820000,-19518000,-0.6719086,-2.1082585,-2.785377
35812548426000,-19606000,-0.6025035,-1.7915049,-3.259509
35812567930000,-19504000,-0.10901064,-1.259088,-3.1465888
35812587529000,-19599000,0.09813237,-0.9165385,-2.9629989
35812607018000,-19489000,-0.04064977,-0.289958,-2.5564604
35812626631000,-19613000,-0.12506965,0.19433832,-1.7558312
35812646149000,-19518000,-0.11868647,0.74091816,-0.4114008
35812665734000,-19585000,0.49424392,1.0373518,0.9935169
35812685249000,-19515000,0.8698606,1.1349411,1.8774738
35812704847000,-19598000,0.93055195,1.0664644,1.9451799
35812724349000,-19502000,0.34978938,0.8846774,2.0299196
35812743897000,-19548000,-0.068691686,1.2947977,1.9885178
35812763438000,-19541000,0.345391,1.4328029,1.946846
35812782983000,-19545000,1.056269,1.316925,2.0132866
35812802560000,-19577000,1.2985795,1.0813069,2.4705133
35812822134000,-19574000,0.55587196,0.88030696,2.5688748
35812841668000,-19534000,0.15037483,0.3713274,2.7671657
35812861262000,-19594000,0.23607522,-0.05970335,2.6633315
35812880790000,-19528000,0.60356987,-0.14066243,2.9295077
35812900327000,-19537000,1.2925428,-0.63329077,2.6486912
35812919860000,-19533000,1.2889931,-0.8049848,0.9238825
35812939470000,-19610000,1.3979096,-0.7659342,-1.1683087
35812958974000,-19504000,1.3129773,-0.9711983,-2.7787056
35812978561000,-19587000,0.91892517,-0.957155,-3.2099214
35812998092000,-19531000,0.31129557,-0.9887812,-2.739193
35813017633000,-19541000,-0.107608706,-1.044631,-2.1031075
35813037185000,-19552000,0.08430138,-0.8934839,-2.0392199
35813056761000,-19576000,-0.08850461,-0.61147976,-2.7891335
35813076300000,-19539000,0.084338754,-0.39068818,-3.1986942
35813095843000,-19543000,-0.27654913,-0.1558609,-3.1691837
35813115445000,-19602000,-0.48007846,0.14836359,-2.6609159
35813135060000,-19615000,-0.44818848,0.59573627,-2.1340733
35813154514000,-19454000,-0.16048598,1.1826572,-1.4575596
35813174125000,-19611000,-0.094872355,1.522398,-0.88373756
35813193628000,-19503000,0.05545795,1.9554813,-0.3038969
35813213288000,-19660000,0.09886062,2.0562522,0.54368496
35813233013000,-19725000,0.11125469,2.4333768,0.7125654
35813252284000,-19271000,0.43601865,2.413123,1.3040733
35813271870000,-19586000,0.7271252,2.221832,2.4448528
35813291432000,-19562000,0.006010592,2.0489173,3.4374094
35813310931000,-19499000,-1.499161,1.4912641,3.5272713
35813330503000,-19572000,-1.9888967,1.0852599,2.8799634
35813350037000,-19534000,-0.81173766,0.60285306,2.6009617
35813369599000,-19562000,-0.111717284,0.04697752,2.7058177
35813389148000,-19549000,-0.23238239,-0.46323514,2.216497
35813408677000,-19529000,-0.5601575,-0.6162417,1.6894941
35813428251000,-19574000,0.015978515,-1.0194995,0.9743991
35813447783000,-19532000,0.40386784,-1.418323,0.8998704
35813467363000,-19580000,0.2579254,-1.8265302,1.0697699
35813486875000,-19512000,-0.51889914,-2.0859923,1.2806721
35813506473000,-19598000,-1.5255576,-2.1541133,0.67732716
35813526016000,-19543000,-2.0347824,-2.372311,-0.17817116
35813545578000,-19562000,-1.8544967,-2.2401443,-1.3373647
35813565227000,-19649000,-1.0789422,-2.1583247,-2.6221519
35813584676000,-19449000,-0.14700598,-1.8590903,-3.547542
35813604228000,-19552000,0.50206035,-1.7645159,-3.8966622
35813623752000,-19524000,0.5043451,-1.4937611,-4.0846715
35813643324000,-19572000,-0.19872266,-1.2029941,-4.029158
35813662877000,-19553000,-0.4214619,-0.85782194,-3.3617172
35813682732000,-19855000,-0.39537293,-0.40442848,-2.0594096
35813701974000,-19242000,-0.33284965,0.16993284,-0.9865608
35813721536000,-19562000,-0.23467524,0.49719334,-0.06760979
35813741046000,-19510000,-0.12058072,0.5913408,0.86392593
35813760738000,-19692000,-0.1440953,0.8498876,1.7048426
35813780211000,-19473000,-0.05640595,0.6553848,2.5208035
35813799797000,-19586000,-0.3746801,0.75129795,2.4584084
35813819314000,-19517000,-0.69652027,1.00107,2.7897139
35813838846000,-19532000,-0.60007423,1.0010052,3.638587
35813858422000,-19576000,-0.08456871,0.96122694,3.6362686
35813878055000,-19633000,0.9657139,0.9586034,2.3925257
35813897523000,-19468000,1.5550733,0.8987417,1.3779631
35813917183000,-19660000,1.242388,0.4382496,0.6285906
35813936611000,-19428000,0.06461144,0.48010087,0.4535303
35813956172000,-19561000,-0.6198125,0.08830166,1.3164349
35813975774000,-19602000,0.3184307,-0.33176017,1.9019718
35813995307000,-19533000,1.5003874,-0.5083122,1.9874725
35814014834000,-19527000,1.2599543,-0.41853142,1.1388235
35814034378000,-19544000,0.65050167,-0.5185282,-0.25518036
35814053942000,-19564000,0.45704234,-0.69014835,-1.4037118
35814073482000,-19540000,0.43054357,-0.62422895,-2.3582535
35814093203000,-19721000,0.4563092,-0.7591641,-3.0358543
35814112612000,-19409000,0.3438339,-0.6914742,-3.0463052
35814132157000,-19545000,0.3812678,-0.6501429,-2.8617406
35814151838000,-19681000,0.32062483,-0.46255398,-3.3763208
35814171265000,-19427000,0.48881465,-0.18699622,-3.4751987
35814190877000,-19612000,0.69516695,-0.015939951,-3.212398
35814210500000,-19623000,0.5573571,0.4510541,-2.62498
35814229928000,-19428000,-0.1730484,0.6176951,-2.1548562
35814249474000,-19546000,-0.1740968,0.9793494,-1.8613858
35814269046000,-19572000,0.3057609,1.4180188,-1.3656263
35814288593000,-19547000,0.48184267,1.7197185,-0.50098896
35814308254000,-19661000,0.3545258,1.9576805,0.30475712
35814327757000,-19503000,-0.056952298,1.9563177,1.2539854
35814347224000,-19467000,-0.19723898,1.7510757,2.6256342
35814366793000,-19569000,-0.7175751,1.416199,3.779028
35814386365000,-19572000,-1.5601876,0.9695699,3.345065
35814405909000,-19544000,-1.5558631,0.6601703,2.2917585
35814425446000,-19537000,-1.1437322,0.6232567,2.278163
35814445027000,-19581000,-1.0116597,-0.23073602,2.877881
35814464677000,-19650000,-1.6561463,-0.90268946,2.8433628
35814484136000,-19459000,-2.2526865,-1.1008797,2.1560388
35814503675000,-19539000,-1.8617251,-0.97399473,1.9090781
35814523224000,-19549000,-1.2102883,-1.4940007,1.7995338
35814542762000,-19538000,-0.71942145,-1.6602902,1.602623
35814562333000,-19571000,-0.40872982,-2.0625122,1.419961
35814581947000,-19614000,-0.87342036,-2.2374492,0.6258545
35814601717000,-19770000,-1.1769679,-2.1246202,-0.19872856
35814621046000,-19329000,-1.2650516,-1.9335327,-1.1029949
35814640544000,-19498000,-0.69894874,-1.7394667,-2.0995893
35814660138000,-19594000,-0.11246806,-1.3317056,-2.7600312
35814680158000,-20020000,0.5312304,-0.88299394,-3.0962257
35814699219000,-19061000,0.6735998,-0.51352286,-3.1397624
35814718772000,-19553000,0.5233616,-0.28279638,-3.3247776
35814738427000,-19655000,0.36535028,0.18808222,-3.186811
35814757859000,-19432000,0.25485995,0.51067686,-2.819477
35814777517000,-19658000,0.3435569,0.9676163,-1.9720616
35814797298000,-19781000,0.66889226,1.4580669,-0.76039124
35814816541000,-19243000,1.0395424,1.6895046,0.6945286
35814836234000,-19693000,1.1679299,1.6767073,1.4117393
35814855675000,-19441000,0.8439115,1.6266978,1.1135674
35814875223000,-19548000,0.5083266,1.4599259,0.7483902
35814894732000,-19509000,0.43016684,1.5195732,1.3597851
35814914315000,-19583000,0.41907004,1.3836958,2.13453
35814933844000,-19529000,1.1662793,1.3979177,2.241334
35814953397000,-19553000,1.8689487,0.81689286,2.133565
35814973026000,-19629000,1.6854115,0.5624058,1.4807215
35814992510000,-19484000,0.539765,0.21680927,0.91229343
35815012074000,-19564000,0.07944843,0.07119799,0.42744446
35815031638000,-19564000,0.3051729,-0.34886146,0.20022297
35815051221000,-19583000,1.0649338,-0.5408554,0.46405792
35815070730000,-19509000,1.2492673,-0.8258648,0.97509193
35815090321000,-19591000,0.8016694,-1.1231782,1.1446972
35815109854000,-19533000,0.08672969,-1.3524244,0.8440218
35815129371000,-19517000,-0.760893,-1.2422807,0.17330933
35815148913000,-19542000,-0.9549123,-1.1924715,-0.6528263
35815168483000,-19570000,-0.6852406,-1.1438804,-1.4581838
35815188025000,-19542000,-0.33293498,-0.67452955,-2.5834374
35815207586000,-19561000,-0.0876766,-0.5317867,-3.5069413
35815227187000,-19601000,0.090097666,-0.276515,-4.185317
35815246993000,-19806000,0.6988645,0.1466546,-4.306386
35815266226000,-19233000,0.70340073,0.56112623,-3.8658051
35815285783000,-19557000,0.48557165,0.98287416,-3.126419
35815305344000,-19561000,0.54134095,1.5033865,-1.7215228
35815324882000,-19538000,0.5428568,1.7924569,-0.7426281
35815344466000,-19584000,0.60290134,1.9412217,-0.038846016
35815364211000,-19745000,0.3747884,2.1366987,0.3659439
35815383557000,-19346000,0.35503224,2.1645641,0.97984505
35815403035000,-19478000,0.23609191,2.1556296,1.9097357
35815422663000,-19628000,0.074839234,2.0691636,3.0317078
35815442506000,-19843000,-0.7991591,1.9419229,3.819046
35815461773000,-19267000,-1.9443076,1.9285774,3.4382129
35815481609000,-19836000,-1.8268203,1.7220709,2.2824912
35815500863000,-19254000,-1.1142273,1.670718,1.9167309
35815520353000,-19490000,-0.7803327,1.0101218,2.2214637
35815540018000,-19665000,-0.63088363,0.18356562,2.7353406
35815559815000,-19797000,-0.7598035,-0.30721807,2.5397835
35815579065000,-19250000,-0.3432831,-0.8777325,2.1187634
35815598687000,-19622000,0.23586804,-1.3320706,1.6277838
35815618118000,-19431000,0.1910333,-1.5687873,1.2451305
35815637810000,-19692000,0.07606706,-2.2530494,0.74584293
35815657291000,-19481000,-0.3606382,-2.6902616,-0.20738411
35815676769000,-19478000,-0.4127267,-2.7227266,-1.1287446
35815696314000,-19545000,-0.58007264,-2.6147513,-1.8961163
35815716167000,-19853000,-0.53828967,-2.6119308,-2.5021996
35815735495000,-19328000,-0.039341204,-2.3311675,-3.0919876
35815754970000,-19475000,0.016200483,-2.174122,-3.715857
35815774577000,-19607000,0.4133339,-1.8927112,-4.0224442
35815794076000,-19499000,0.23226514,-1.4708614,-3.7958522
35815813634000,-19558000,0.20033368,-0.931288,-3.5107555
35815833210000,-19576000,-0.027689692,-0.47024536,-3.1840901
35815852745000,-19535000,0.122553,-0.01678133,-2.2988653
35815872258000,-19513000,0.057323564,0.7295022,-0.95319843
35815891834000,-19576000,0.23654145,1.0537863,0.4079914
35815911388000,-19554000,0.41159993,1.2178895,1.2793655
35815930933000,-19545000,0.6977917,1.3499744,1.613204
35815950492000,-19559000,0.6931013,1.4257596,1.264761
35815970039000,-19547000,0.26349154,1.4029119,1.6404762
35815989628000,-19589000,-0.09304838,1.5467792,2.5005398
35816009143000,-19515000,0.06430233,1.5304506,2.6871138
35816028702000,-19559000,1.0616672,1.5834911,2.4613676
35816048354000,-19652000,1.5970489,1.6491234,1.741395
35816067800000,-19446000,0.7894987,0.9443872,0.58234787
35816087416000,-19616000,-0.3654895,0.56318474,0.53499794
35816106917000,-19501000,-1.0252652,0.1262474,1.257534
35816126527000,-19610000,-0.4230905,-0.11341882,2.1602492
35816146012000,-19485000,0.10183811,-0.28475046,2.8273644
35816165645000,-19633000,0.05320683,-0.5744653,1.9799404
35816185136000,-19491000,0.35183978,-0.6134553,0.17818832
35816204686000,-19550000,0.5388834,-0.799458,-1.3096323
35816224245000,-19559000,0.17403537,-0.80294657,-1.6355791
35816243788000,-19543000,-0.18748075,-1.0421941,-1.0231719
35816263330000,-19542000,-0.43111038,-1.1318862,-0.8830662
35816282904000,-19574000,-0.21230263,-1.204653,-1.6304765
35816302476000,-19572000,0.066690534,-0.9917083,-3.202752
35816322502000,-20026000,0.2909988,-0.7031987,-4.177622
35816341554000,-19052000,0.5942676,-0.43750095,-4.2841864
35816361128000,-19574000,0.45886162,-0.19533539,-3.2301655
35816380984000,-19856000,0.2669653,-0.017110348,-2.0652285
35816400233000,-19249000,-0.020749032,0.4569559,-1.4416966
35816419790000,-19557000,0.18866435,0.9174042,-1.0531044
35816439338000,-19548000,0.76058877,1.3220534,-0.36700535
35816459040000,-19702000,0.75602967,1.6668901,0.5921507
35816478515000,-19475000,0.6916727,1.9285202,1.5095587
35816498008000,-19493000,0.8350408,1.9306271,2.1086588
35816517549000,-19541000,0.898187,1.937835,2.974122
35816537110000,-19561000,-0.28776208,2.1963222,3.1005888
35816556732000,-19622000,-0.6734781,1.7846918,2.7664356
35816576583000,-19851000,-0.43076938,1.4868474,2.3659072
35816595800000,-19217000,-0.28562307,0.7298651,3.0245237
35816615474000,-19674000,-0.619513,-0.17951107,3.2819643
35816634923000,-19449000,-1.9092491,-0.6822524,3.099306
35816654475000,-19552000,-2.5628948,-1.2530909,2.0742307
35816674044000,-19569000,-1.9456812,-1.388547,0.9174962
35816693579000,-19535000,-1.1272593,-1.5996137,0.30378342
35816713131000,-19552000,-0.9669963,-1.8227551,0.679656
35816732669000,-19538000,-1.4251442,-2.2439046,1.4396715
35816752307000,-19638000,-1.6584427,-2.5325491,1.3844814
35816772115000,-19808000,-1.1499317,-2.5121067,0.21426868
35816791355000,-19240000,-0.38059896,-2.4296882,-1.9103527
35816810904000,-19549000,0.5335453,-2.2253652,-3.5477204
35816830474000,-19570000,0.74699354,-1.8412304,-4.5764794
35816850007000,-19533000,0.4283166,-1.5273836,-4.9509997
35816869593000,-19586000,0.109639674,-1.3051221,-4.4145308
35816889233000,-19640000,-0.17474256,-0.92879343,-3.8983827
35816908706000,-19473000,-0.27489033,-0.4607687,-3.5318546
35816928242000,-19536000,-0.34609646,0.28571177,-2.3542604
35816947797000,-19555000,-0.102032885,0.90296745,-1.0553265
35816967641000,-19844000,0.51454914,1.270644,0.47769165
35816986910000,-19269000,1.0637351,1.2095377,1.2963343
35817006441000,-19531000,1.220077,1.1357398,1.9480104
35817025992000,-19551000,0.98361593,0.92958665,2.3254976
35817045554000,-19562000,0.6798346,0.9515164,2.703763
35817065103000,-19549000,0.3470764,0.89308786,3.0707169
35817084658000,-19555000,0.5220889,1.0601852,3.2622566
35817104223000,-19565000,1.1866186,1.0703733,3.6523438
35817123872000,-19649000,1.7478805,1.0016932,3.3144536
35817143299000,-19427000,1.2492461,0.6270497,2.4170918
35817163201000,-19902000,0.3993386,0.4845786,1.741899
35817182587000,-19386000,0.02293748,0.19563317,1.5796905
35817201987000,-19400000,0.63811374,-0.3129201,1.704174
35817221575000,-19588000,0.7137924,-0.80769587,1.8519993
35817241096000,-19521000,0.09838036,-0.8631134,1.2642717
35817260666000,-19570000,-0.32558018,-1.2220345,0.29292965
35817280258000,-19592000,-0.44156748,-1.2483726,-0.86286545
35817299752000,-19494000,-0.8797979,-1.4173782,-1.9266596
35817319344000,-19592000,-0.98711205,-1.3812642,-2.8711543
35817338841000,-19497000,-0.85726124,-1.2336917,-3.381096
35817358397000,-19556000,-0.7756889,-1.1265223,-3.8885303
35817377959000,-19562000,-0.79841864,-1.0211303,-4.2897544
35817397491000,-19532000,-0.44580135,-0.4393978,-4.807843
35817417190000,-19699000,-0.15808025,0.004426241,-4.440915
35817436652000,-19462000,0.25532988,0.4221766,-3.358705
35817456193000,-19541000,-0.011393338,1.0212166,-2.2682595
35817475759000,-19566000,0.07395837,1.4525692,-1.3817797
35817495296000,-19537000,0.83450264,1.6731231,-0.6849451
35817514972000,-19676000,1.0226709,2.0035584,0.00710392
35817534511000,-19539000,0.807892,2.0559204,0.7033138
35817553978000,-19467000,0.5320887,2.0557857,1.6609888
35817573528000,-19550000,0.3843571,2.1144946,2.8884697
35817593044000,-19516000,-0.3073513,1.9614956,3.6657238
35817612627000,-19583000,-1.6777599,1.8251867,3.177453
35817632454000,-19827000,-1.3703344,1.6282735,2.5436673
35817651896000,-19442000,-0.531863,1.2579589,2.178504
35817671270000,-19374000,0.17008686,0.601532,2.9967313
35817690840000,-19570000,0.0101659,-0.03198576,4.114596
35817710491000,-19651000,-0.76083434,-0.67685556,4.1145105
35817729924000,-19433000,-0.66698325,-1.0210218,3.2096348
35817749474000,-19550000,-0.30118763,-1.1356974,1.7659259
35817769023000,-19549000,-0.44817084,-1.5130556,1.3391647
35817788577000,-19554000,-0.74374926,-1.8219752,1.6290112
35817808140000,-19563000,-1.6666908,-2.4789147,1.0148983
35817827741000,-19601000,-1.9334635,-2.6368604,-0.3993187
35817847240000,-19499000,-1.4477468,-2.4648933,-2.0492048
35817866868000,-19628000,-0.99379486,-2.4390948,-3.6961827
35817886336000,-19468000,-0.57105225,-2.1946251,-4.966184
35817906008000,-19672000,-0.16002125,-1.8840907,-5.791437
35817925455000,-19447000,0.5254918,-1.3946519,-5.6252146
35817945000000,-19545000,0.58365494,-0.7285979,-4.8982496
35817964526000,-19526000,0.24173401,-0.52198815,-4.043592
35817984101000,-19575000,-0.23498759,0.043939114,-3.2098327
35818003862000,-19761000,0.26177964,0.73399043,-2.2612453
35818023505000,-19643000,1.0594149,1.2924855,-0.780632
35818042768000,-19263000,1.390007,1.4443102,0.47580338
35818062342000,-19574000,1.4624802,1.4710021,1.6534433
35818081848000,-19506000,1.1985565,1.3478036,2.5860205
35818101494000,-19646000,0.9988818,1.0127008,2.9342546
35818120936000,-19442000,0.7478787,1.4014134,3.0084229
35818140464000,-19528000,0.560249,1.5737834,2.8908052
35818160071000,-19607000,1.0878326,1.3954039,2.5696611
35818179545000,-19474000,1.9107449,1.1739311,2.0937686
35818199121000,-19576000,2.0341554,0.56618714,1.5149055
35818218646000,-19525000,1.133537,0.16888213,1.7507157
35818238304000,-19658000,-0.4265322,-0.26352692,2.476316
35818257759000,-19455000,-1.0162433,-0.68769884,3.3513832
35818277445000,-19686000,-0.15459624,-0.73503757,3.4984007
35818296860000,-19415000,1.032,-0.91698074,2.0424957
35818316507000,-19647000,1.129058,-0.5583401,-0.15029144
35818336174000,-19667000,1.0006129,-0.59321,-2.1350646
35818355616000,-19442000,0.571074,-0.5585687,-3.1366143
35818375392000,-19776000,0.070326835,-0.624434,-2.820222
35818394716000,-19324000,-0.4633033,-0.79012656,-1.748415
35818414327000,-19611000,-0.60840464,-0.92107797,-1.2328033
35818433814000,-19487000,-0.6709465,-0.6349127,-1.7631574
35818453650000,-19836000,-0.5926425,-0.48768616,-3.1418457
35818472884000,-19234000,-0.5068468,-0.2520492,-4.3324957
35818492352000,-19468000,-0.31702924,0.16610646,-4.3363895
35818511902000,-19550000,-0.19523323,0.30466986,-3.669145
35818531489000,-19587000,-0.486378,0.86940455,-2.4261532
35818551020000,-19531000,-1.0186747,1.205761,-1.27948
35818570561000,-19541000,-0.7010175,1.5784149,-0.3667879
35818590126000,-19565000,-0.012860656,1.9263072,0.7081995
35818609637000,-19511000,0.35543013,2.3416495,1.5922813
35818629282000,-19645000,0.28779933,2.188892,2.2761145
35818648777000,-19495000,0.203783,2.3845942,2.9400072
35818668344000,-19567000,-0.30072442,2.332539,3.4774857
35818687883000,-19539000,-1.5721676,2.0695868,3.2844973
35818707391000,-19508000,-1.523669,1.8251054,2.4671383
35818726966000,-19575000,-0.7296065,1.8867135,1.9380345
35818746468000,-19502000,-0.26165736,1.1835175,2.2108026
35818766059000,-19591000,-0.5210185,0.08164644,2.3649487
35818785616000,-19557000,-0.9707393,-0.36180997,2.536345
35818805175000,-19559000,-1.2464572,-0.64023614,2.7474809
35818824750000,-19575000,-1.2135997,-1.0163851,2.3323193
35818844280000,-19530000,-0.8715762,-1.3886611,1.8707066
35818863976000,-19696000,-0.7368161,-1.6557565,1.9037838
35818883329000,-19353000,-0.48368153,-1.9847653,1.2703104
35818902873000,-19544000,-0.6100645,-2.2562542,0.090289116
35818922431000,-19558000,-0.54183996,-2.313355,-1.0938816
35818941989000,-19558000,-0.58622867,-2.2875018,-2.2372942
35818961534000,-19545000,-0.18868318,-2.1963465,-3.3710365
35818981051000,-19517000,0.6114383,-1.9821625,-4.372447
35819000631000,-19580000,1.0658351,-1.7797079,-4.9270473
35819020408000,-19777000,1.0960879,-1.5329883,-5.064936
35819039699000,-19291000,0.6997928,-0.92103887,-4.9143133
35819059518000,-19819000,0.3917974,-0.6164627,-3.969881
35819078793000,-19275000,0.22797869,-0.31915665,-2.6333513
35819098379000,-19586000,0.36043268,0.23480749,-1.4584885
35819117915000,-19536000,0.44432008,0.58017826,-0.5641146
35819137452000,-19537000,0.7865992,1.0945878,0.36847878
35819156993000,-19541000,1.0624675,1.2747927,0.90831566
35819176552000,-19559000,1.3684967,1.5947869,1.7335777
35819196093000,-19541000,0.9391999,1.6864269,2.3147554
35819215709000,-19616000,0.23470828,1.6994829,2.8312807
35819235176000,-19467000,-0.01624751,1.6126134,2.8117924
35819254770000,-19594000,0.5321553,1.730788,2.323038
35819274294000,-19524000,1.594217,1.5560505,1.8171387
35819294008000,-19714000,1.8877549,1.2804253,1.7102447
35819313358000,-19350000,1.1646199,0.8301914,1.6761451
35819333253000,-19895000,-0.26926067,0.43661666,1.6946845
35819352462000,-19209000,-0.9958022,-0.047941446,1.8676181
35819372067000,-19605000,-0.4398313,-0.25617337,1.7763982
35819391561000,-19494000,0.5577925,-0.20204759,1.3504019
35819411114000,-19553000,0.9646792,-0.24459147,0.2697916
35819430667000,-19553000,1.0119501,-0.43661618,-1.1141257
35819450293000,-19626000,0.7765148,-0.6783862,-1.8749223
35819469749000,-19456000,0.23879567,-0.7367866,-2.3106685
35819489355000,-19606000,-0.29547915,-0.9349427,-2.5281844
35819508851000,-19496000,-0.32878596,-0.79237866,-2.251121
35819528379000,-19528000,-0.26339152,-0.88273835,-2.4683795
35819547971000,-19592000,-0.48201412,-0.70777106,-3.0976992
35819567482000,-19511000,-0.52438766,-0.55544186,-3.3692122
35819587069000,-19587000,-0.5430616,-0.1970334,-3.4910073
35819606595000,-19526000,-0.65230495,0.2696619,-3.23242
35819626129000,-19534000,-1.0047448,0.5739155,-2.7852502
35819645930000,-19801000,-1.2357634,0.8468833,-1.9203234
35819665262000,-19332000,-0.90456355,1.4482841,-0.64315605
35819684816000,-19554000,-0.3743986,1.7614632,-0.06862831
35819704349000,-19533000,-0.21978858,1.9355559,0.12197971
35819723875000,-19526000,-0.077325135,2.2155585,-0.23250198
35819743449000,-19574000,0.013587445,2.291307,0.9475832
35819763129000,-19680000,0.0322434,2.0829434,2.4860601
35819782542000,-19413000,-1.0768588,1.9142456,4.2407956
35819802066000,-19524000,-1.9743946,1.6688209,3.8675003
35819821643000,-19577000,-1.4351838,1.4231148,2.81429
35819841359000,-19716000,-0.32081124,1.177938,2.0704756
35819860754000,-19395000,-0.37383944,0.7065115,2.4564009
35819880376000,-19622000,-0.540323,0.0687747,3.2419848
35819899854000,-19478000,-0.91623425,-0.40536642,3.3368301
35819919390000,-19536000,-1.061254,-0.8072243,2.8386583
35819938982000,-19592000,-0.93719685,-1.3616381,2.6124568
35819958497000,-19515000,-0.90801716,-1.64186,2.2797985
35819978050000,-19553000,-0.8394951,-2.0641356,1.5199995
35819997774000,-19724000,-0.32921663,-2.3554404,0.22340298
35820017162000,-19388000,-0.2777948,-2.5309646,-0.62504005
35820036680000,-19518000,-0.20672077,-2.6829133,-1.6312666
35820056295000,-19615000,-0.15500134,-2.5596492,-2.2317662
35820075812000,-19517000,-0.14280343,-2.5431378,-2.4368682
35820095363000,-19551000,0.3651814,-2.3649225,-2.7554479
35820115188000,-19825000,0.7933307,-2.082593,-2.9309115
35820134475000,-19287000,1.0445035,-1.3937109,-3.245266
35820153982000,-19507000,0.88741696,-1.0283995,-3.3681679
35820173579000,-19597000,0.60782206,-0.74162054,-3.162765
35820193164000,-19585000,0.30022022,-0.3661685,-2.3411417
35820212689000,-19525000,0.19382235,0.14966822,-1.7093015
35820232702000,-20013000,0.7671127,0.72446346,-1.1535892
35820251745000,-19043000,1.4660997,1.1017375,-0.18592167
35820271348000,-19603000,1.8310857,1.391788,1.0170822
35820290832000,-19484000,1.4219234,1.3022501,2.044137
35820310474000,-19642000,0.6023134,1.0395732,2.292241
35820329928000,-19454000,-0.052753717,1.0988591,2.5359278
35820350048000,-20120000,0.14625505,1.1518805,2.6507978
35820369039000,-18991000,0.6661303,1.3535492,2.3021307
35820388609000,-19570000,1.6612343,1.4543555,2.076356
35820408146000,-19537000,1.8690335,1.0729246,1.5092754
35820427706000,-19560000,1.1753402,0.82439137,1.4416146
35820447226000,-19520000,0.30812737,0.5585084,1.8740425
35820466770000,-19544000,-0.44524366,0.1254344,1.87047
35820486348000,-19578000,-0.4328913,0.027013063,1.5495586
35820505931000,-19583000,0.49983594,-0.077316284,1.4331341
35820525449000,-19518000,1.3586444,-0.41309094,0.60724163
35820545088000,-19639000,1.0911705,-0.5167544,-0.67386436
35820564556000,-19468000,0.48303545,-0.42289352,-1.5032654
35820584493000,-19937000,-0.12145336,-0.6073878,-1.5685892
35820603675000,-19182000,-0.5500126,-0.8189628,-1.3210244
35820623294000,-19619000,-0.34297776,-0.9791961,-1.4629569
35820642797000,-19503000,-0.17014214,-0.6274805,-2.563146
35820662586000,-19789000,-0.29890567,-0.18455362,-3.1609488
35820681941000,-19355000,-0.46046853,-0.26429176,-3.8660913
35820701544000,-19603000,-0.9223804,-0.024850368,-3.7172256
35820721060000,-19516000,-1.0520835,0.07200861,-3.4400568
35820740622000,-19562000,-0.71491176,0.3878131,-3.1288605
35820760176000,-19554000,-0.94462925,0.91974926,-3.3966336
35820779729000,-19553000,-1.453552,1.2241955,-2.6934104
35820799310000,-19581000,-1.6476191,1.6808972,-1.9412699
35820819146000,-19836000,-1.5071012,2.0181766,-0.8560648
35820838419000,-19273000,-1.070672,1.8495507,0.1709814
35820857936000,-19517000,-1.2189242,1.9952478,0.7893543
35820877500000,-19564000,-1.3200127,2.2992673,1.9487543
35820897043000,-19543000,-1.1639475,2.089233,2.9314952
35820916596000,-19553000,-1.4411488,1.8618455,2.80896
35820936189000,-19593000,-1.692881,1.6932325,1.2275085
35820955732000,-19543000,-1.1731983,2.3310242,0.28674793
35820975252000,-19520000,-1.2620724,2.3974133,0.97815275
35820994823000,-19571000,-0.9068915,1.2809505,2.7637277
35821014368000,-19545000,0.40833044,0.24789047,3.4221888
35821033904000,-19536000,0.34526217,-0.14345407,2.6101036
35821053502000,-19598000,-0.73426974,-0.23412418,1.152627
35821073022000,-19520000,-0.7640705,-0.19172096,0.48925257
35821092572000,-19550000,-0.2822643,-0.43289375,0.8538332
35821112217000,-19645000,-0.19021368,-0.79999685,1.3321428
35821131857000,-19640000,-0.2779218,-0.9634342,2.1217456
35821151227000,-19370000,-0.33504146,-1.226428,2.8648205
35821171206000,-19979000,-0.5339378,-1.5860863,2.1849713
35821190348000,-19142000,-0.41443586,-1.754004,0.68064976
35821209895000,-19547000,-0.033320367,-1.9965336,-0.7849698
35821229473000,-19578000,0.5910811,-1.7192106,-2.1900954
35821249006000,-19533000,1.3252596,-1.4392762,-2.8029537
35821268566000,-19560000,1.5179243,-1.0808477,-2.8482933
35821288442000,-19876000,0.88088465,-0.8556218,-2.645813
35821307671000,-19229000,0.77318555,-0.94022083,-2.1329184
35821327390000,-19719000,0.67633724,-0.76202965,-1.8025122
35821346788000,-19398000,1.0689255,-0.49778986,-1.729382
35821366337000,-19549000,0.80150694,-0.07425451,-1.9508295
35821385895000,-19558000,0.87035733,-0.012314796,-1.7210331
35821405755000,-19860000,0.81605524,0.3933487,-1.5204549
35821425005000,-19250000,1.138167,0.6214781,-0.81850624
35821444536000,-19531000,1.2051487,0.82237434,0.28565407
35821464127000,-19591000,0.76881844,0.62933207,0.73330975
35821483807000,-19680000,0.3854238,0.6146741,1.1503506
35821503205000,-19398000,0.26702467,0.7387495,0.95472336
35821522913000,-19708000,0.22308972,0.9047923,0.40832806
35821544796000,-21883000,0.9428656,0.80384016,0.55948544
35821561890000,-17094000,1.1866775,0.3467784,0.86709404
35821581476000,-19586000,0.6663992,0.18227005,1.2888279
35821601126000,-19650000,0.3592481,0.06304741,2.3401012
35821620571000,-19445000,-0.11756724,-0.046528816,3.5222182
35821640094000,-19523000,-0.30409867,-0.23960352,3.4933372
35821659677000,-19583000,0.10668632,-0.474998,2.5012422
35821679222000,-19545000,0.6749903,-0.55817175,1.6178842
35821698759000,-19537000,0.9990398,-0.8693299,1.3033047
35821718301000,-19542000,0.8871405,-0.9652753,1.31038
35821737904000,-19603000,0.58750033,-1.0351443,0.9910288
35821757439000,-19535000,0.80766135,-0.96202374,0.6562815
35821777024000,-19585000,0.8760079,-0.93590164,0.061948776
35821796555000,-19531000,0.92543405,-1.1091352,-0.6715698
35821816125000,-19570000,0.85903186,-1.2706349,-1.2323136
35821835658000,-19533000,0.9631306,-1.2673194,-1.7294035
35821855246000,-19588000,1.3134816,-1.2910693,-1.5251393
35821874754000,-19508000,0.8751607,-0.9979353,-1.495379
35821894323000,-19569000,0.37545043,-0.94425344,-1.3677201
35821913842000,-19519000,0.13990992,-0.86325264,-1.1010437
35821933454000,-19612000,0.034888268,-0.94789624,-0.61727047
35821953086000,-19632000,-0.16833068,-0.72106266,-0.7020006
35821972536000,-19450000,-0.257334,-0.43375683,-0.8594732
35821992076000,-19540000,-0.115466714,-0.24085999,-0.55604076
35822011668000,-19592000,-0.14315924,-0.14417171,-0.17826939
35822031207000,-19539000,-0.26218262,-0.04984045,0.058973312
35822050784000,-19577000,-0.54787856,0.2893672,0.093961716
35822070447000,-19663000,-0.40548998,0.2972064,-0.020133972
35822089875000,-19428000,-0.2749302,0.27861452,0.037919044
35822109502000,-19627000,-0.21322286,0.366467,-0.78860474
35822129006000,-19504000,-0.1056,0.71316004,-1.7360868
35822148632000,-19626000,0.31562978,0.6860199,-1.3882036
35822168209000,-19577000,0.7620897,0.32310057,0.4085474
35822187720000,-19511000,0.14044517,0.8119972,-0.46293163
35822207202000,-19482000,-0.8998855,0.88892627,0.2694502
35822226945000,-19743000,-1.9580286,0.535038,0.70994854
35822246288000,-19343000,-1.7129192,0.28776312,0.7052994
35822265937000,-19649000,-0.8532495,0.22438192,0.9636717
35822285438000,-19501000,-0.27798477,0.26979208,0.8904629
35822304960000,-19522000,-0.59892404,0.17656183,0.4655323
35822324507000,-19547000,-0.20668617,0.27195597,-0.062906265
35822344112000,-19605000,-0.38469958,0.63414097,-0.6567445
35822363612000,-19500000,-1.1145118,1.3410554,-2.0237784
35822383273000,-19661000,-0.97933936,0.28642845,-1.6146512
35822402817000,-19544000,-0.9949351,-0.09694433,0.6312208
