35771635639000,0,21.4375,-12.4375,-24.5625
35771635639000,-124944000,2.5,-13.125,-27.0
35771635639000,-194232000,-35.0625,-14.625,-32.1875
35771635639000,-177544000,-34.5625,-14.375,-32.1875
35771635639000,-160722000,-35.0625,-14.875,-32.4375
35771635639000,-143914000,-16.375,-14.125,-29.75
35771635639000,-211174000,-34.8125,-14.625,-32.1875
35771635639000,-228392000,-35.3125,-14.375,-32.1875
35771635639000,-244952000,-34.5625,-14.875,-31.9375
35771635639000,-262405000,-34.5625,-15.125,-31.6875
35771635639000,-278246000,-35.0625,-14.875,-31.4375
35771635639000,-294856000,-34.8125,-14.875,-31.9375
35771635639000,-311875000,-35.5625,-14.375,-32.4375
35771635639000,-328394000,-35.8125,-13.875,-32.6875
35771635639000,-345041000,-35.8125,-13.875,-33.1875
35771635639000,-361913000,-36.0625,-14.125,-32.6875
35771635639000,-378877000,-36.0625,-14.375,-32.1875
35771635639000,-395473000,-36.3125,-14.625,-32.1875
35771635639000,-412073000,-35.8125,-15.125,-31.9375
35771635639000,-428738000,-35.5625,-14.875,-32.1875
35771635639000,-445801000,-36.0625,-14.875,-32.6875
35771635639000,-462373000,-36.0625,-14.875,-32.9375
35771635639000,-479162000,-36.8125,-14.875,-32.4375
35771635639000,-496050000,-36.5625,-15.125,-31.9375
35771635639000,-512865000,-35.8125,-14.625,-31.9375
35771635639000,-529957000,-36.0625,-14.625,-31.6875
35771635639000,-547027000,-35.8125,-14.375,-31.9375
35771635639000,-563548000,-36.3125,-13.625,-32.4375
35771635639000,-580372000,-36.8125,-13.875,-32.6875
35771635639000,-596981000,-36.0625,-13.875,-32.9375
35771635639000,-613625000,-36.3125,-13.625,-33.1875
35771635639000,-630436000,-36.0625,-13.875,-33.4375
35771635639000,-647600000,-35.8125,-13.375,-33.875
35771635639000,-664007000,-36.0625,-12.875,-33.6875
35771635639000,-681040000,-36.0625,-12.625,-33.6875
35771635639000,-697496000,-36.5625,-12.4375,-33.6875
35771635639000,-714192000,-36.5625,-12.4375,-32.9375
35771635639000,-730874000,-36.0625,-12.4375,-33.1875
35771635639000,-747624000,-35.3125,-12.4375,-33.875
35771635639000,-764573000,-34.5625,-12.1875,-33.875
35771635639000,-781471000,-34.3125,-12.1875,-34.125
35771635639000,-798088000,-34.8125,-12.1875,-33.875
35771635639000,-814980000,-35.0625,-11.9375,-33.1875
35771635639000,-831653000,-34.5625,-11.9375,-33.4375
35771635639000,-848431000,-34.5625,-11.4375,-33.1875
35771635639000,-865286000,-34.5625,-10.9375,-33.6875
35771635639000,-881898000,-34.8125,-10.4375,-33.875
35771635639000,-899223000,-35.3125,-10.1875,-33.6875
35771635639000,-915377000,-35.0625,-9.6875,-33.875
35771635639000,-932269000,-35.0625,-9.4375,-34.125
35771635639000,-949517000,-34.0625,-9.1875,-34.625
35771635639000,-965857000,-33.875,-9.1875,-34.625
35771635639000,-982427000,-33.875,-9.6875,-34.875
35771635639000,-999143000,-33.375,-9.6875,-34.625
35771635639000,-1016985000,-33.375,-9.9375,-33.875
35771635639000,-1033048000,-33.375,-9.4375,-33.875
35771635639000,-1049590000,-33.375,-9.1875,-33.6875
35771635639000,-1066376000,-33.625,-8.75,-34.375
35771635639000,-1082931000,-33.625,-8.5,-34.625
35771635639000,-1099688000,-33.625,-8.75,-35.125
35771635639000,-1116561000,-33.375,-8.75,-35.375
35771635639000,-1133541000,-33.125,-9.1875,-34.625
35771635639000,-1150336000,-33.375,-9.4375,-34.875
35771635639000,-1167157000,-33.125,-9.4375,-34.625
35771635639000,-1184074000,-33.125,-9.4375,-34.125
35771635639000,-1200647000,-32.875,-8.9375,-34.375
35771635639000,-1217394000,-33.125,-8.75,-34.125
35771635639000,-1234121000,-33.625,-8.5,-34.125
35771635639000,-1250933000,-33.375,-8.5,-34.875
35771635639000,-1267765000,-33.625,-9.1875,-34.625
35771635639000,-1284439000,-32.625,-8.9375,-34.875
35771635639000,-1301845000,-32.625,-9.4375,-34.625
35771635639000,-1317913000,-32.375,-9.4375,-33.875
35771635639000,-1334586000,-32.125,-9.4375,-33.875
35771635639000,-1351369000,-32.375,-10.1875,-33.4375
35771635639000,-1368465000,-32.125,-9.9375,-32.9375
35771635639000,-1385048000,-32.125,-10.6875,-32.9375
35771635639000,-1402107000,-31.875,-10.9375,-31.9375
35771635639000,-1418974000,-31.875,-10.9375,-31.4375
35771635639000,-1435374000,-31.875,-11.1875,-30.6875
35771635639000,-1452082000,-31.625,-10.9375,-30.25
35771635639000,-1469235000,-31.625,-11.1875,-30.0
35771635639000,-1485766000,-31.875,-11.6875,-29.75
35771635639000,-1502307000,-31.375,-11.9375,-30.25
35771635639000,-1519051000,-31.625,-12.625,-30.25
35771635639000,-1535989000,-31.375,-12.875,-30.9375
35771635639000,-1552549000,-31.125,-13.375,-30.9375
35771635639000,-1569467000,-30.625,-13.875,-30.9375
35771635639000,-1586002000,-30.375,-13.375,-31.4375
35771635639000,-1602952000,-30.1875,-13.375,-31.1875
35771635639000,-1619543000,-29.9375,-13.125,-31.4375
35771635639000,-1636288000,-30.1875,-12.875,-31.4375
35771635639000,-1653143000,-29.6875,-13.125,-30.9375
35771635639000,-1669758000,-29.4375,-13.375,-30.6875
35771635639000,-1686479000,-29.1875,-13.125,-30.6875
35771635639000,-1703592000,-28.4375,-13.625,-30.6875
35771635639000,-1720321000,-28.4375,-13.375,-30.9375
35771635639000,-1737008000,-28.9375,-13.125,-31.1875
35771635639000,-1753790000,-28.9375,-13.875,-31.1875
35771635639000,-1770565000,-29.1875,-13.375,-30.9375
35771635639000,-1787540000,-28.9375,-13.375,-30.9375
35771635639000,-1804699000,-28.4375,-13.125,-30.6875
35771635639000,-1821089000,-27.9375,-12.625,-30.6875
35771635639000,-1837780000,-28.1875,-13.375,-30.6875
35771635639000,-1854521000,-28.9375,-13.375,-30.25
35771635639000,-1871299000,-28.9375,-13.625,-30.6875
35771635639000,-1888548000,-28.4375,-13.625,-30.6875
35771635639000,-1904793000,-27.9375,-13.375,-31.1875
35771635639000,-1921729000,-27.4375,-13.875,-31.4375
35771635639000,-1938385000,-27.4375,-14.125,-31.1875
35771635639000,-1955100000,-27.9375,-14.375,-31.4375
35771635639000,-1971965000,-27.9375,-14.375,-31.4375
35771635639000,-1988566000,-27.9375,-14.375,-31.4375
35771635639000,-2005520000,-27.4375,-13.875,-31.6875
35771635639000,-2022114000,-27.4375,-13.875,-31.1875
35771635639000,-2039123000,-27.4375,-13.625,-31.1875
35771635639000,-2055619000,-27.1875,-13.125,-31.1875
35771635639000,-2072348000,-27.1875,-13.375,-30.6875
35771635639000,-2089103000,-26.9375,-12.875,-30.4375
35771635639000,-2106003000,-26.5,-12.875,-30.25
35771635639000,-2122853000,-26.5,-13.125,-29.75
35771635639000,-2139644000,-26.75,-12.875,-29.5
35771635639000,-2156392000,-26.75,-13.125,-29.25
35771635639000,-2172838000,-27.1875,-13.375,-28.75
35771635639000,-2189603000,-27.1875,-13.375,-28.25
35771635639000,-2206722000,-26.75,-13.375,-27.5
35771635639000,-2223161000,-26.9375,-13.125,-27.25
35771635639000,-2239962000,-26.75,-12.4375,-26.75
35771635639000,-2256630000,-26.75,-11.9375,-26.3125
35771635639000,-2273921000,-27.1875,-12.1875,-26.3125
35771635639000,-2290085000,-27.1875,-12.1875,-26.0625
35771635639000,-2306833000,-27.4375,-12.4375,-26.3125
35771635639000,-2324251000,-27.4375,-12.875,-27.0
35771635639000,-2340336000,-27.1875,-12.625,-27.25
35771635639000,-2357132000,-26.9375,-12.4375,-27.5
35771635639000,-2374070000,-26.75,-11.9375,-27.0
35771635639000,-2390439000,-26.25,-11.4375,-27.25
35771635639000,-2407247000,-26.0,-11.4375,-27.75
35771635639000,-2423916000,-25.5,-11.9375,-27.75
35771635639000,-2440664000,-25.75,-12.4375,-27.75
35771635639000,-2457482000,-25.75,-12.4375,-27.25
35771635639000,-2474263000,-26.0,-12.1875,-27.0
35771635639000,-2491329000,-26.75,-11.9375,-26.5625
35771635639000,-2507699000,-26.25,-11.4375,-26.5625
35771635639000,-2524814000,-26.0,-11.4375,-26.0625
35771635639000,-2541364000,-26.0,-11.4375,-25.3125
35771635639000,-2558089000,-26.0,-10.6875,-25.8125
35771635639000,-2574774000,-26.5,-10.9375,-25.5625
35771635639000,-2591897000,-27.4375,-10.9375,-25.0625
35771635639000,-2608633000,-27.6875,-10.6875,-25.0625
35771635639000,-2625510000,-28.1875,-11.4375,-24.5625
35771635639000,-2642052000,-28.4375,-11.4375,-24.5625
35771635639000,-2658875000,-28.4375,-11.6875,-25.0625
35771635639000,-2675461000,-28.6875,-12.1875,-25.3125
35771635639000,-2692129000,-28.1875,-12.1875,-25.3125
35771635639000,-2709370000,-27.9375,-12.1875,-25.3125
35771635639000,-2725689000,-27.4375,-12.4375,-25.5625
35771635639000,-2742994000,-26.9375,-11.9375,-25.3125
35771635639000,-2759535000,-26.9375,-11.9375,-25.5625
35771635639000,-2776026000,-26.9375,-12.1875,-25.8125
35771635639000,-2792762000,-26.75,-12.1875,-25.5625
35771635639000,-2809463000,-26.75,-12.875,-25.3125
35771635639000,-2826248000,-26.75,-12.875,-25.3125
35771635639000,-2842982000,-27.1875,-13.125,-24.8125
35771635639000,-2860144000,-27.6875,-13.125,-24.8125
35771635639000,-2876531000,-27.9375,-12.875,-25.0625
35771635639000,-2893239000,-27.6875,-13.625,-24.8125
35771635639000,-2909959000,-26.9375,-14.125,-24.5625
35771635639000,-2926738000,-26.75,-14.375,-24.3125
35771635639000,-2943976000,-26.25,-14.625,-24.3125
35771635639000,-2960240000,-26.25,-14.375,-23.8125
35771635639000,-2976915000,-26.25,-14.875,-24.3125
35771635639000,-2993637000,-26.0,-15.625,-24.0625
35771635639000,-3010635000,-26.25,-16.0625,-24.0625
35771635639000,-3027348000,-26.25,-16.3125,-24.0625
35771635639000,-3044288000,-26.5,-15.875,-23.3125
35771635639000,-3061483000,-26.75,-15.375,-23.3125
35771635639000,-3077898000,-26.75,-15.375,-22.875
35771635639000,-3094785000,-26.9375,-15.625,-22.875
35771635639000,-3111506000,-26.75,-16.0625,-23.125
35771635639000,-3128207000,-27.1875,-16.3125,-23.125
35771635639000,-3144741000,-27.4375,-16.8125,-22.875
35771635639000,-3161463000,-26.9375,-16.8125,-22.625
35771635639000,-3178221000,-26.75,-16.5625,-22.875
35771635639000,-3195121000,-26.0,-16.5625,-22.625
35771635639000,-3211965000,-26.0,-16.3125,-23.125
35771635639000,-3228487000,-26.5,-16.5625,-23.3125
35771635639000,-3245321000,-26.9375,-16.8125,-23.3125
35771635639000,-3262445000,-27.1875,-16.8125,-23.8125
35771635639000,-3279143000,-27.1875,-16.5625,-23.5625
35771635639000,-3296054000,-27.1875,-15.875,-24.0625
35771635639000,-3312624000,-27.6875,-15.125,-24.3125
35771635639000,-3329530000,-28.9375,-15.125,-24.0625
35771635639000,-3346160000,-29.4375,-15.125,-24.5625
35771635639000,-3363123000,-29.9375,-15.125,-24.0625
35771635639000,-3380082000,-29.9375,-14.875,-24.0625
35771635639000,-3396549000,-29.1875,-14.125,-24.8125
35771635639000,-3413163000,-28.6875,-14.375,-25.0625
35771635639000,-3430006000,-28.9375,-14.375,-25.8125
35771635639000,-3446867000,-28.9375,-14.875,-26.0625
35771635639000,-3463515000,-29.1875,-14.875,-25.8125
35771635639000,-3480403000,-29.6875,-14.125,-25.3125
35771635639000,-3496983000,-29.6875,-13.625,-25.3125
35771635639000,-3513731000,-30.1875,-12.625,-24.8125
35771635639000,-3530587000,-30.625,-11.9375,-25.3125
35771635639000,-3547223000,-30.875,-11.1875,-25.8125
35771635639000,-3563990000,-30.625,-10.9375,-25.8125
35771635639000,-3580669000,-30.375,-10.6875,-26.3125
35771635639000,-3597413000,-29.6875,-10.6875,-25.8125
35771635639000,-3614065000,-29.6875,-10.6875,-26.0625
35771635639000,-3630888000,-29.9375,-10.1875,-26.3125
35771635639000,-3647716000,-30.1875,-10.1875,-26.75
35771635639000,-3664374000,-30.625,-9.6875,-27.25
35771635639000,-3681217000,-30.375,-8.9375,-27.0
35771635639000,-3697837000,-30.375,-8.75,-27.25
35771635639000,-3715261000,-29.9375,-8.0,-26.5625
35771635639000,-3731450000,-29.9375,-7.75,-26.5625
35771635639000,-3748221000,-30.1875,-7.5,-26.5625
35771635639000,-3765088000,-30.625,-7.25,-25.8125
35771635639000,-3781836000,-31.125,-7.0,-26.0625
35771635639000,-3798528000,-31.375,-7.0,-25.5625
35771635639000,-3815296000,-31.125,-6.75,-25.0625
35771635639000,-3832154000,-30.875,-6.5,-25.0625
35771635639000,-3848713000,-30.875,-6.75,-25.0625
35771635639000,-3865511000,-30.875,-6.5,-25.0625
35771635639000,-3882398000,-31.125,-7.0,-25.3125
35771635639000,-3899108000,-30.875,-7.0,-25.3125
35771635639000,-3915795000,-30.875,-7.0,-25.3125
35771635639000,-3932588000,-30.625,-7.25,-25.3125
35771635639000,-3949382000,-30.625,-7.5,-25.3125
35771635639000,-3965970000,-30.1875,-7.75,-25.0625
35771635639000,-3982771000,-29.9375,-7.5,-25.0625
35771635639000,-3999629000,-29.9375,-7.25,-25.5625
35771635639000,-4016224000,-29.6875,-6.5,-25.5625
35771635639000,-4033064000,-29.6875,-6.0,-26.3125
35771635639000,-4049688000,-29.6875,-6.0,-26.3125
35771635639000,-4066818000,-29.9375,-5.75,-26.3125
35771635639000,-4083276000,-30.1875,-5.5,-26.5625
35771635639000,-4099942000,-30.875,-5.5,-26.0625
35771635639000,-4116681000,-30.625,-5.3125,-26.5625
35771635639000,-4133484000,-30.375,-5.3125,-26.5625
35771635639000,-4150240000,-29.9375,-5.3125,-26.75
35771635639000,-4166828000,-29.4375,-5.0625,-27.0
35771635639000,-4183586000,-29.4375,-5.0625,-25.8125
35771635639000,-4200420000,-29.4375,-4.8125,-25.5625
35771635639000,-4217251000,-29.4375,-4.8125,-24.8125
35771635639000,-4234035000,-29.4375,-5.5,-24.8125
35771635639000,-4250932000,-29.4375,-5.5,-25.3125
35771635639000,-4267528000,-28.9375,-5.75,-24.8125
35771635639000,-4284335000,-28.6875,-5.75,-24.8125
35771635639000,-4301256000,-28.6875,-5.3125,-24.5625
35771635639000,-4317884000,-28.6875,-5.5,-24.5625
35771635639000,-4334531000,-29.1875,-5.75,-24.8125
35771635639000,-4351313000,-29.6875,-6.25,-24.8125
35771635639000,-4368186000,-29.6875,-6.5,-24.5625
35771635639000,-4385127000,-29.4375,-6.75,-24.5625
35771635639000,-4401619000,-28.9375,-7.25,-24.5625
35771635639000,-4418426000,-29.1875,-7.25,-24.5625
35771635639000,-4435168000,-29.1875,-8.25,-24.5625
35771635639000,-4451783000,-29.6875,-8.5,-24.8125
35771635639000,-4468501000,-29.9375,-8.25,-24.8125
35771635639000,-4485241000,-29.4375,-8.5,-24.5625
35771635639000,-4502055000,-29.1875,-7.75,-24.8125
35771635639000,-4518705000,-28.4375,-7.75,-24.5625
35771635639000,-4535314000,-27.6875,-7.75,-24.0625
35771635639000,-4552146000,-27.1875,-7.75,-24.5625
35771635639000,-4568796000,-27.1875,-8.25,-24.3125
35771635639000,-4585562000,-27.1875,-8.0,-24.3125
35771635639000,-4602312000,-27.4375,-8.5,-24.8125
35771635639000,-4619163000,-27.6875,-8.75,-24.5625
35771635639000,-4635988000,-27.6875,-8.0,-24.8125
35771635639000,-4652666000,-27.6875,-8.25,-25.0625
35771635639000,-4669277000,-27.6875,-7.75,-25.3125
35771635639000,-4686025000,-27.4375,-7.75,-25.8125
35771635639000,-4702723000,-26.9375,-8.0,-26.0625
35771635639000,-4719497000,-26.5,-8.0,-26.0625
35771635639000,-4736667000,-26.25,-8.0,-25.8125
35771635639000,-4753131000,-26.25,-7.75,-26.0625
35771635639000,-4769977000,-26.5,-7.5,-26.0625
35771635639000,-4786557000,-26.75,-7.5,-26.3125
35771635639000,-4803330000,-26.9375,-7.75,-26.3125
35771635639000,-4820064000,-27.1875,-8.0,-26.5625
35771635639000,-4836924000,-26.9375,-8.0,-26.75
35771635639000,-4853783000,-27.4375,-7.75,-26.5625
35771635639000,-4870377000,-27.9375,-7.5,-26.75
35771635639000,-4887242000,-28.1875,-7.25,-26.3125
35771635639000,-4903847000,-28.4375,-7.5,-26.0625
35771635639000,-4920585000,-28.6875,-7.5,-26.0625
35771635639000,-4937291000,-28.1875,-7.75,-25.8125
35771635639000,-4954072000,-28.1875,-8.0,-25.8125
35771635639000,-4970815000,-28.4375,-8.5,-25.5625
35771635639000,-4987664000,-27.9375,-8.9375,-25.8125
35771635639000,-5004336000,-27.6875,-9.6875,-26.0625
35771635639000,-5021224000,-27.4375,-10.4375,-26.75
35771635639000,-5037984000,-27.6875,-10.9375,-27.0
35771635639000,-5054659000,-27.9375,-11.1875,-27.5
35771635639000,-5071602000,-28.1875,-10.9375,-27.75
35771635639000,-5088695000,-27.6875,-10.6875,-27.25
35771635639000,-5105029000,-26.9375,-10.9375,-27.75
35771635639000,-5121878000,-26.75,-11.1875,-27.5
35771635639000,-5138466000,-26.9375,-11.6875,-27.75
35771635639000,-5155334000,-27.4375,-11.6875,-27.5
35771635639000,-5172257000,-27.4375,-11.4375,-27.5
35771635639000,-5188874000,-27.1875,-11.4375,-27.25
35771635639000,-5205857000,-26.75,-11.1875,-27.25
35771635639000,-5222198000,-26.75,-11.6875,-27.75
35771635639000,-5239060000,-26.9375,-11.6875,-28.0
35771635639000,-5255856000,-26.75,-11.6875,-28.25
35771635639000,-5272459000,-26.75,-11.4375,-28.0
35771635639000,-5289306000,-26.75,-11.4375,-28.0
35771635639000,-5306173000,-26.75,-11.9375,-27.25
35771635639000,-5322936000,-26.9375,-11.9375,-27.0
35771635639000,-5340176000,-26.75,-12.625,-27.0
35771635639000,-5357406000,-26.5,-12.625,-27.0
35771635639000,-5373998000,-26.5,-12.4375,-27.0
35771635639000,-5390719000,-26.5,-12.875,-27.0
35771635639000,-5407714000,-26.9375,-12.625,-27.0
35771635639000,-5424317000,-27.6875,-12.875,-26.5625
35771635639000,-5441003000,-27.4375,-13.375,-26.3125
35771635639000,-5457802000,-27.6875,-13.125,-26.3125
35771635639000,-5474511000,-27.4375,-13.625,-26.0625
35771635639000,-5491578000,-26.75,-14.375,-26.0625
35771635639000,-5508950000,-26.75,-14.625,-26.3125
35771635639000,-5525206000,-26.75,-15.125,-26.3125
35771635639000,-5541695000,-26.75,-15.125,-27.0
35771635639000,-5558431000,-26.75,-14.625,-27.5
35771635639000,-5575153000,-26.5,-14.375,-28.0
35771635639000,-5591848000,-26.75,-14.625,-28.0
35771635639000,-5608930000,-26.75,-14.875,-27.5
35771635639000,-5625839000,-26.9375,-15.125,-26.75
35771635639000,-5642594000,-27.1875,-15.125,-26.0625
35771635639000,-5658947000,-26.75,-15.875,-25.5625
35771635639000,-5675634000,-27.1875,-15.875,-25.5625
35771635639000,-5692365000,-27.1875,-15.875,-25.8125
35771635639000,-5709136000,-27.1875,-16.0625,-26.3125
35771635639000,-5726516000,-27.4375,-15.375,-26.75
35771635639000,-5742657000,-26.5,-15.625,-26.3125
35771635639000,-5759689000,-26.0,-15.625,-26.5625
35771635639000,-5776506000,-26.0,-15.625,-26.3125
35771635639000,-5792835000,-25.75,-15.625,-26.0625
35771635639000,-5809839000,-26.5,-15.375,-26.3125
35771635639000,-5826455000,-26.9375,-15.375,-26.0625
35771635639000,-5843616000,-27.4375,-15.125,-26.3125
35771635639000,-5860081000,-27.6875,-15.125,-26.3125
35771635639000,-5876829000,-27.6875,-15.125,-26.75
35771635639000,-5893623000,-27.9375,-15.125,-26.75
35771635639000,-5910231000,-27.9375,-15.375,-26.5625
35771635639000,-5927011000,-27.6875,-15.375,-26.75
35771635639000,-5943698000,-28.1875,-14.875,-26.3125
35771635639000,-5961166000,-28.4375,-15.125,-26.75
35771635639000,-5977203000,-28.4375,-14.875,-27.0
35771635639000,-5994146000,-28.9375,-14.125,-27.0
35771635639000,-6010652000,-28.4375,-14.375,-27.25
35771635639000,-6027577000,-28.4375,-13.375,-27.0
35771635639000,-6044124000,-28.6875,-13.125,-26.75
35771635639000,-6060936000,-28.1875,-13.125,-26.3125
35771635639000,-6078021000,-28.1875,-13.125,-26.3125
35771635639000,-6095117000,-27.6875,-13.375,-26.0625
35771635639000,-6111503000,-26.9375,-13.375,-26.75
35771635639000,-6128577000,-27.4375,-13.625,-27.25
35771635639000,-6145010000,-27.4375,-13.375,-27.5
35771635639000,-6161782000,-27.1875,-13.625,-27.75
35771635639000,-6178482000,-27.4375,-13.875,-27.5
35771635639000,-6195465000,-26.9375,-13.875,-27.75
35771635639000,-6212159000,-26.5,-14.125,-27.75
35771635639000,-6228988000,-26.25,-13.625,-28.25
35771635639000,-6245872000,-25.75,-13.625,-28.25
35771635639000,-6262495000,-25.75,-13.625,-28.75
35771635639000,-6279281000,-25.5,-13.125,-29.0
35771635639000,-6296125000,-25.25,-13.375,-28.75
35771635639000,-6313574000,-25.5,-13.375,-29.25
35771635639000,-6330083000,-25.5,-13.375,-29.25
35771635639000,-6346729000,-26.5,-13.875,-29.5
35771635639000,-6363454000,-26.75,-13.875,-30.0
35771635639000,-6380403000,-26.25,-13.875,-29.75
35771635639000,-6397009000,-26.0,-14.125,-29.5
35771635639000,-6413562000,-25.5,-13.875,-29.5
35771635639000,-6430361000,-25.75,-14.125,-29.0
35771635639000,-6447018000,-26.25,-13.625,-29.0
35771635639000,-6463818000,-26.5,-13.375,-29.5
35771635639000,-6480514000,-26.75,-13.375,-29.25
35771635639000,-6497227000,-26.9375,-13.375,-29.5
35771635639000,-6513993000,-27.4375,-13.625,-29.25
35771635639000,-6530862000,-27.6875,-13.875,-28.5
35771635639000,-6547515000,-27.4375,-14.125,-28.5
35771635639000,-6564314000,-27.1875,-14.125,-28.25
35771635639000,-6581152000,-26.75,-14.375,-28.25
35771635639000,-6597886000,-26.5,-14.375,-28.0
35771635639000,-6614775000,-26.5,-14.375,-28.0
35771635639000,-6631340000,-26.25,-14.625,-28.25
35771635639000,-6648222000,-26.25,-14.875,-28.5
35771635639000,-6664843000,-25.5,-14.875,-29.0
35771635639000,-6681823000,-25.0,-15.375,-28.5
35771635639000,-6698556000,-25.25,-15.375,-28.25
35771635639000,-6715079000,-25.0,-15.375,-28.75
35771635639000,-6732321000,-25.75,-15.875,-28.5
35771635639000,-6748738000,-26.25,-16.0625,-28.5
35771635639000,-6765556000,-26.5,-16.0625,-28.25
35771635639000,-6782159000,-26.5,-16.3125,-27.75
35771635639000,-6798942000,-26.5,-15.875,-27.5
35771635639000,-6815799000,-26.0,-15.125,-27.75
35771635639000,-6832556000,-25.25,-14.875,-28.25
35771635639000,-6849627000,-25.5,-14.125,-28.0
35771635639000,-6866015000,-25.5,-14.125,-28.0
35771635639000,-6883329000,-26.0,-14.125,-28.25
35771635639000,-6899948000,-26.5,-14.125,-27.75
35771635639000,-6916770000,-26.5,-14.375,-28.0
35771635639000,-6933551000,-26.5,-14.125,-28.25
35771635639000,-6950453000,-26.25,-14.125,-28.5
35771635639000,-6967244000,-26.5,-14.375,-29.0
35771635639000,-6984073000,-26.25,-13.875,-28.75
35771635639000,-7000943000,-26.5,-13.875,-29.25
35771635639000,-7018192000,-26.75,-13.625,-29.0
35771635639000,-7034776000,-26.25,-13.375,-29.0
35771635639000,-7051448000,-26.0,-13.625,-29.0
35771635639000,-7068204000,-25.75,-13.125,-28.75
35771635639000,-7085246000,-25.0,-12.875,-28.75
35771635639000,-7102072000,-25.25,-12.1875,-28.25
35771635639000,-7119148000,-25.25,-12.1875,-28.25
35771635639000,-7136015000,-24.75,-12.1875,-28.25
35771635639000,-7153323000,-25.0,-12.1875,-28.25
35771635639000,-7169901000,-24.5,-12.4375,-29.5
35771635639000,-7186282000,-24.75,-12.4375,-29.75
35771635639000,-7203035000,-24.25,-12.625,-29.5
35771635639000,-7219890000,-24.25,-12.625,-29.5
35771635639000,-7236557000,-24.5,-12.625,-28.5
35771635639000,-7253285000,-24.0,-12.4375,-28.25
35771635639000,-7270076000,-24.75,-12.4375,-28.5
35771635639000,-7286849000,-24.75,-12.1875,-28.25
35771635639000,-7303459000,-24.25,-12.1875,-28.5
35771635639000,-7320380000,-24.75,-12.1875,-28.75
35771635639000,-7337244000,-24.5,-12.1875,-28.25
35771635639000,-7353876000,-24.75,-12.4375,-28.0
35771635639000,-7370600000,-24.75,-12.1875,-27.75
35771635639000,-7387330000,-24.5,-12.4375,-27.5
35771635639000,-7404130000,-25.0,-12.4375,-27.25
35771635639000,-7420808000,-24.75,-12.1875,-27.25
35771635639000,-7437511000,-24.5,-12.4375,-27.5
35771635639000,-7454286000,-24.25,-11.9375,-27.0
35771635639000,-7471191000,-23.75,-12.1875,-27.25
35771635639000,-7487866000,-23.5,-12.4375,-27.5
35771635639000,-7505026000,-23.75,-12.4375,-27.25
35771635639000,-7521552000,-24.0,-13.125,-27.75
35771635639000,-7538230000,-24.25,-13.125,-27.75
35771635639000,-7555335000,-25.0,-13.875,-27.25
35771635639000,-7571997000,-25.25,-14.125,-27.5
35771635639000,-7588556000,-25.75,-13.875,-27.25
35771635639000,-7605213000,-26.25,-14.375,-27.75
35771635639000,-7622312000,-26.25,-13.875,-28.0
35771635639000,-7638778000,-26.75,-13.875,-27.75
35771635639000,-7655976000,-26.5,-14.375,-27.75
35771635639000,-7672810000,-26.25,-14.375,-27.25
35771635639000,-7689298000,-26.25,-14.375,-27.5
35771635639000,-7705998000,-26.25,-14.875,-27.5
35771635639000,-7723309000,-26.5,-14.875,-27.5
35771635639000,-7740165000,-26.5,-14.875,-27.5
35771635639000,-7757119000,-26.25,-15.125,-27.25
35771635639000,-7774228000,-26.0,-15.125,-27.25
35771635639000,-7791058000,-25.75,-15.125,-27.25
35771635639000,-7807823000,-26.0,-14.875,-27.5
35771635639000,-7825182000,-26.25,-14.875,-28.0
35771635639000,-7841677000,-26.0,-14.875,-27.75
35771635639000,-7858135000,-26.25,-14.875,-28.0
35771635639000,-7874940000,-25.75,-15.125,-28.0
35771635639000,-7891536000,-25.25,-15.375,-27.75
35771635639000,-7908502000,-25.25,-14.875,-28.0
35771635639000,-7925150000,-25.0,-14.875,-28.25
35771635639000,-7941966000,-24.5,-14.625,-28.25
35771635639000,-7958811000,-24.75,-14.625,-28.5
35771635639000,-7975338000,-25.0,-15.125,-28.5
35771635639000,-7992070000,-24.75,-15.125,-28.75
35771635639000,-8008767000,-25.0,-15.125,-28.75
35771635639000,-8025700000,-24.25,-14.875,-29.0
35771635639000,-8042591000,-23.75,-14.875,-29.25
35771635639000,-8060117000,-24.0,-14.625,-29.0
35771635639000,-8076740000,-24.25,-15.125,-29.25
35771635639000,-8093501000,-24.5,-15.375,-29.0
35771635639000,-8110568000,-25.0,-15.625,-29.0
35771635639000,-8127452000,-24.5,-15.875,-29.5
35771635639000,-8143908000,-24.0,-15.875,-29.5
35771635639000,-8160574000,-24.0,-16.3125,-29.25
35771635639000,-8177362000,-24.0,-16.3125,-29.5
35771635639000,-8194112000,-24.25,-16.5625,-28.5
35771635639000,-8210954000,-24.75,-16.8125,-28.0
35771635639000,-8228019000,-25.0,-16.3125,-28.5
35771635639000,-8244413000,-25.0,-16.0625,-28.25
35771635639000,-8261229000,-25.5,-16.3125,-28.5
35771635639000,-8277925000,-25.5,-15.875,-29.25
35771635639000,-8294696000,-26.0,-15.625,-29.25
35771635639000,-8311488000,-25.5,-15.625,-29.75
35771635639000,-8328736000,-25.0,-15.125,-30.0
35771635639000,-8345153000,-24.75,-15.125,-29.75
35771635639000,-8361784000,-24.5,-15.125,-29.25
35771635639000,-8378466000,-24.5,-14.875,-29.0
35771635639000,-8395279000,-24.5,-14.875,-29.5
35771635639000,-8412266000,-24.5,-14.625,-30.0
35771635639000,-8429519000,-24.25,-14.375,-31.4375
35771635639000,-8446116000,-24.5,-14.375,-31.6875
35771635639000,-8462448000,-24.25,-13.375,-31.9375
35771635639000,-8479137000,-23.75,-12.875,-32.1875
35771635639000,-8495954000,-23.75,-12.875,-32.1875
35771635639000,-8512652000,-23.5,-12.1875,-32.6875
35771635639000,-8529572000,-23.25,-12.1875,-32.6875
35771635639000,-8546275000,-23.75,-12.1875,-32.6875
35771635639000,-8563191000,-23.0625,-11.6875,-32.1875
35771635639000,-8579841000,-23.0625,-11.6875,-31.9375
35771635639000,-8596955000,-23.5,-11.6875,-31.6875
35771635639000,-8613555000,-23.0625,-11.4375,-31.6875
35771635639000,-8630218000,-23.75,-10.9375,-31.9375
35771635639000,-8646963000,-23.75,-10.9375,-31.6875
35771635639000,-8663661000,-24.0,-10.9375,-32.1875
35771635639000,-8680816000,-24.75,-10.6875,-32.4375
35771635639000,-8698446000,-25.0,-10.6875,-32.1875
35771635639000,-8714576000,-25.5,-10.1875,-32.4375
35771635639000,-8731045000,-26.0,-9.9375,-32.1875
35771635639000,-8747813000,-25.5,-9.6875,-32.4375
35771635639000,-8764922000,-25.25,-9.4375,-32.1875
35771635639000,-8781598000,-24.75,-9.6875,-31.9375
35771635639000,-8798399000,-24.0,-9.9375,-31.6875
35771635639000,-8815170000,-24.75,-9.9375,-30.9375
35771635639000,-8831940000,-25.0,-10.1875,-30.9375
35771635639000,-8849134000,-25.5,-10.4375,-31.1875
35771635639000,-8865816000,-26.0,-10.1875,-31.4375
35771635639000,-8882551000,-26.25,-10.4375,-31.4375
35771635639000,-8899898000,-27.1875,-10.9375,-31.1875
35771635639000,-8916519000,-27.4375,-10.6875,-31.1875
35771635639000,-8932878000,-27.4375,-10.6875,-30.9375
35771635639000,-8949573000,-27.1875,-10.6875,-30.6875
35771635639000,-8966697000,-26.25,-10.1875,-30.6875
35771635639000,-8983318000,-25.75,-10.1875,-30.6875
35771635639000,-8999925000,-25.5,-10.1875,-30.4375
35771635639000,-9016579000,-25.5,-10.1875,-30.6875
35771635639000,-9033333000,-26.0,-10.4375,-31.1875
35771635639000,-9050157000,-26.5,-10.1875,-30.6875
35771635639000,-9066821000,-26.75,-10.4375,-31.4375
35771635639000,-9083877000,-26.25,-10.1875,-31.6875
35771635639000,-9100570000,-26.0,-9.9375,-31.1875
35771635639000,-9117204000,-26.0,-9.9375,-31.4375
35771635639000,-9133915000,-25.75,-8.9375,-31.1875
35771635639000,-9150684000,-26.0,-9.1875,-31.4375
35771635639000,-9167704000,-25.5,-8.9375,-31.6875
35771635639000,-9184302000,-25.5,-8.75,-31.6875
35771635639000,-9201171000,-25.75,-9.4375,-31.4375
35771635639000,-9217907000,-26.25,-9.1875,-30.9375
35771635639000,-9234559000,-26.75,-9.1875,-30.9375
35771635639000,-9251381000,-26.9375,-9.1875,-30.9375
35771635639000,-9268191000,-27.4375,-8.25,-30.9375
35771635639000,-9285021000,-27.6875,-7.75,-30.9375
35771635639000,-9301753000,-27.6875,-7.75,-30.9375
35771635639000,-9318481000,-27.6875,-7.75,-30.6875
35771635639000,-9335253000,-27.1875,-8.0,-30.4375
35771635639000,-9351877000,-26.9375,-8.5,-30.4375
35771635639000,-9368562000,-27.4375,-8.75,-30.25
35771635639000,-9385652000,-27.4375,-8.75,-29.75
35771635639000,-9402177000,-27.4375,-9.1875,-29.75
35771635639000,-9418944000,-27.1875,-9.1875,-29.25
35771635639000,-9435986000,-26.75,-9.4375,-29.25
35771635639000,-9452736000,-27.1875,-10.1875,-29.25
35771635639000,-9469165000,-27.4375,-10.6875,-29.0
35771635639000,-9485857000,-27.9375,-11.1875,-28.75
35771635639000,-9502704000,-27.9375,-11.1875,-28.5
35771635639000,-9519577000,-27.4375,-10.9375,-29.0
35771635639000,-9536414000,-27.1875,-10.6875,-28.75
35771635639000,-9553202000,-26.9375,-10.4375,-29.0
35771635639000,-9570773000,-26.9375,-10.4375,-28.75
35771635639000,-9587303000,-27.1875,-10.6875,-28.75
35771635639000,-9603820000,-27.9375,-10.9375,-29.25
35771635639000,-9620985000,-27.9375,-11.4375,-29.0
35771635639000,-9637362000,-28.6875,-11.6875,-29.75
35771635639000,-9654056000,-28.9375,-11.4375,-29.75
35771635639000,-9670907000,-28.4375,-11.4375,-29.5
35771635639000,-9687594000,-28.4375,-11.4375,-29.5
35771635639000,-9704336000,-28.1875,-11.1875,-28.75
35771635639000,-9721401000,-27.6875,-11.4375,-28.25
35771635639000,-9738012000,-27.4375,-11.6875,-28.0
35771635639000,-9754720000,-27.9375,-11.4375,-28.5
35771635639000,-9771519000,-27.6875,-11.1875,-29.0
35771635639000,-9788077000,-27.6875,-10.9375,-29.75
35771635639000,-9804855000,-28.1875,-10.1875,-30.0
35771635639000,-9821644000,-27.4375,-9.9375,-30.0
35771635639000,-9838523000,-27.4375,-10.4375,-30.0
35771635639000,-9855222000,-27.1875,-10.4375,-29.5
35771635639000,-9871793000,-26.75,-11.1875,-29.75
35771635639000,-9888645000,-26.75,-11.1875,-29.75
35771635639000,-9905329000,-26.5,-11.4375,-29.5
35771635639000,-9922333000,-26.25,-11.9375,-29.75
35771635639000,-9939270000,-26.75,-11.9375,-30.0
35771635639000,-9955829000,-26.75,-12.1875,-30.6875
35771635639000,-9972610000,-26.75,-11.9375,-30.9375
35771635639000,-9989486000,-27.1875,-11.6875,-31.1875
35771635639000,-10006106000,-26.9375,-11.4375,-30.9375
35771635639000,-10022797000,-26.9375,-11.6875,-30.25
35771635639000,-10039474000,-26.9375,-12.1875,-30.4375
35771635639000,-10056319000,-26.9375,-11.9375,-30.4375
35771635639000,-10073160000,-27.1875,-12.1875,-30.4375
35771635639000,-10089771000,-27.1875,-11.9375,-30.9375
35771635639000,-10106405000,-27.1875,-11.4375,-31.1875
35771635639000,-10123193000,-26.5,-11.6875,-30.9375
35771635639000,-10140242000,-26.0,-11.4375,-31.4375
35771635639000,-10157570000,-26.0,-11.4375,-31.1875
35771635639000,-10174151000,-26.5,-11.4375,-31.1875
35771635639000,-10191192000,-27.1875,-11.6875,-31.6875
35771635639000,-10210863000,-27.1875,-11.4375,-31.6875
35771635639000,-10225375000,-26.9375,-11.4375,-32.1875
35771635639000,-10242278000,-26.25,-11.6875,-32.4375
35771635639000,-10259145000,-25.75,-11.1875,-32.4375
35771635639000,-10275604000,-26.0,-11.4375,-32.1875
35771635639000,-10292428000,-26.5,-11.4375,-31.6875
35771635639000,-10309045000,-26.25,-11.4375,-31.1875
35771635639000,-10325835000,-26.0,-11.9375,-31.1875
35771635639000,-10343311000,-25.75,-11.4375,-31.1875
35771635639000,-10359964000,-25.25,-11.4375,-31.6875
35771635639000,-10376710000,-25.75,-11.1875,-31.9375
35771635639000,-10393390000,-26.25,-10.6875,-31.6875
35771635639000,-10410433000,-26.25,-10.9375,-31.6875
35771635639000,-10427306000,-26.25,-10.9375,-30.9375
35771635639000,-10444463000,-26.25,-10.9375,-30.4375
35771635639000,-10461013000,-26.25,-10.9375,-30.0
35771635639000,-10477537000,-26.25,-10.9375,-30.0
35771635639000,-10494521000,-26.75,-11.1875,-30.25
35771635639000,-10511393000,-26.75,-11.6875,-30.0
35771635639000,-10527973000,-26.5,-12.1875,-30.25
35771635639000,-10545152000,-26.5,-12.875,-30.0
35771635639000,-10561868000,-26.0,-13.125,-30.0
35771635639000,-10578503000,-25.5,-13.125,-30.6875
35771635639000,-10595108000,-25.25,-13.625,-30.9375
35771635639000,-10612270000,-24.5,-13.625,-31.1875
35771635639000,-10629195000,-24.5,-14.125,-30.6875
35771635639000,-10645552000,-24.75,-14.625,-30.4375
35771635639000,-10662382000,-25.0,-14.625,-30.4375
35771635639000,-10679329000,-25.75,-14.875,-30.6875
35771635639000,-10696395000,-25.75,-15.125,-30.9375
35771635639000,-10712950000,-25.5,-15.125,-31.1875
35771635639000,-10730026000,-25.5,-15.375,-31.1875
35771635639000,-10746358000,-25.5,-15.875,-30.9375
35771635639000,-10763233000,-25.5,-16.0625,-31.6875
35771635639000,-10779974000,-25.5,-16.0625,-31.9375
35771635639000,-10796866000,-25.5,-16.3125,-31.9375
35771635639000,-10814039000,-26.0,-16.5625,-32.1875
35771635639000,-10830405000,-26.25,-16.3125,-31.9375
35771635639000,-10847200000,-26.9375,-16.8125,-31.1875
35771635639000,-10863931000,-27.4375,-17.0625,-31.4375
35771635639000,-10880579000,-26.9375,-16.8125,-31.1875
35771635639000,-10897250000,-27.1875,-17.0625,-31.1875
35771635639000,-10914131000,-26.5,-17.0625,-31.1875
35771635639000,-10931142000,-26.0,-16.5625,-30.9375
35771635639000,-10947613000,-26.0,-16.5625,-30.4375
35771635639000,-10964325000,-25.25,-16.5625,-30.25
35771635639000,-10981269000,-25.5,-17.0625,-30.4375
35771635639000,-10997879000,-26.0,-17.8125,-30.25
35771635639000,-11014568000,-26.25,-18.8125,-30.9375
35771635639000,-11031492000,-26.75,-19.0625,-30.9375
35771635639000,-11048500000,-26.5,-18.8125,-31.1875
35771635639000,-11065052000,-26.25,-19.0625,-31.6875
35771635639000,-11082098000,-25.25,-18.3125,-31.4375
35771635639000,-11098592000,-25.5,-18.8125,-31.1875
35771635639000,-11115239000,-25.75,-19.3125,-31.4375
35771635639000,-11132260000,-25.25,-19.3125,-31.4375
35771635639000,-11148773000,-25.25,-19.3125,-31.4375
35771635639000,-11165780000,-25.0,-18.8125,-31.9375
35771635639000,-11182291000,-25.25,-18.5625,-31.4375
35771635639000,-11199348000,-25.75,-18.5625,-31.4375
35771635639000,-11215795000,-26.25,-18.8125,-31.4375
35771635639000,-11232566000,-26.25,-18.5625,-31.6875
35771635639000,-11249335000,-26.25,-18.0625,-31.9375
35771635639000,-11266289000,-26.25,-17.8125,-32.1875
35771635639000,-11283532000,-26.75,-17.3125,-32.6875
35771635639000,-11299685000,-26.5,-17.3125,-31.9375
35771635639000,-11316444000,-26.0,-17.0625,-31.6875
35771635639000,-11333112000,-25.75,-16.5625,-31.1875
35771635639000,-11349964000,-25.5,-16.8125,-30.9375
35771635639000,-11367093000,-26.25,-16.5625,-31.1875
35771635639000,-11383453000,-26.5,-16.8125,-31.6875
35771635639000,-11400199000,-26.9375,-17.0625,-31.9375
35771635639000,-11416966000,-26.9375,-16.8125,-32.1875
35771635639000,-11433846000,-26.5,-16.8125,-32.4375
35771635639000,-11450806000,-26.9375,-16.8125,-32.1875
35771635639000,-11467390000,-26.9375,-17.0625,-31.6875
35771635639000,-11484044000,-27.4375,-17.0625,-31.1875
35771635639000,-11501133000,-27.6875,-17.0625,-31.1875
35771635639000,-11517966000,-27.6875,-16.8125,-30.4375
35771635639000,-11534759000,-27.6875,-16.3125,-30.6875
35771635639000,-11551734000,-27.1875,-16.3125,-30.25
35771635639000,-11568408000,-27.1875,-16.5625,-30.25
35771635639000,-11584991000,-27.4375,-16.8125,-30.9375
35771635639000,-11602054000,-27.6875,-17.0625,-30.4375
35771635639000,-11618502000,-28.1875,-16.8125,-30.9375
35771635639000,-11635299000,-28.6875,-16.5625,-30.25
35771635639000,-11652737000,-28.4375,-16.3125,-29.75
35771635639000,-11669617000,-28.1875,-16.3125,-30.0
35771635639000,-11685933000,-27.6875,-16.8125,-29.75
35771635639000,-11702762000,-27.4375,-17.0625,-30.25
35771635639000,-11719534000,-27.1875,-17.5625,-30.25
35771635639000,-11736285000,-26.75,-17.5625,-30.25
35771635639000,-11753049000,-26.5,-17.3125,-30.4375
35771635639000,-11770146000,-25.75,-17.3125,-30.0
35771635639000,-11786923000,-26.25,-16.8125,-29.75
35771635639000,-11803624000,-26.25,-16.8125,-29.5
35771635639000,-11820759000,-26.5,-17.0625,-29.5
35771635639000,-11837155000,-26.5,-16.8125,-29.5
35771635639000,-11853875000,-25.75,-17.3125,-29.75
35771635639000,-11870583000,-25.75,-17.5625,-30.25
35771635639000,-11887460000,-26.25,-17.3125,-30.25
35771635639000,-11904045000,-26.5,-17.5625,-30.4375
35771635639000,-11920860000,-26.9375,-17.0625,-30.6875
35771635639000,-11937652000,-27.1875,-17.3125,-30.25
35771635639000,-11954338000,-26.9375,-17.8125,-29.75
35771635639000,-11970874000,-26.9375,-18.0625,-29.5
35771635639000,-11987651000,-27.1875,-18.8125,-29.0
35771635639000,-12004702000,-27.1875,-18.3125,-29.25
35771635639000,-12021680000,-26.75,-18.3125,-29.25
35771635639000,-12038316000,-26.75,-17.8125,-29.5
35771635639000,-12055059000,-26.25,-17.5625,-29.75
35771635639000,-12071831000,-26.25,-17.3125,-29.75
35771635639000,-12088916000,-26.75,-17.3125,-29.25
35771635639000,-12105815000,-26.0,-17.5625,-29.5
35771635639000,-12122320000,-25.75,-17.0625,-29.0
35771635639000,-12138976000,-25.75,-17.3125,-29.0
35771635639000,-12155654000,-25.25,-17.0625,-30.0
35771635639000,-12172362000,-25.75,-17.0625,-29.5
35771635639000,-12189168000,-25.75,-17.5625,-30.0
35771635639000,-12206195000,-25.5,-17.0625,-30.0
35771635639000,-12222892000,-25.5,-16.8125,-29.75
35771635639000,-12239745000,-25.5,-16.5625,-29.5
35771635639000,-12257099000,-25.75,-15.625,-29.25
35771635639000,-12273270000,-25.75,-15.625,-29.0
35771635639000,-12290071000,-25.75,-15.125,-28.75
35771635639000,-12307179000,-26.25,-15.125,-29.25
35771635639000,-12323750000,-26.25,-15.125,-29.0
35771635639000,-12340637000,-26.75,-14.625,-29.0
35771635639000,-12357083000,-26.5,-14.375,-28.75
35771635639000,-12373783000,-26.25,-13.875,-28.75
35771635639000,-12390563000,-26.25,-13.875,-29.0
35771635639000,-12407633000,-25.25,-13.875,-29.0
35771635639000,-12424269000,-25.25,-13.875,-29.25
35771635639000,-12440823000,-25.0,-13.625,-29.0
35771635639000,-12457690000,-24.75,-13.125,-29.0
35771635639000,-12475417000,-25.5,-13.375,-29.0
35771635639000,-12492149000,-25.75,-13.625,-29.5
35771635639000,-12509509000,-26.0,-13.625,-29.25
35771635639000,-12525657000,-26.25,-14.125,-29.5
35771635639000,-12542413000,-26.25,-14.125,-29.75
35771635639000,-12559138000,-26.0,-13.875,-29.5
35771635639000,-12576105000,-26.0,-14.125,-29.5
35771635639000,-12593007000,-25.75,-13.625,-29.25
35771635639000,-12609902000,-25.25,-13.625,-28.75
35771635639000,-12626546000,-25.75,-13.875,-28.0
35771635639000,-12643169000,-25.0,-13.875,-28.0
35771635639000,-12660012000,-24.75,-14.375,-27.5
35771635639000,-12677071000,-25.25,-14.125,-27.75
35771635639000,-12693564000,-25.0,-14.125,-28.0
35771635639000,-12710512000,-26.0,-14.375,-28.25
35771635639000,-12727991000,-26.9375,-14.625,-28.5
35771635639000,-12744582000,-26.75,-14.875,-28.25
35771635639000,-12761293000,-26.9375,-15.375,-28.25
35771635639000,-12778052000,-26.9375,-15.125,-28.0
35771635639000,-12794935000,-26.75,-14.875,-28.0
35771635639000,-12811589000,-26.75,-14.875,-28.25
35771635639000,-12828266000,-26.0,-14.375,-28.25
35771635639000,-12845360000,-26.0,-13.875,-28.0
35771635639000,-12861911000,-25.75,-13.625,-28.0
35771635639000,-12878651000,-26.0,-13.375,-27.75
35771635639000,-12896245000,-26.9375,-13.125,-27.5
35771635639000,-12912991000,-26.75,-13.625,-28.0
35771635639000,-12929746000,-26.5,-13.625,-28.25
35771635639000,-12947038000,-26.25,-13.625,-28.5
35771635639000,-12963465000,-26.0,-13.375,-29.25
35771635639000,-12979869000,-26.0,-13.125,-29.0
35771635639000,-12996826000,-26.0,-13.125,-29.5
35771635639000,-13013533000,-26.0,-12.875,-29.75
35771635639000,-13030254000,-26.25,-12.875,-29.5
35771635639000,-13046897000,-26.0,-12.4375,-30.0
35771635639000,-13063870000,-26.5,-12.4375,-29.75
35771635639000,-13080473000,-26.9375,-12.625,-29.5
35771635639000,-13097179000,-26.5,-12.625,-29.75
35771635639000,-13113921000,-26.75,-12.4375,-29.5
35771635639000,-13130584000,-26.75,-11.9375,-29.5
35771635639000,-13147548000,-26.75,-11.1875,-29.75
35771635639000,-13164093000,-26.9375,-10.6875,-29.75
35771635639000,-13180819000,-26.9375,-10.4375,-30.4375
35771635639000,-13197614000,-26.5,-10.1875,-30.4375
35771635639000,-13214345000,-26.25,-9.9375,-30.4375
35771635639000,-13231021000,-26.5,-9.4375,-31.4375
35771635639000,-13247818000,-26.75,-9.4375,-31.6875
35771635639000,-13264506000,-26.75,-8.75,-32.9375
35771635639000,-13281375000,-26.75,-8.25,-33.875
35771635639000,-13298003000,-26.75,-7.75,-33.875
35771635639000,-13314685000,-26.5,-6.75,-33.875
35771635639000,-13331794000,-26.9375,-6.0,-33.4375
35771635639000,-13348773000,-26.5,-5.5,-33.4375
35771635639000,-13365209000,-25.75,-5.3125,-33.1875
35771635639000,-13382122000,-25.5,-5.3125,-33.4375
35771635639000,-13398830000,-24.5,-5.75,-33.6875
35771635639000,-13415410000,-24.5,-5.3125,-33.1875
35771635639000,-13432190000,-25.0,-4.3125,-33.1875
35771635639000,-13449005000,-24.25,-4.0625,-32.9375
35771635639000,-13465668000,-24.25,-3.5625,-32.9375
35771635639000,-13482508000,-24.25,-3.5625,-33.4375
35771635639000,-13499514000,-23.5,-3.8125,-33.4375
35771635639000,-13516046000,-23.75,-3.0625,-33.1875
35771635639000,-13532726000,-24.25,-2.8125,-32.9375
35771635639000,-13549553000,-24.0,-2.5625,-32.6875
35771635639000,-13566672000,-24.25,-2.8125,-32.9375
35771635639000,-13583291000,-24.5,-3.3125,-33.1875
35771635639000,-13600074000,-24.25,-2.5625,-33.1875
35771635639000,-13616924000,-24.5,-2.5625,-33.1875
35771635639000,-13633934000,-24.5,-2.0625,-32.9375
35771635639000,-13650569000,-24.5,-1.8125,-32.9375
35771635639000,-13667426000,-24.5,-2.0625,-33.1875
35771635639000,-13684024000,-24.5,-1.625,-32.9375
35771635639000,-13700991000,-24.25,-1.8125,-32.9375
35771635639000,-13717516000,-24.5,-1.625,-32.9375
35771635639000,-13734264000,-24.25,-1.625,-32.1875
35771635639000,-13751430000,-24.5,-2.0625,-32.1875
35771635639000,-13768407000,-24.25,-2.3125,-32.1875
35771635639000,-13785016000,-23.75,-2.8125,-31.4375
35771635639000,-13801349000,-24.25,-3.5625,-31.6875
35771635639000,-13818471000,-24.5,-3.3125,-31.4375
35771635639000,-13834953000,-25.0,-3.0625,-30.6875
35771635639000,-13851746000,-25.0,-3.3125,-31.1875
35771635639000,-13868778000,-24.75,-3.3125,-31.1875
35771635639000,-13886386000,-24.5,-4.0625,-30.9375
35771635639000,-13902620000,-24.75,-4.5625,-31.4375
35771635639000,-13919639000,-25.0,-4.5625,-30.9375
35771635639000,-13935896000,-25.0,-4.5625,-30.9375
35771635639000,-13952749000,-25.25,-4.8125,-31.1875
35771635639000,-13969339000,-25.25,-5.3125,-30.9375
35771635639000,-13986134000,-25.5,-5.5,-31.1875
35771635639000,-14003024000,-26.0,-6.25,-30.6875
35771635639000,-14019757000,-26.0,-6.5,-30.6875
35771635639000,-14036527000,-26.5,-6.5,-30.6875
35771635639000,-14053423000,-26.75,-7.0,-30.6875
35771635639000,-14070050000,-26.75,-7.25,-31.1875
35771635639000,-14086810000,-26.25,-7.75,-30.9375
35771635639000,-14103548000,-26.0,-8.25,-30.9375
35771635639000,-14120502000,-25.5,-8.25,-30.9375
35771635639000,-14137190000,-25.25,-8.5,-30.4375
35771635639000,-14154122000,-25.5,-8.25,-30.25
35771635639000,-14170774000,-24.75,-8.25,-30.0
35771635639000,-14187598000,-25.0,-8.5,-30.0
35771635639000,-14204457000,-25.5,-8.5,-30.4375
35771635639000,-14221154000,-26.0,-8.9375,-30.6875
35771635639000,-14237822000,-26.5,-8.9375,-30.4375
35771635639000,-14254640000,-26.75,-9.6875,-30.4375
35771635639000,-14271739000,-26.0,-10.1875,-30.0
35771635639000,-14288933000,-25.0,-10.1875,-30.6875
35771635639000,-14305187000,-24.25,-10.4375,-31.1875
35771635639000,-14321939000,-23.75,-9.6875,-31.6875
35771635639000,-14338608000,-23.75,-9.4375,-32.1875
35771635639000,-14355374000,-24.25,-9.4375,-31.4375
35771635639000,-14372129000,-25.25,-9.6875,-31.9375
35771635639000,-14388949000,-25.25,-10.4375,-31.1875
35771635639000,-14405627000,-25.5,-10.4375,-30.9375
35771635639000,-14422520000,-25.25,-10.9375,-31.1875
35771635639000,-14439250000,-25.75,-10.9375,-30.6875
35771635639000,-14455795000,-26.5,-10.4375,-30.6875
35771635639000,-14473000000,-26.9375,-10.6875,-30.4375
35771635639000,-14489600000,-27.9375,-10.1875,-30.4375
35771635639000,-14506697000,-27.4375,-9.9375,-30.6875
35771635639000,-14523708000,-27.6875,-9.4375,-31.1875
35771635639000,-14540513000,-27.9375,-8.9375,-31.4375
35771635639000,-14557354000,-27.6875,-8.9375,-31.1875
35771635639000,-14574243000,-27.9375,-8.9375,-30.9375
35771635639000,-14590863000,-27.9375,-9.4375,-30.9375
35771635639000,-14607413000,-27.6875,-9.4375,-30.6875
35771635639000,-14624132000,-27.1875,-9.6875,-31.1875
35771635639000,-14641413000,-27.4375,-9.6875,-31.4375
35771635639000,-14658381000,-27.9375,-9.6875,-31.6875
35771635639000,-14674842000,-27.9375,-9.4375,-31.9375
35771635639000,-14691635000,-28.9375,-9.1875,-31.9375
35771635639000,-14708285000,-29.4375,-8.75,-31.9375
35771635639000,-14725042000,-28.9375,-8.5,-31.6875
35771635639000,-14741873000,-29.1875,-8.5,-31.4375
35771635639000,-14758485000,-29.4375,-8.5,-30.9375
35771635639000,-14775250000,-29.1875,-8.9375,-30.4375
35771635639000,-14791915000,-29.4375,-9.1875,-30.0
35771635639000,-14808622000,-30.1875,-9.4375,-30.0
35771635639000,-14825551000,-30.375,-9.4375,-30.0
35771635639000,-14842111000,-30.625,-9.4375,-30.0
35771635639000,-14858816000,-31.125,-9.9375,-30.25
35771635639000,-14875574000,-31.125,-10.6875,-30.4375
35771635639000,-14892409000,-31.375,-10.9375,-30.0
35771635639000,-14909502000,-31.875,-11.4375,-30.0
35771635639000,-14925896000,-32.625,-11.1875,-30.0
35771635639000,-14942897000,-32.875,-10.6875,-29.75
35771635639000,-14959477000,-32.625,-11.1875,-30.25
35771635639000,-14976145000,-33.375,-11.1875,-30.0
35771635639000,-14992939000,-32.875,-11.4375,-29.5
35771635639000,-15009729000,-33.625,-11.9375,-29.25
35771635639000,-15026599000,-34.5625,-11.9375,-29.0
35771635639000,-15043157000,-34.5625,-12.1875,-29.0
35771635639000,-15059941000,-35.5625,-12.1875,-29.0
35771635639000,-15076600000,-35.3125,-11.9375,-29.0
35771635639000,-15093350000,-35.3125,-12.1875,-29.25
35771635639000,-15110088000,-34.8125,-12.1875,-29.5
35771635639000,-15126992000,-34.3125,-12.1875,-29.75
35771635639000,-15143688000,-34.5625,-12.625,-30.0
35771635639000,-15160516000,-34.5625,-12.4375,-30.0
35771635639000,-15177114000,-34.8125,-11.9375,-30.0
35771635639000,-15193846000,-35.5625,-12.1875,-30.0
35771635639000,-15210599000,-35.5625,-11.6875,-30.0
35771635639000,-15227352000,-36.0625,-11.4375,-30.0
35771635639000,-15244521000,-37.3125,-12.4375,-30.0
35771635639000,-15260951000,-37.5,-12.4375,-30.0
35771635639000,-15277817000,-38.0,-12.875,-30.25
35771635639000,-15294503000,-38.75,-13.125,-30.4375
35771635639000,-15311246000,-38.0,-12.4375,-30.6875
35771635639000,-15327968000,-37.5,-12.4375,-30.9375
35771635639000,-15344657000,-37.5,-12.1875,-31.1875
35771635639000,-15361444000,-36.8125,-12.1875,-31.1875
35771635639000,-15378732000,-37.0625,-12.875,-31.6875
35771635639000,-15395097000,-37.0625,-13.125,-31.9375
35771635639000,-15411783000,-36.5625,-13.125,-31.9375
35771635639000,-15428608000,-35.8125,-13.125,-32.1875
35771635639000,-15445338000,-36.0625,-12.875,-32.1875
35771635639000,-15462055000,-35.5625,-13.375,-32.1875
35771635639000,-15478942000,-35.8125,-13.875,-32.1875
35771635639000,-15495785000,-36.0625,-14.125,-32.6875
35771635639000,-15512429000,-34.8125,-14.125,-32.1875
35771635639000,-15529052000,-35.0625,-13.625,-32.4375
35771635639000,-15545704000,-34.3125,-13.375,-32.6875
35771635639000,-15562559000,-34.5625,-13.375,-32.4375
35771635639000,-15579520000,-34.3125,-12.875,-32.1875
35771635639000,-15596323000,-34.0625,-12.625,-31.9375
35771635639000,-15612992000,-34.3125,-12.4375,-31.6875
35771635639000,-15629689000,-33.625,-11.9375,-31.1875
35771635639000,-15646417000,-34.3125,-11.9375,-30.9375
35771635639000,-15663171000,-34.3125,-11.4375,-30.4375
35771635639000,-15679863000,-34.3125,-10.9375,-30.4375
35771635639000,-15696593000,-34.5625,-10.6875,-30.6875
35771635639000,-15713341000,-34.3125,-10.9375,-31.1875
35771635639000,-15730369000,-34.0625,-11.1875,-31.9375
35771635639000,-15747326000,-34.0625,-11.1875,-31.6875
35771635639000,-15763614000,-33.625,-10.6875,-31.9375
35771635639000,-15780291000,-33.375,-10.4375,-31.6875
35771635639000,-15797057000,-33.125,-10.6875,-31.4375
35771635639000,-15813811000,-32.625,-10.6875,-31.6875
35771635639000,-15830507000,-32.625,-11.1875,-30.9375
35771635639000,-15847343000,-32.125,-10.6875,-30.6875
35771635639000,-15864220000,-32.125,-10.1875,-30.4375
35771635639000,-15880984000,-32.125,-10.6875,-30.0
35771635639000,-15897619000,-31.875,-10.4375,-29.75
35771635639000,-15914434000,-32.125,-10.9375,-30.0
35771635639000,-15931263000,-32.375,-11.4375,-29.75
35771635639000,-15948039000,-31.875,-11.1875,-29.75
35771635639000,-15964941000,-32.375,-11.6875,-30.0
35771635639000,-15981707000,-32.125,-11.6875,-29.5
35771635639000,-15998355000,-31.875,-11.6875,-29.0
35771635639000,-16015156000,-31.875,-12.1875,-29.0
35771635639000,-16031863000,-30.875,-12.4375,-29.0
35771635639000,-16048611000,-30.875,-13.125,-29.0
35771635639000,-16065553000,-31.375,-13.625,-29.25
35771635639000,-16082278000,-31.625,-13.625,-28.75
35771635639000,-16098899000,-32.375,-13.875,-28.5
35771635639000,-16115837000,-33.125,-13.875,-28.25
35771635639000,-16132318000,-32.875,-13.875,-28.0
35771635639000,-16149130000,-32.625,-14.375,-28.5
35771635639000,-16165901000,-32.375,-14.625,-28.5
35771635639000,-16182746000,-31.625,-14.625,-29.25
35771635639000,-16199551000,-30.625,-14.625,-29.5
35771635639000,-16216146000,-30.875,-14.125,-29.0
35771635639000,-16232862000,-30.625,-13.875,-28.75
35771635639000,-16249626000,-30.375,-14.125,-28.5
35771635639000,-16266345000,-30.875,-13.875,-28.75
35771635639000,-16283227000,-30.375,-13.875,-29.0
35771635639000,-16300053000,-30.1875,-13.875,-28.75
35771635639000,-16317095000,-29.6875,-13.125,-28.5
35771635639000,-16334056000,-28.9375,-13.125,-28.25
35771635639000,-16350586000,-28.6875,-13.125,-27.75
35771635639000,-16367245000,-28.4375,-13.125,-28.5
35771635639000,-16383958000,-28.6875,-13.875,-28.75
35771635639000,-16400733000,-28.6875,-14.125,-28.5
35771635639000,-16417611000,-28.6875,-14.125,-29.0
35771635639000,-16434298000,-28.6875,-14.125,-29.25
35771635639000,-16451203000,-28.4375,-14.375,-29.25
35771635639000,-16467904000,-28.1875,-14.625,-29.75
35771635639000,-16484531000,-27.9375,-15.125,-29.75
35771635639000,-16501265000,-27.9375,-15.625,-29.75
35771635639000,-16518366000,-28.1875,-15.125,-30.0
35771635639000,-16534891000,-28.4375,-15.125,-30.6875
35771635639000,-16551677000,-28.6875,-15.625,-30.6875
35771635639000,-16568706000,-29.4375,-15.375,-30.4375
35771635639000,-16585266000,-29.6875,-15.625,-30.4375
35771635639000,-16602935000,-29.4375,-15.625,-29.25
35771635639000,-16618874000,-28.9375,-14.375,-29.5
35771635639000,-16635540000,-27.9375,-14.875,-29.5
35771635639000,-16652234000,-27.4375,-14.625,-29.5
35771635639000,-16669033000,-27.1875,-14.125,-30.0
35771635639000,-16685980000,-27.6875,-14.625,-30.0
35771635639000,-16702547000,-27.9375,-14.375,-29.75
35771635639000,-16720611000,-27.4375,-14.375,-30.0
35771635639000,-16736211000,-27.4375,-14.625,-30.0
35771635639000,-16752859000,-27.1875,-14.875,-30.4375
35771635639000,-16769711000,-27.1875,-14.875,-30.9375
35771635639000,-16786408000,-27.6875,-15.625,-30.9375
35771635639000,-16803283000,-27.9375,-15.875,-31.6875
35771635639000,-16819929000,-28.1875,-16.3125,-31.4375
35771635639000,-16836662000,-28.1875,-16.8125,-31.4375
35771635639000,-16853645000,-28.1875,-16.3125,-31.4375
35771635639000,-16870212000,-27.9375,-16.5625,-31.4375
35771635639000,-16887093000,-27.6875,-16.5625,-31.6875
35771635639000,-16903947000,-27.4375,-16.0625,-31.6875
35771635639000,-16920890000,-26.9375,-16.3125,-31.6875
35771635639000,-16937817000,-27.1875,-16.5625,-31.1875
35771635639000,-16954344000,-26.9375,-16.5625,-30.4375
35771635639000,-16971043000,-27.1875,-17.0625,-30.25
35771635639000,-16988236000,-27.9375,-17.3125,-30.0
35771635639000,-17004833000,-28.4375,-17.3125,-29.75
35771635639000,-17021616000,-28.9375,-17.5625,-30.4375
35771635639000,-17038852000,-29.4375,-17.5625,-30.25
35771635639000,-17055097000,-29.4375,-17.5625,-30.0
35771635639000,-17072380000,-29.6875,-18.0625,-30.25
35771635639000,-17088871000,-30.375,-18.3125,-29.5
35771635639000,-17105390000,-30.1875,-19.0625,-29.75
35771635639000,-17122148000,-31.125,-19.5625,-29.75
35771635639000,-17138824000,-31.125,-19.5625,-29.5
35771635639000,-17155680000,-31.125,-19.5625,-29.75
35771635639000,-17172347000,-31.375,-19.75,-30.0
35771635639000,-17189420000,-30.625,-20.25,-30.25
35771635639000,-17206174000,-30.875,-20.75,-29.75
35771635639000,-17222630000,-30.875,-20.75,-29.75
35771635639000,-17239564000,-31.375,-21.0,-29.75
35771635639000,-17256870000,-31.875,-21.25,-30.0
35771635639000,-17273418000,-32.375,-21.0,-30.4375
35771635639000,-17290044000,-32.625,-21.5,-30.6875
35771635639000,-17307043000,-32.125,-21.25,-30.4375
35771635639000,-17323521000,-32.375,-20.75,-30.4375
35771635639000,-17340358000,-32.375,-20.75,-30.25
35771635639000,-17357309000,-32.125,-20.75,-30.0
35771635639000,-17373795000,-33.125,-21.25,-30.0
35771635639000,-17390610000,-32.875,-21.25,-29.75
35771635639000,-17407512000,-33.125,-21.5,-30.0
35771635639000,-17424357000,-33.875,-21.25,-30.0
35771635639000,-17441138000,-34.0625,-20.5,-29.75
35771635639000,-17457747000,-34.8125,-20.75,-30.0
35771635639000,-17474447000,-35.3125,-20.5,-30.0
35771635639000,-17491250000,-35.3125,-20.75,-30.0
35771635639000,-17507979000,-36.0625,-21.0,-30.4375
35771635639000,-17525031000,-36.5625,-20.75,-30.6875
35771635639000,-17541655000,-36.8125,-20.5,-30.9375
35771635639000,-17558226000,-37.3125,-20.0,-31.4375
35771635639000,-17575092000,-37.3125,-19.75,-31.4375
35771635639000,-17591667000,-37.5,-19.75,-31.6875
35771635639000,-17608383000,-37.5,-20.0,-31.9375
35771635639000,-17625160000,-38.0,-20.0,-32.1875
35771635639000,-17641983000,-37.75,-20.0,-32.6875
35771635639000,-17658771000,-37.3125,-19.0625,-32.4375
35771635639000,-17675584000,-37.3125,-18.5625,-32.6875
35771635639000,-17692358000,-37.0625,-18.0625,-32.4375
35771635639000,-17708840000,-37.3125,-17.0625,-32.6875
35771635639000,-17725986000,-38.0,-16.8125,-32.9375
35771635639000,-17742385000,-38.25,-16.0625,-32.9375
35771635639000,-17759192000,-38.25,-15.125,-32.9375
35771635639000,-17776094000,-38.0,-14.625,-32.6875
35771635639000,-17792777000,-37.3125,-13.875,-32.6875
35771635639000,-17809571000,-36.8125,-12.875,-32.9375
35771635639000,-17827060000,-36.5625,-12.625,-32.9375
35771635639000,-17843858000,-36.3125,-11.6875,-32.9375
35771635639000,-17860512000,-36.3125,-11.4375,-33.1875
35771635639000,-17877582000,-36.0625,-11.1875,-33.1875
35771635639000,-17894362000,-35.8125,-10.9375,-33.6875
35771635639000,-17911170000,-35.8125,-10.6875,-33.4375
35771635639000,-17928153000,-35.0625,-10.1875,-33.6875
35771635639000,-17944663000,-34.8125,-9.9375,-33.875
35771635639000,-17961568000,-34.5625,-9.1875,-33.875
35771635639000,-17978232000,-34.0625,-9.1875,-34.875
35771635639000,-17994901000,-34.5625,-9.1875,-34.625
35771635639000,-18011638000,-34.3125,-8.9375,-35.125
35771635639000,-18028601000,-34.3125,-8.9375,-34.875
35771635639000,-18045192000,-34.3125,-9.1875,-34.375
35771635639000,-18061899000,-34.0625,-8.9375,-34.375
35771635639000,-18079123000,-33.875,-8.9375,-33.6875
35771635639000,-18095470000,-33.375,-9.4375,-33.875
35771635639000,-18112197000,-32.875,-9.1875,-34.125
35771635639000,-18129024000,-32.125,-9.9375,-34.375
35771635639000,-18145927000,-31.625,-10.6875,-34.375
35771635639000,-18162509000,-31.125,-10.6875,-34.375
35771635639000,-18179142000,-30.375,-11.4375,-34.625
35771635639000,-18195858000,-30.375,-11.6875,-34.625
35771635639000,-18212911000,-30.375,-11.9375,-34.875
35771635639000,-18229729000,-29.6875,-12.4375,-34.625
35771635639000,-18246079000,-29.9375,-12.625,-34.125
35771635639000,-18263018000,-29.1875,-12.625,-34.125
35771635639000,-18279816000,-28.4375,-12.625,-34.375
35771635639000,-18296507000,-28.9375,-12.875,-34.375
35771635639000,-18313077000,-28.1875,-13.125,-34.375
35771635639000,-18330326000,-27.9375,-13.125,-34.125
35771635639000,-18346525000,-27.9375,-13.375,-33.6875
35771635639000,-18363584000,-27.6875,-13.375,-34.375
35771635639000,-18380207000,-27.6875,-13.125,-34.125
35771635639000,-18397240000,-27.9375,-13.375,-34.125
35771635639000,-18413733000,-28.1875,-13.375,-34.625
35771635639000,-18430457000,-27.9375,-13.375,-34.375
35771635639000,-18447363000,-28.1875,-13.625,-34.375
35771635639000,-18464144000,-27.9375,-13.875,-34.375
35771635639000,-18481135000,-27.6875,-13.625,-33.6875
35771635639000,-18497557000,-27.6875,-14.125,-33.1875
35771635639000,-18514371000,-27.1875,-14.375,-32.9375
35771635639000,-18531234000,-27.1875,-13.875,-32.4375
35771635639000,-18548104000,-27.1875,-14.625,-32.6875
35771635639000,-18564830000,-26.9375,-14.375,-32.6875
35771635639000,-18582007000,-27.1875,-13.875,-33.1875
35771635639000,-18598626000,-26.9375,-14.125,-33.1875
35771635639000,-18615183000,-26.9375,-14.125,-32.6875
35771635639000,-18631897000,-26.75,-13.875,-32.6875
35771635639000,-18648886000,-26.25,-14.625,-32.9375
35771635639000,-18665907000,-26.25,-15.125,-33.1875
35771635639000,-18682651000,-26.0,-15.125,-33.875
35771635639000,-18699515000,-25.5,-15.625,-34.125
35771635639000,-18716308000,-25.5,-15.375,-33.875
35771635639000,-18732938000,-24.75,-15.875,-34.125
35771635639000,-18749635000,-24.25,-15.875,-33.4375
35771635639000,-18766412000,-25.0,-15.625,-33.4375
35771635639000,-18783144000,-24.75,-15.625,-33.6875
35771635639000,-18799965000,-25.25,-15.125,-33.6875
35771635639000,-18817003000,-25.5,-15.625,-33.875
35771635639000,-18833981000,-25.5,-16.0625,-33.1875
35771635639000,-18850971000,-25.75,-16.3125,-32.4375
35771635639000,-18867874000,-26.25,-16.3125,-31.9375
35771635639000,-18884819000,-26.25,-16.0625,-31.9375
35771635639000,-18901624000,-25.75,-16.3125,-32.6875
35771635639000,-18918289000,-26.0,-16.5625,-32.6875
35771635639000,-18935121000,-25.5,-16.8125,-32.9375
35771635639000,-18951772000,-25.75,-17.0625,-32.6875
35771635639000,-18968520000,-25.75,-17.0625,-32.1875
35771635639000,-18985779000,-26.0,-17.0625,-32.6875
35771635639000,-19002060000,-26.0,-17.0625,-32.6875
35771635639000,-19019124000,-26.0,-16.8125,-32.9375
35771635639000,-19035599000,-26.25,-16.8125,-32.9375
35771635639000,-19052486000,-25.75,-16.3125,-32.6875
35771635639000,-19069181000,-26.0,-16.0625,-32.6875
35771635639000,-19085995000,-25.5,-16.3125,-32.4375
35771635639000,-19103037000,-25.5,-16.0625,-32.4375
35771635639000,-19119996000,-25.75,-16.3125,-31.9375
35771635639000,-19136578000,-26.25,-16.0625,-31.1875
35771635639000,-19153122000,-26.9375,-15.625,-30.9375
35771635639000,-19170293000,-26.9375,-15.875,-31.1875
35771635639000,-19187179000,-27.1875,-15.625,-31.9375
35771635639000,-19203576000,-26.75,-16.0625,-32.4375
35771635639000,-19220408000,-26.5,-16.3125,-32.4375
35771635639000,-19237058000,-26.75,-16.3125,-31.9375
35771635639000,-19253846000,-26.5,-16.5625,-31.4375
35771635639000,-19271036000,-26.75,-16.3125,-31.1875
35771635639000,-19287306000,-26.9375,-16.5625,-31.1875
35771635639000,-19305185000,-27.6875,-16.5625,-30.6875
35771635639000,-19321691000,-27.9375,-16.5625,-30.4375
35771635639000,-19338811000,-27.9375,-17.3125,-30.4375
35771635639000,-19355963000,-27.1875,-18.0625,-30.4375
35771635639000,-19372412000,-26.25,-18.0625,-30.9375
35771635639000,-19389128000,-26.5,-18.3125,-31.1875
35771635639000,-19405724000,-26.25,-18.3125,-31.4375
35771635639000,-19422668000,-26.75,-18.0625,-31.9375
35771635639000,-19439441000,-27.1875,-17.8125,-32.4375
35771635639000,-19455928000,-26.75,-17.8125,-32.4375
35771635639000,-19472733000,-26.25,-18.0625,-32.6875
35771635639000,-19489425000,-26.0,-17.5625,-32.4375
35771635639000,-19506169000,-25.5,-18.0625,-32.4375
35771635639000,-19522986000,-25.25,-18.3125,-32.6875
35771635639000,-19539638000,-25.0,-18.0625,-32.9375
35771635639000,-19556949000,-24.75,-18.5625,-33.1875
35771635639000,-19573208000,-24.0,-18.8125,-33.1875
35771635639000,-19590032000,-23.25,-19.0625,-33.6875
35771635639000,-19606718000,-23.25,-19.0625,-33.4375
35771635639000,-19623565000,-23.25,-18.8125,-33.6875
35771635639000,-19640514000,-23.25,-18.8125,-33.6875
35771635639000,-19657484000,-23.75,-19.0625,-33.4375
35771635639000,-19673986000,-23.5,-19.5625,-33.875
35771635639000,-19690692000,-23.25,-19.5625,-33.6875
35771635639000,-19707445000,-23.0625,-19.5625,-33.6875
35771635639000,-19724118000,-22.5625,-19.3125,-34.125
35771635639000,-19740888000,-22.8125,-19.0625,-33.875
35771635639000,-19757716000,-23.0625,-19.5625,-34.375
35771635639000,-19774741000,-23.75,-19.5625,-34.875
35771635639000,-19791340000,-23.75,-19.75,-35.125
35771635639000,-19807964000,-23.75,-19.75,-35.625
35771635639000,-19824706000,-23.25,-19.5625,-35.625
35771635639000,-19841372000,-23.0625,-20.0,-35.375
35771635639000,-19858162000,-23.5,-19.75,-34.875
35771635639000,-19874912000,-23.25,-20.0,-34.625
35771635639000,-19891626000,-23.0625,-20.25,-35.125
35771635639000,-19908652000,-22.8125,-20.0,-35.625
35771635639000,-19925218000,-22.8125,-20.0,-35.375
35771635639000,-19941805000,-23.25,-19.5625,-35.375
35771635639000,-19958594000,-23.75,-19.3125,-35.125
35771635639000,-19975272000,-23.75,-19.0625,-34.875
35771635639000,-19992100000,-23.75,-18.5625,-35.375
35771635639000,-20008799000,-23.0625,-18.3125,-35.625
35771635639000,-20025534000,-22.8125,-17.5625,-35.875
35771635639000,-20042298000,-22.3125,-17.3125,-36.125
35771635639000,-20059138000,-22.0625,-17.0625,-36.125
35771635639000,-20075796000,-22.0625,-17.0625,-36.625
35771635639000,-20092669000,-21.5625,-17.3125,-36.625
35771635639000,-20109187000,-21.8125,-17.3125,-37.375
35771635639000,-20126101000,-21.0625,-17.5625,-38.0625
35771635639000,-20142720000,-20.8125,-17.5625,-38.0625
35771635639000,-20159348000,-21.0625,-17.5625,-38.0625
35771635639000,-20176036000,-21.0625,-17.5625,-37.5625
35771635639000,-20193084000,-21.3125,-18.0625,-37.125
35771635639000,-20209674000,-21.5625,-18.3125,-36.875
35771635639000,-20226574000,-21.8125,-18.5625,-37.375
35771635639000,-20243439000,-22.5625,-18.5625,-38.0625
35771635639000,-20260019000,-23.25,-17.8125,-38.3125
35771635639000,-20276670000,-23.5,-17.5625,-37.8125
35771635639000,-20293505000,-23.25,-17.8125,-36.875
35771635639000,-20310522000,-23.25,-17.5625,-35.625
35771635639000,-20327199000,-23.0625,-18.0625,-35.625
35771635639000,-20344128000,-23.25,-18.0625,-35.875
35771635639000,-20360675000,-24.0,-17.8125,-36.125
35771635639000,-20377401000,-23.5,-18.0625,-36.375
35771635639000,-20394063000,-23.75,-18.3125,-35.875
35771635639000,-20411049000,-24.5,-18.8125,-35.625
35771635639000,-20428204000,-23.75,-18.8125,-35.625
35771635639000,-20445018000,-23.75,-18.5625,-35.375
35771635639000,-20461529000,-23.5,-18.5625,-35.625
35771635639000,-20478303000,-22.8125,-18.5625,-35.625
35771635639000,-20495138000,-23.0625,-18.5625,-36.125
35771635639000,-20511838000,-23.5,-19.0625,-36.625
35771635639000,-20528713000,-23.75,-19.3125,-36.625
35771635639000,-20545335000,-24.25,-19.75,-36.875
35771635639000,-20562098000,-24.25,-20.25,-36.375
35771635639000,-20578807000,-24.5,-20.25,-36.375
35771635639000,-20595496000,-24.5,-19.75,-36.875
35771635639000,-20612525000,-24.0,-19.3125,-37.375
35771635639000,-20629075000,-24.5,-18.8125,-38.0625
35771635639000,-20645890000,-24.5,-18.5625,-38.3125
35771635639000,-20662656000,-24.25,-18.3125,-38.3125
35771635639000,-20679188000,-24.0,-18.0625,-38.5625
35771635639000,-20696117000,-24.0,-18.0625,-38.3125
35771635639000,-20712765000,-23.5,-17.5625,-38.5625
35771635639000,-20729468000,-23.5,-17.5625,-38.5625
35771635639000,-20746226000,-24.0,-17.5625,-38.3125
35771635639000,-20763076000,-23.75,-17.8125,-38.5625
35771635639000,-20779618000,-23.5,-18.0625,-38.3125
35771635639000,-20796424000,-23.75,-18.8125,-37.8125
35771635639000,-20813049000,-24.0,-18.8125,-37.8125
35771635639000,-20829931000,-24.25,-18.8125,-37.375
35771635639000,-20846685000,-24.75,-18.8125,-37.375
35771635639000,-20863378000,-24.75,-18.3125,-37.5625
35771635639000,-20880312000,-25.0,-18.0625,-37.8125
35771635639000,-20897052000,-25.0,-18.0625,-38.0625
35771635639000,-20913788000,-25.25,-18.8125,-38.0625
35771635639000,-20930628000,-25.25,-18.5625,-38.0625
35771635639000,-20947322000,-24.75,-18.8125,-37.5625
35771635639000,-20964020000,-24.75,-18.3125,-38.0625
35771635639000,-20980839000,-24.5,-18.0625,-38.3125
35771635639000,-20997930000,-25.0,-18.5625,-38.0625
35771635639000,-21014314000,-25.75,-18.8125,-38.3125
35771635639000,-21031084000,-26.0,-19.3125,-37.5625
35771635639000,-21048077000,-26.5,-19.3125,-37.5625
35771635639000,-21064647000,-26.25,-19.3125,-37.8125
35771635639000,-21081347000,-25.75,-19.5625,-37.375
35771635639000,-21097986000,-25.75,-19.3125,-37.375
35771635639000,-21114773000,-25.5,-19.5625,-36.875
35771635639000,-21131652000,-25.75,-19.75,-36.625
35771635639000,-21148395000,-26.0,-19.75,-37.375
35771635639000,-21165301000,-25.75,-20.25,-37.8125
35771635639000,-21181993000,-26.0,-20.25,-37.8125
35771635639000,-21198911000,-26.0,-20.25,-38.3125
35771635639000,-21215705000,-25.75,-20.25,-37.5625
35771635639000,-21232316000,-26.0,-20.0,-36.875
35771635639000,-21249128000,-25.25,-19.75,-36.875
35771635639000,-21266087000,-24.75,-20.0,-36.875
35771635639000,-21282619000,-24.75,-20.5,-36.875
35771635639000,-21299650000,-24.75,-21.25,-36.625
35771635639000,-21316242000,-25.25,-21.75,-36.375
35771635639000,-21333667000,-25.75,-22.0,-35.625
35771635639000,-21349856000,-26.25,-21.75,-35.625
35771635639000,-21366527000,-26.25,-21.25,-35.875
35771635639000,-21383331000,-26.25,-21.5,-35.625
35771635639000,-21400161000,-26.75,-21.5,-35.625
35771635639000,-21417140000,-26.5,-21.25,-36.125
35771635639000,-21433692000,-26.5,-21.75,-35.625
35771635639000,-21451043000,-26.75,-21.75,-35.375
35771635639000,-21467451000,-26.5,-22.0,-35.125
35771635639000,-21484053000,-26.9375,-22.25,-34.125
35771635639000,-21501504000,-26.9375,-22.25,-33.875
35771635639000,-21517837000,-26.9375,-22.25,-33.875
35771635639000,-21534559000,-27.1875,-22.0,-33.4375
35771635639000,-21551349000,-27.1875,-22.5,-33.4375
35771635639000,-21568085000,-27.6875,-23.0,-33.6875
35771635639000,-21584935000,-28.1875,-23.4375,-33.4375
35771635639000,-21601508000,-28.1875,-23.9375,-33.4375
35771635639000,-21618243000,-27.6875,-24.4375,-32.9375
35771635639000,-21635174000,-27.9375,-24.1875,-32.6875
35771635639000,-21652064000,-27.6875,-23.9375,-32.6875
35771635639000,-21669019000,-27.1875,-23.6875,-33.4375
35771635639000,-21685758000,-27.1875,-23.1875,-33.6875
35771635639000,-21702344000,-26.75,-23.6875,-33.6875
35771635639000,-21718838000,-26.5,-24.1875,-33.875
35771635639000,-21735580000,-26.5,-24.1875,-32.9375
35771635639000,-21752312000,-26.9375,-24.4375,-32.9375
35771635639000,-21769185000,-27.1875,-23.9375,-33.1875
35771635639000,-21786000000,-27.1875,-23.1875,-32.9375
35771635639000,-21802908000,-27.4375,-22.75,-33.1875
35771635639000,-21819639000,-27.1875,-23.0,-33.4375
35771635639000,-21836192000,-26.75,-23.0,-33.1875
35771635639000,-21852880000,-26.75,-23.6875,-33.1875
35771635639000,-21869655000,-26.25,-24.1875,-33.1875
35771635639000,-21886549000,-26.0,-23.4375,-32.6875
35771635639000,-21903319000,-26.5,-23.6875,-32.6875
35771635639000,-21920738000,-26.75,-23.4375,-32.4375
35771635639000,-21936888000,-26.9375,-23.4375,-32.9375
35771635639000,-21953745000,-26.75,-23.6875,-33.6875
35771635639000,-21970584000,-26.75,-23.6875,-33.875
35771635639000,-21987231000,-26.5,-23.6875,-34.375
35771635639000,-22003857000,-26.75,-23.9375,-33.875
35771635639000,-22020969000,-26.75,-23.6875,-33.6875
35771635639000,-22038049000,-26.5,-23.4375,-33.6875
35771635639000,-22054344000,-26.0,-23.4375,-33.4375
35771635639000,-22071982000,-25.5,-23.4375,-33.6875
35771635639000,-22088403000,-25.25,-23.9375,-33.4375
35771635639000,-22105116000,-25.5,-23.6875,-33.6875
35771635639000,-22121812000,-25.5,-23.6875,-33.875
35771635639000,-22138591000,-25.25,-23.4375,-34.125
35771635639000,-22155476000,-25.5,-23.0,-34.625
35771635639000,-22172065000,-24.5,-23.1875,-34.875
35771635639000,-22188808000,-24.75,-22.75,-35.375
35771635639000,-22205734000,-24.25,-22.5,-35.625
35771635639000,-22222314000,-24.25,-22.25,-35.875
35771635639000,-22239033000,-25.0,-22.0,-35.625
35771635639000,-22255705000,-24.5,-22.5,-35.125
35771635639000,-22272543000,-25.0,-22.5,-34.875
35771635639000,-22289443000,-25.0,-22.75,-34.875
35771635639000,-22306567000,-25.0,-22.5,-35.125
35771635639000,-22323047000,-25.0,-22.0,-35.125
35771635639000,-22339728000,-25.25,-21.75,-35.125
35771635639000,-22356436000,-25.0,-21.5,-34.875
35771635639000,-22373111000,-24.25,-21.5,-34.375
35771635639000,-22389881000,-24.75,-21.0,-34.875
35771635639000,-22406955000,-24.75,-21.25,-34.625
35771635639000,-22423873000,-25.0,-21.5,-34.625
35771635639000,-22440434000,-25.5,-21.5,-35.125
35771635639000,-22457134000,-25.25,-21.75,-35.125
35771635639000,-22473837000,-25.25,-21.25,-35.375
35771635639000,-22490588000,-25.5,-21.0,-35.375
35771635639000,-22507865000,-25.25,-20.75,-34.375
35771635639000,-22524341000,-25.25,-21.0,-34.125
35771635639000,-22541172000,-25.25,-21.0,-34.125
35771635639000,-22557902000,-25.0,-21.0,-34.125
35771635639000,-22574978000,-25.75,-21.5,-34.375
35771635639000,-22591762000,-26.25,-21.5,-34.375
35771635639000,-22608221000,-26.25,-21.75,-34.125
35771635639000,-22624912000,-26.5,-21.25,-33.875
35771635639000,-22641601000,-26.25,-21.0,-34.625
35771635639000,-22658409000,-26.25,-20.75,-34.625
35771635639000,-22675207000,-26.0,-20.5,-34.875
35771635639000,-22692435000,-25.25,-21.0,-35.625
35771635639000,-22709054000,-25.0,-20.75,-35.625
35771635639000,-22725419000,-24.25,-20.25,-35.875
35771635639000,-22742241000,-24.5,-20.0,-35.875
35771635639000,-22758918000,-25.0,-20.25,-35.375
35771635639000,-22775754000,-25.25,-20.25,-35.625
35771635639000,-22792452000,-25.75,-20.75,-35.875
35771635639000,-22809178000,-25.75,-21.25,-36.375
35771635639000,-22825989000,-25.5,-20.75,-36.375
35771635639000,-22842729000,-25.0,-20.5,-36.125
35771635639000,-22859441000,-25.25,-20.25,-35.875
35771635639000,-22876361000,-25.0,-20.25,-35.375
35771635639000,-22893173000,-25.0,-20.5,-35.375
35771635639000,-22909853000,-25.25,-20.5,-35.375
35771635639000,-22926452000,-25.25,-20.5,-35.375
35771635639000,-22943354000,-25.75,-20.5,-36.125
35771635639000,-22960050000,-25.75,-20.25,-36.375
35771635639000,-22976760000,-26.25,-20.5,-36.375
35771635639000,-22993534000,-26.0,-20.75,-35.625
35771635639000,-23010469000,-25.75,-20.5,-34.375
35771635639000,-23027065000,-25.75,-20.25,-34.125
35771635639000,-23043773000,-25.25,-20.25,-33.875
35771635639000,-23060460000,-26.25,-20.25,-34.625
35771635639000,-23077273000,-26.5,-20.75,-35.375
35771635639000,-23094020000,-26.9375,-21.5,-35.125
35771635639000,-23111075000,-26.9375,-21.75,-34.625
