222717812176000,19684000,0.4464693
222717831605000,19429000,0.058124542
222717851183000,19578000,-0.15980434
222717870729000,19546000,-0.28374672
222717890297000,19568000,0.050693512
222717909823000,19526000,0.020590782
222717929368000,19545000,-0.08608818
222717949162000,19794000,-0.28794098
222717968597000,19435000,-0.5652466
222717988034000,19437000,-0.3236618
222718007564000,19530000,0.016049385
222718027146000,19582000,0.128726
222718046819000,19673000,-0.004676819
222718066264000,19445000,-0.07803249
222718085850000,19586000,-0.47481537
222718105349000,19499000,-0.33354092
222718125009000,19660000,-0.094958305
222718144460000,19451000,0.10661793
222718164109000,19649000,0.19434834
222718183649000,19540000,0.014512062
222718203258000,19609000,0.045376778
222718222701000,19443000,-9.5272064E-4
222718242355000,19654000,-0.010007858
222718261846000,19491000,-0.07787609
222718281497000,19651000,-0.12809753
222718301154000,19657000,-0.16064644
222718320628000,19474000,0.035355568
222718340041000,19413000,0.077082634
222718359690000,19649000,0.041352272
222718379177000,19487000,0.024077415
222718398758000,19581000,-0.14703465
222718418461000,19703000,-0.3377781
222718437945000,19484000,0.08414745
222718457387000,19442000,0.19963264
222718476986000,19599000,0.23867035
222718496646000,19660000,-0.06694698
222718516110000,19464000,-0.08532143
222718535655000,19545000,-0.046420097
222718555196000,19541000,-0.1609478
222718575138000,19942000,-0.08405399
222718594328000,19190000,0.20355129
222718613769000,19441000,0.4529438
222718633417000,19648000,0.33838177
222718652901000,19484000,0.01274395
222718672838000,19937000,0.05020237
222718692540000,19702000,0.029129028
222718711600000,19060000,-0.08876896
222718731087000,19487000,0.0029993057
222718750700000,19613000,0.05565548
222718770230000,19530000,0.20356464
222718789827000,19597000,-0.1468029
222718809538000,19711000,-0.075881004
222718828946000,19408000,0.014349937
222718848418000,19472000,-0.2397871
222718868030000,19612000,-0.03358364
222718887514000,19484000,-0.075484276
222718907129000,19615000,-0.17374897
222718926924000,19795000,-0.17499065
222718946243000,19319000,-0.25153828
222718965724000,19481000,-0.21172714
222718985349000,19625000,0.021158218
222719004821000,19472000,0.044844627
222719024423000,19602000,-0.006737709
222719044136000,19713000,0.03848362
222719063537000,19401000,0.14173222
222719083068000,19531000,0.36002254
222719102862000,19794000,0.079916
222719122269000,19407000,-0.009625435
222719141993000,19724000,-0.13888359
222719161367000,19374000,-0.1547718
222719181069000,19702000,-0.038087845
222719200467000,19398000,7.7724457E-4
222719220182000,19715000,-0.114489555
222719239591000,19409000,-0.21113777
222719259282000,19691000,0.017634392
222719278645000,19363000,-0.021593094
222719298637000,19992000,-0.07955456
222719317804000,19167000,-0.13697052
222719337489000,19685000,-0.27030754
222719356891000,19402000,-0.36453247
222719376596000,19705000,-0.22787476
222719395978000,19382000,-0.24321365
222719415825000,19847000,-0.16126251
222719435130000,19305000,-0.09696579
222719454820000,19690000,0.0071878433
222719474239000,19419000,0.17006493
222719493922000,19683000,0.25723934
222719513489000,19567000,0.49790382
222719533026000,19537000,0.16343021
222719552983000,19957000,0.057432175
222719572127000,19144000,0.026040077
222719591534000,19407000,0.10714054
222719611232000,19698000,0.30054855
222719630644000,19412000,0.20413494
222719650339000,19695000,-0.22036552
222719669746000,19407000,-0.22560883
222719689447000,19701000,-0.098464966
222719708857000,19410000,0.20012951
222719728545000,19688000,0.42176723
222719747965000,19420000,0.1454897
222719768102000,20137000,-0.05403328
222719787038000,18936000,-0.5788765
222719807002000,19964000,-0.72018623
222719826130000,19128000,-0.68804073
222719845795000,19665000,-0.44322872
222719865160000,19365000,-0.21473122
222719884755000,19595000,0.4003973
222719904250000,19495000,0.3679285
222719924271000,20021000,-0.10176468
222719943359000,19088000,-1.1631408
222719962970000,19611000,-2.0887427
222719982463000,19493000,-1.958961
222720002072000,19609000,-0.94488955
222720021569000,19497000,0.45695782
222720041533000,19964000,1.5390968
222720060856000,19323000,2.2427006
222720080284000,19428000,2.4695864
222720099804000,19520000,2.158372
222720119399000,19595000,0.7298403
222720138888000,19489000,-0.5558338
222720158927000,20039000,-1.5482187
222720178030000,19103000,-2.3033905
222720197589000,19559000,-2.4170723
222720217113000,19524000,-2.2868423
222720236743000,19630000,-1.4857864
222720257576000,20833000,-0.5060806
222720275846000,18270000,-0.30265522
222720295288000,19442000,0.21966839
222720314922000,19634000,0.6400423
222720334594000,19672000,0.65051365
222720354015000,19421000,0.82247734
222720373496000,19481000,0.5203581
222720393161000,19665000,0.33425522
222720412621000,19460000,0.68195915
222720432141000,19520000,0.69873524
222720451715000,19574000,0.68883705
222720471253000,19538000,1.397676
222720490832000,19579000,2.0387492
222720510351000,19519000,2.4961224
222720529933000,19582000,2.6344042
222720549464000,19531000,2.3182096
222720569038000,19574000,1.4887772
222720588562000,19524000,0.452178
222720608079000,19517000,-0.42684555
222720627664000,19585000,-1.0118651
222720647274000,19610000,-1.1455083
222720667062000,19788000,-0.97587633
222720686422000,19360000,-1.3585534
222720706033000,19611000,-1.7711544
222720725485000,19452000,-1.6342249
222720746122000,20637000,-1.2110333
222720764477000,18355000,-1.1142101
222720784027000,19550000,-1.2446742
222720803591000,19564000,-1.5832448
222720823138000,19547000,-1.6904612
222720842706000,19568000,-1.6828661
222720862231000,19525000,-1.8498793
222720881806000,19575000,-1.8870935
222720901341000,19535000,-1.7584991
222720920890000,19549000,-1.2363915
222720940458000,19568000,-0.9550576
222720960043000,19585000,-0.68710566
222720979566000,19523000,-0.47369385
222720999101000,19535000,-0.030387878
222721018669000,19568000,0.56323624
222721038207000,19538000,1.0167341
222721057820000,19613000,1.6908374
222721077314000,19494000,2.3523188
222721096822000,19508000,2.6912932
222721116433000,19611000,2.9723835
222721135973000,19540000,3.039256
222721155646000,19673000,2.659153
222721175224000,19578000,2.0987978
222721195046000,19822000,2.2381768
222721214271000,19225000,1.9311614
222721233721000,19450000,1.2174916
222721253245000,19524000,0.4069128
222721272829000,19584000,-0.43853378
222721292393000,19564000,-0.98725414
222721311979000,19586000,-1.6730342
222721331826000,19847000,-1.8568492
222721351405000,19579000,-1.9906411
222721370690000,19285000,-0.76545334
222721390261000,19571000,0.08082104
222721409715000,19454000,0.45496464
222721431910000,22195000,-0.4042158
222721451209000,19299000,-1.47082
222721470760000,19551000,-2.2298827
222721490335000,19575000,-2.3008285
222721509855000,19520000,-1.9920778
222721529440000,19585000,-1.5729704
222721548986000,19546000,-1.5428095
222721568507000,19521000,-1.5008488
222721588083000,19576000,-1.0081792
222721607827000,19744000,-0.7752557
222721627303000,19476000,-0.19216347
222721646936000,19633000,0.27888012
222721666413000,19477000,0.55779934
222721686042000,19629000,0.9477258
222721705485000,19443000,1.674717
222721725145000,19660000,2.5244513
222721744650000,19505000,2.7270417
222721764253000,19603000,2.3936071
222721783696000,19443000,1.9999523
222721803234000,19538000,2.4438195
222721822689000,19455000,2.613443
222721842228000,19539000,2.1064134
222721861805000,19577000,1.0195189
222721881416000,19611000,-0.14692736
222721900927000,19511000,-1.1012845
222721920489000,19562000,-1.8954616
222721939999000,19510000,-2.5221357
222721959570000,19571000,-2.2646236
222721979110000,19540000,-0.9615178
222721998682000,19572000,0.2449007
222722018226000,19544000,0.13334084
222722037780000,19554000,-1.2369504
222722057317000,19537000,-2.334045
222722076843000,19526000,-2.680316
222722096445000,19602000,-2.2767653
222722115954000,19509000,-2.216372
222722135537000,19583000,-2.0978065
222722155090000,19553000,-1.8459978
222722174662000,19572000,-1.4819803
222722194198000,19536000,-0.74018526
222722213760000,19562000,-0.23659134
222722233304000,19544000,0.35050488
222722252855000,19551000,1.3038793
222722272623000,19768000,2.6377716
222722292112000,19489000,3.5031714
222722311609000,19497000,3.797927
222722331153000,19544000,2.5386233
222722350708000,19555000,1.443325
222722370282000,19574000,1.9447222
222722389656000,19374000,2.9119782
222722409242000,19586000,2.9084315
222722428768000,19526000,1.0551429
222722448283000,19515000,-1.1507139
222722467865000,19582000,-2.229443
222722487413000,19548000,-2.058507
222722507030000,19617000,-0.7246394
222722526521000,19491000,4.6730042E-4
222722546362000,19841000,0.18188572
222722565656000,19294000,-0.32802773
222722585468000,19812000,-1.4109507
222722604754000,19286000,-2.1081786
222722624573000,19819000,-2.284102
222722644164000,19591000,-1.9578276
222722663421000,19257000,-1.5513163
222722682960000,19539000,-1.409203
222722702784000,19824000,-1.8578987
222722722065000,19281000,-1.7327204
222722742070000,20005000,-1.0918508
222722761619000,19549000,-0.7824435
222722780962000,19343000,0.24512196
222722800281000,19319000,1.316597
222722820174000,19893000,1.930244
222722839388000,19214000,2.0795226
222722859142000,19754000,2.5442257
222722878484000,19342000,2.8971038
222722898072000,19588000,2.4815245
222722917590000,19518000,2.21274
222722937418000,19828000,3.2364345
222722956692000,19274000,4.5567355
222722976183000,19491000,4.5824785
222722995713000,19530000,2.9110541
222723015270000,19557000,0.9602957
222723034814000,19544000,-0.788465
222723054373000,19559000,-1.8896022
222723073921000,19548000,-2.5457668
222723093500000,19579000,-2.4596357
222723113021000,19521000,-1.8499737
222723132541000,19520000,-1.4343743
222723152137000,19596000,-1.4151425
222723171762000,19625000,-1.8246922
222723191219000,19457000,-2.391902
222723210891000,19672000,-2.7893367
222723230344000,19453000,-2.7305741
222723249946000,19602000,-2.7143111
222723269500000,19554000,-2.7428718
222723289502000,20002000,-2.1471415
222723308814000,19312000,-1.2209496
222723328202000,19388000,-0.5236883
222723347787000,19585000,0.20811558
222723367296000,19509000,1.0060596
222723386849000,19553000,2.1120777
222723406320000,19471000,3.0011706
222723426144000,19824000,3.6464276
222723445784000,19640000,3.6756816
222723465091000,19307000,2.8521476
222723484516000,19425000,2.5298553
222723504144000,19628000,3.4900165
222723523505000,19361000,4.2575207
222723543041000,19536000,3.3954525
222723562586000,19545000,1.8057365
222723582160000,19574000,0.0662508
222723601738000,19578000,-1.1086302
222723621266000,19528000,-1.2700129
222723640815000,19549000,-0.63791084
222723660582000,19767000,-0.19837284
222723680045000,19463000,-0.43909264
222723699734000,19689000,-1.3717084
222723719410000,19676000,-2.9135451
222723738824000,19414000,-3.9874597
222723758264000,19440000,-4.857471
222723777854000,19590000,-4.906404
222723797358000,19504000,-3.7479596
222723816837000,19479000,-2.701507
222723836320000,19483000,-1.9391732
222723856393000,20073000,-1.077548
222723875446000,19053000,-0.12716007
222723895086000,19640000,0.52473927
222723914548000,19462000,1.2320356
222723934594000,20046000,2.1012373
222723953634000,19040000,2.7165442
222723973291000,19657000,2.6283865
222723992719000,19428000,2.650814
222724012367000,19648000,1.971477
222724031731000,19364000,1.3516369
222724051465000,19734000,1.3240037
222724070814000,19349000,2.177342
222724090380000,19566000,2.9554005
222724109928000,19548000,2.9530005
222724129484000,19556000,2.2122226
222724149021000,19537000,0.75638294
222724168744000,19723000,-0.35690498
222724188133000,19389000,-1.235342
222724207882000,19749000,-1.5854712
222724227235000,19353000,-1.2832704
222724246791000,19556000,-1.2979302
222724266354000,19563000,-1.5264573
222724286077000,19723000,-2.2119246
222724305546000,19469000,-2.6414886
222724325346000,19800000,-2.428411
222724344683000,19337000,-2.4721007
222724364344000,19661000,-2.1389418
222724383761000,19417000,-1.9093275
222724403456000,19695000,-1.1331663
222724422839000,19383000,-0.6195202
222724442536000,19697000,-0.5060501
222724461942000,19406000,-0.37805748
222724481657000,19715000,0.4678545
222724501045000,19388000,1.5265541
222724520742000,19697000,2.6006193
222724540096000,19354000,2.8977594
222724559688000,19592000,2.4689317
222724579197000,19509000,1.5954895
222724598807000,19610000,2.0348806
222724618212000,19405000,3.4018564
222724637772000,19560000,3.722076
222724657312000,19540000,1.7888465
222724677187000,19875000,-0.25271368
222724696447000,19260000,-1.6118431
222724715978000,19531000,-2.1499157
222724735544000,19566000,-1.5332127
222724755361000,19817000,-0.5763035
222724774683000,19322000,0.232831
222724794332000,19649000,0.09667301
222724813781000,19449000,-0.501071
222724833438000,19657000,-1.6150403
222724852903000,19465000,-2.382155
222724872542000,19639000,-2.648086
222724892103000,19561000,-2.5846076
222724911646000,19543000,-2.727428
222724931101000,19455000,-2.712564
222724950752000,19651000,-2.0225935
222724970214000,19462000,-1.6168613
222724989859000,19645000,-1.0946269
222725009421000,19562000,2.412796E-4
222725028966000,19545000,0.9162626
222725048978000,20012000,1.0934124
222725068124000,19146000,0.94458485
222725087513000,19389000,1.5747218
222725106974000,19461000,2.6712852
222725126526000,19552000,2.9453192
222725146069000,19543000,2.334268
222725165608000,19539000,2.5769434
222725185188000,19580000,3.3064795
222725204716000,19528000,3.4489164
222725224295000,19579000,2.6972518
222725243840000,19545000,1.6078534
222725263393000,19553000,0.8341932
222725282923000,19530000,0.43789434
222725302447000,19524000,0.21399307
222725322063000,19616000,-1.0184293
222725341590000,19527000,-1.8340802
222725361165000,19575000,-2.4356894
222725380687000,19522000,-2.9873447
222725400268000,19581000,-3.4619699
222725420019000,19751000,-3.7755036
222725439455000,19436000,-3.615851
222725459244000,19789000,-3.1881695
222725478569000,19325000,-2.3765574
222725498233000,19664000,-1.8880115
222725517822000,19589000,-1.4953675
222725537337000,19515000,-1.1843338
222725556749000,19412000,-0.96150494
222725576443000,19694000,-0.3732853
222725595753000,19310000,0.18797016
222725615554000,19801000,1.2138176
222725634849000,19295000,2.5225801
222725654597000,19748000,3.4557695
222725673935000,19338000,4.0434017
222725693760000,19825000,3.5305061
222725713039000,19279000,2.4283314
222725732613000,19574000,2.3020053
222725752151000,19538000,3.2644587
222725771594000,19443000,3.5733695
222725791162000,19568000,2.195878
222725810836000,19674000,0.3417406
222725830282000,19446000,-0.7375984
222725849934000,19652000,-1.093061
222725869446000,19512000,-1.0403471
222725888957000,19511000,-0.8567672
222725908565000,19608000,-0.30306244
222725928407000,19842000,-0.13730717
222725947626000,19219000,-0.79377365
222725967153000,19527000,-1.9237375
222725986792000,19639000,-2.9308968
222726006431000,19639000,-3.4496331
222726025845000,19414000,-3.3257713
222726045311000,19466000,-3.0751648
222726064953000,19642000,-2.849998
222726084420000,19467000,-2.3450065
222726104333000,19913000,-1.5028844
222726123862000,19529000,-0.38612938
222726142964000,19102000,1.1330242
222726162517000,19553000,2.4369192
222726182199000,19682000,2.9044847
222726201600000,19401000,2.9276
222726221124000,19524000,3.2435493
222726240701000,19577000,3.3259468
222726260223000,19522000,2.6308398
222726279791000,19568000,1.4590893
222726299308000,19517000,0.80419445
222726318877000,19569000,1.2027636
222726338391000,19514000,1.5282211
222726357938000,19547000,0.42564344
222726377494000,19556000,-0.738791
222726397062000,19568000,-1.6322093
222726416584000,19522000,-2.4377728
222726436237000,19653000,-2.5721817
222726455726000,19489000,-1.8538427
222726475226000,19500000,-0.73448277
222726494782000,19556000,-0.5296879
222726514322000,19540000,-1.4851365
222726533901000,19579000,-3.0634346
222726553409000,19508000,-3.9434023
222726572980000,19571000,-3.857132
222726592488000,19508000,-3.4371
222726612077000,19589000,-3.143002
222726631601000,19524000,-2.9185061
222726651181000,19580000,-2.1905627
222726670801000,19620000,-0.5405865
222726690626000,19825000,0.6869688
222726709891000,19265000,1.6563354
222726729484000,19593000,3.0697074
222726748997000,19513000,4.03674
222726768710000,19713000,4.969026
222726788050000,19340000,4.5347686
222726807675000,19625000,3.8160534
222726827121000,19446000,4.3764386
222726846714000,19593000,5.2910438
222726866128000,19414000,4.6811934
222726885713000,19585000,2.909605
222726905246000,19533000,0.55357456
222726924946000,19700000,-1.0798268
222726944344000,19398000,-1.6922183
222726964078000,19734000,-1.2733088
222726983567000,19489000,-0.57435465
222727003328000,19761000,-0.15759373
222727022672000,19344000,-0.4132986
222727042446000,19774000,-1.2759938
222727061891000,19445000,-2.2228098
222727081707000,19816000,-2.8281016
222727100879000,19172000,-3.1481323
222727120515000,19636000,-3.3334637
222727139998000,19483000,-3.4607105
222727159627000,19629000,-3.625502
222727179193000,19566000,-3.082489
222727198730000,19537000,-2.0256948
222727218335000,19605000,-0.5351095
222727237651000,19316000,0.67396736
222727257212000,19561000,1.4039192
222727276779000,19567000,1.4925308
222727296332000,19553000,1.5619526
222727315883000,19551000,2.215376
222727335428000,19545000,2.1990418
222727354988000,19560000,1.907856
222727374533000,19545000,1.949297
222727394132000,19599000,3.1051517
222727413634000,19502000,4.052468
222727433307000,19673000,3.928268
222727452753000,19446000,2.4846807
222727472295000,19542000,0.9675884
222727491831000,19536000,-0.21754122
222727511375000,19544000,-0.58632326
222727530955000,19580000,-0.9164586
222727550810000,19855000,-0.77823687
222727570142000,19332000,-1.1376386
222727589781000,19639000,-1.9865937
222727609256000,19475000,-2.934124
222727628887000,19631000,-3.7435732
222727648361000,19474000,-4.006896
222727668668000,20307000,-3.927827
222727687484000,18816000,-2.893837
222727707096000,19612000,-1.9150534
222727726575000,19479000,-0.9734268
222727746390000,19815000,-0.24316597
222727765674000,19284000,-0.19237518
222727785355000,19681000,-0.21406174
222727804825000,19470000,0.46746922
222727824413000,19588000,1.4032154
222727843906000,19493000,2.4310808
222727863783000,19877000,3.2557697
222727882993000,19210000,3.026218
222727902797000,19804000,1.6009316
222727922108000,19311000,0.6417341
222727941717000,19609000,1.6967111
222727961080000,19363000,3.4067087
222727980653000,19573000,3.6273894
222728000202000,19549000,1.6906648
222728019755000,19553000,-0.38958645
222728039318000,19563000,-1.9387312
222728058845000,19527000,-2.2030602
222728078739000,19894000,-0.92584467
222728097958000,19219000,-0.1646986
222728117529000,19571000,0.06892681
222728137097000,19568000,-0.6017189
222728156619000,19522000,-1.6170568
222728176309000,19690000,-2.5338154
222728195841000,19532000,-3.005597
222728215469000,19628000,-3.126433
222728234925000,19456000,-2.9336843
222728254453000,19528000,-2.27309
222728273918000,19465000,-1.7387247
222728294074000,20156000,-1.2148957
222728312996000,18922000,-0.55571747
222728332542000,19546000,0.17945671
222728352111000,19569000,1.2914934
222728371648000,19537000,1.873333
222728391191000,19543000,1.7259502
222728411004000,19813000,2.2975287
222728430241000,19237000,3.140027
222728449855000,19614000,2.772161
222728469375000,19520000,1.9741354
222728488942000,19567000,1.8723774
222728508435000,19493000,2.3698692
222728528044000,19609000,2.5473318
222728547523000,19479000,2.1198554
222728567198000,19675000,1.6834307
222728586630000,19432000,0.76405
222728606290000,19660000,-0.19373226
222728625749000,19459000,-0.9534311
222728645393000,19644000,-1.2980013
222728664919000,19526000,-1.2388
222728684821000,19902000,-1.1327405
222728704019000,19198000,-1.6239595
222728723843000,19824000,-3.0326042
222728743556000,19713000,-3.745368
222728763029000,19473000,-3.548203
222728782399000,19370000,-3.3193498
222728802132000,19733000,-2.8066492
222728821364000,19232000,-2.681755
222728841223000,19859000,-2.0621672
222728860440000,19217000,-1.2408957
222728880343000,19903000,-0.5450535
222728899745000,19402000,-0.0595932
222728919429000,19684000,0.78397655
222728938656000,19227000,1.8422565
222728958534000,19878000,2.7253313
222728977769000,19235000,3.193674
222728997565000,19796000,2.8752832
222729016905000,19340000,3.5632787
222729036670000,19765000,5.193287
222729055878000,19208000,5.425193
222729075507000,19629000,3.6600251
222729095021000,19514000,1.0838718
222729114665000,19644000,-1.0770969
222729134098000,19433000,-2.2229233
222729153763000,19665000,-1.1965103
222729173204000,19441000,0.214499
222729193175000,19971000,1.0053873
222729212414000,19239000,0.67137814
222729231988000,19574000,-0.12927818
222729251529000,19541000,-1.3145814
222729271024000,19495000,-2.2678504
222729290632000,19608000,-2.9093704
222729310394000,19762000,-3.4085202
222729329710000,19316000,-3.5911431
222729349542000,19832000,-3.702724
222729370770000,21228000,-3.5457263
222729388207000,17437000,-2.9030704
222729407807000,19600000,-1.3833051
222729427336000,19529000,0.39759922
222729446915000,19579000,1.6685705
222729466569000,19654000,2.077323
222729485995000,19426000,2.3985806
222729505627000,19632000,3.0052214
222729525106000,19479000,3.1201715
222729544933000,19827000,2.3889246
222729564179000,19246000,2.2215009
222729583715000,19536000,3.2631927
222729603280000,19565000,3.672202
222729622808000,19528000,3.0454183
222729642450000,19642000,1.3638768
222729661922000,19472000,-0.31553698
222729681600000,19678000,-1.0883517
222729701107000,19507000,-0.8119073
222729720764000,19657000,-0.43493176
222729740236000,19472000,-0.2151308
222729759860000,19624000,-0.7759228
222729779325000,19465000,-1.8988867
222729798971000,19646000,-3.1373506
222729818423000,19452000,-4.0071898
222729838060000,19637000,-4.3691688
222729857519000,19459000,-4.2957873
222729877290000,19771000,-3.361051
222729896656000,19366000,-2.024064
222729916290000,19634000,-0.7626667
222729935743000,19453000,-0.11714649
222729955343000,19600000,0.34780025
222729974810000,19467000,0.47019005
222729994557000,19747000,1.4291077
222730013941000,19384000,2.8495722
222730033554000,19613000,3.8411026
222730053060000,19506000,3.7041888
222730072714000,19654000,2.850935
222730092096000,19382000,3.6491466
222730111556000,19460000,5.4610963
222730131097000,19541000,5.1800146
222730150628000,19531000,3.4550686
222730170232000,19604000,1.5306363
222730189752000,19520000,0.34829426
222730209332000,19580000,-0.4120021
222730228888000,19556000,-0.74111223
222730248578000,19690000,-0.858397
222730268065000,19487000,-1.6896849
222730287674000,19609000,-2.687477
222730307172000,19498000,-3.7449975
222730327248000,20076000,-4.5458035
222730346271000,19023000,-4.392434
222730367050000,20779000,-3.675641
222730387741000,20691000,-3.2328815
222730407338000,19597000,-2.7218008
222730426760000,19422000,-1.8755956
222730446325000,19565000,-0.9268198
222730465896000,19571000,0.07984066
222730485409000,19513000,0.33090115
222730504947000,19538000,0.4291134
222730524525000,19578000,1.0914974
222730544044000,19519000,1.7133999
222730563622000,19578000,2.2850351
222730583201000,19579000,2.5294151
222730602712000,19511000,1.8837276
222730622261000,19549000,1.8555589
222730641836000,19575000,2.3457851
222730661326000,19490000,2.7789092
222730680882000,19556000,2.2167592
222730700464000,19582000,1.4656954
222730720071000,19607000,1.1036363
222730739552000,19481000,0.8868265
222730759188000,19636000,0.53323126
222730778840000,19652000,0.4133644
222730798292000,19452000,0.15148354
222730818171000,19879000,-0.8214345
222730837383000,19212000,-1.9999452
222730857036000,19653000,-3.167935
222730876474000,19438000,-3.6870966
222730896122000,19648000,-3.5894485
222730915687000,19565000,-3.1374521
222730935073000,19386000,-3.0356283
222730954686000,19613000,-2.6292748
222730974345000,19659000,-2.243187
222730993770000,19425000,-1.8031569
222731013451000,19681000,-0.94751835
222731033030000,19579000,0.049837112
222731052561000,19531000,0.9137764
222731072534000,19973000,2.1354856
222731091608000,19074000,2.8412066
222731111076000,19468000,2.754292
222731130617000,19541000,1.8079576
222731150264000,19647000,1.5837379
222731169644000,19380000,2.842156
222731189143000,19499000,4.6598825
222731208742000,19599000,4.410306
222731228268000,19526000,1.9390769
222731247848000,19580000,-0.22566032
222731267557000,19709000,-1.3345823
222731286946000,19389000,-1.4949532
222731306546000,19600000,-0.14334154
222731326134000,19588000,0.77674866
222731345678000,19544000,0.48947144
222731366628000,20950000,-0.1567173
222731385965000,19337000,-1.0198712
222731404345000,18380000,-2.0769725
222731423956000,19611000,-3.190475
222731443452000,19496000,-4.12743
222731462948000,19496000,-4.4056125
222731482430000,19482000,-3.8492212
222731501973000,19543000,-3.1255093
222731521600000,19627000,-1.8878279
222731541415000,19815000,-0.8064003
222731560611000,19196000,0.07465744
222731580147000,19536000,1.1536303
222731599719000,19572000,1.5991459
222731619219000,19500000,1.6697083
222731638819000,19600000,2.0834255
222731658529000,19710000,3.1179552
222731677880000,19351000,3.3278408
222731697435000,19555000,3.0885348
222731716959000,19524000,3.2942953
222731736531000,19572000,3.8259234
222731756084000,19553000,4.087456
222731775764000,19680000,3.46485
222731795178000,19414000,2.6306868
222731814879000,19701000,1.1648555
222731834506000,19627000,-0.37179184
222731853958000,19452000,-1.6264281
222731873715000,19757000,-2.495119
222731893234000,19519000,-2.5059814
222731912717000,19483000,-2.2602
222731932190000,19473000,-2.2448535
222731951824000,19634000,-2.8337502
222731971242000,19418000,-3.5987363
222731991033000,19791000,-3.863625
222732010634000,19601000,-3.836594
222732030179000,19545000,-3.2291698
222732049480000,19301000,-2.7132392
222732069142000,19662000,-1.8488679
222732088461000,19319000,-0.9871483
222732108117000,19656000,-0.55413437
222732127989000,19872000,-0.13585758
222732147354000,19365000,0.56273746
222732166655000,19301000,1.6856365
222732186568000,19913000,2.516306
222732205747000,19179000,2.9677582
222732225757000,20010000,2.5912766
222732244844000,19087000,1.8014493
222732264434000,19590000,2.5459065
222732283866000,19432000,3.9984531
222732303494000,19628000,3.935422
222732322981000,19487000,2.1850505
222732342637000,19656000,0.43361807
222732362155000,19518000,-0.7398672
222732382041000,19886000,-1.1197906
222732401273000,19232000,-0.25410652
222732421113000,19840000,0.8304105
222732440372000,19259000,1.1676092
222732460362000,19990000,0.30376244
222732479439000,19077000,-1.5057964
222732498982000,19543000,-2.744316
222732518556000,19574000,-3.4463048
222732538333000,19777000,-3.7415457
222732557701000,19368000,-3.703023
222732577130000,19429000,-3.4417853
222732596676000,19546000,-2.7058125
222732616445000,19769000,-2.182816
222732635713000,19268000,-1.6842566
222732655251000,19538000,-0.44573784
222732674812000,19561000,0.93393517
222732694350000,19538000,1.7579975
222732713895000,19545000,1.6728916
222732733693000,19798000,1.8377247
222732753003000,19310000,2.7590709
222732772554000,19551000,2.6854444
222732792110000,19556000,2.2797165
222732811661000,19551000,2.8768835
222732831275000,19614000,4.051573
222732850826000,19551000,4.231173
222732870312000,19486000,3.4915104
222732889861000,19549000,1.8708272
222732909432000,19571000,0.48198986
222732928984000,19552000,-0.5363145
222732948663000,19679000,-0.9285183
222732968169000,19506000,-0.8571181
222732988090000,19921000,-0.73466635
222733007306000,19216000,-1.3923292
222733026904000,19598000,-2.1326127
222733046417000,19513000,-3.6374717
222733066057000,19640000,-4.1956005
222733085519000,19462000,-4.452678
222733105520000,20001000,-4.229951
222733124566000,19046000,-3.527001
222733144276000,19710000,-2.81805
222733163717000,19441000,-1.6645904
222733183207000,19490000,-1.0081158
222733202863000,19656000,-0.7387171
222733222313000,19450000,-0.23326492
222733241789000,19476000,1.265522
222733261429000,19640000,2.8864202
222733280900000,19471000,3.9096704
222733300535000,19635000,3.9031777
222733319953000,19418000,3.1243057
222733339600000,19647000,2.482997
222733358962000,19362000,2.701085
222733378528000,19566000,3.4295678
222733398072000,19544000,3.077972
222733417671000,19599000,1.3985
222733437179000,19508000,0.061625957
222733456729000,19550000,-0.8310194
222733476340000,19611000,-1.0413222
222733495896000,19556000,-0.46305084
222733515457000,19561000,0.3971815
222733535150000,19693000,0.47606564
222733554567000,19417000,-0.23763561
222733574263000,19696000,-1.2598863
222733593663000,19400000,-2.2612739
222733613536000,19873000,-2.7596302
222733632672000,19136000,-3.4619603
222733652129000,19457000,-3.7332602
222733671676000,19547000,-3.7244825
222733691228000,19552000,-3.3191838
222733710756000,19528000,-2.459434
222733730288000,19532000,-1.4142537
222733749861000,19573000,-0.2628832
222733769410000,19549000,0.7789297
222733788945000,19535000,1.4742908
222733808489000,19544000,1.5081797
222733828130000,19641000,1.7907677
222733847794000,19664000,2.810648
222733867094000,19300000,3.5247774
222733886739000,19645000,2.7954755
222733906195000,19456000,2.283204
222733925848000,19653000,3.3048859
222733945290000,19442000,3.7522092
222733964871000,19581000,2.9922156
222733984382000,19511000,1.6775885
222734004383000,20001000,0.5178342
222734023595000,19212000,-0.6314583
222734043418000,19823000,-1.2869954
222734062671000,19253000,-1.2460146
222734082334000,19663000,-0.9406438
222734102088000,19754000,-0.72518635
222734121242000,19154000,-1.3377404
222734141037000,19795000,-2.3314538
222734160342000,19305000,-3.4526105
222734180278000,19936000,-4.1599627
222734199444000,19166000,-4.279403
222734219044000,19600000,-3.9217806
222734238538000,19494000,-3.545384
222734258168000,19630000,-2.536388
222734277636000,19468000,-1.6058302
222734297173000,19537000,-0.96775055
222734316734000,19561000,-0.8002653
222734336409000,19675000,0.11541557
222734355846000,19437000,1.865551
222734375403000,19557000,3.3878765
222734394835000,19432000,4.327332
222734414616000,19781000,4.482094
222734433912000,19296000,3.5544906
222734454018000,20106000,3.5070238
222734472973000,18955000,4.4895306
222734492774000,19801000,5.0391784
222734511968000,19194000,3.5676198
222734531537000,19569000,1.5865507
222734551058000,19521000,-0.057384014
222734571116000,20058000,-1.1303158
222734590151000,19035000,-1.2523227
222734609747000,19596000,-0.47200394
222734629247000,19500000,0.055244446
222734649063000,19816000,-0.004629135
222734668464000,19401000,-0.5075731
222734688032000,19568000,-1.2171845
222734707574000,19542000,-1.9947357
222734727008000,19434000,-2.7031455
222734746508000,19500000,-3.3018608
222734766048000,19540000,-3.5594525
222734785601000,19553000,-3.8196874
222734805144000,19543000,-3.8140693
222734824678000,19534000,-3.4088945
222734844401000,19723000,-2.4897647
222734863776000,19375000,-1.1183605
222734883326000,19550000,-0.14083862
222734904338000,21012000,0.28914642
222734922395000,18057000,0.20907688
222734942005000,19610000,1.0338316
222734961547000,19542000,2.409803
222734981107000,19560000,2.2217422
222735000641000,19534000,1.4578357
222735020222000,19581000,2.1609435
222735039750000,19528000,3.6559272
222735059247000,19497000,3.353867
222735078860000,19613000,2.5740042
222735098490000,19630000,0.8943181
222735117967000,19477000,-0.09334183
222735137453000,19486000,-0.38499737
222735157067000,19614000,0.025302887
222735176746000,19679000,0.41752815
222735196398000,19652000,0.4744296
222735215699000,19301000,0.24241495
222735235618000,19919000,0.013907433
222735254791000,19173000,-1.0863976
222735274595000,19804000,-2.3653278
222735294363000,19768000,-3.1869607
222735313717000,19354000,-3.4711132
222735333001000,19284000,-3.0991864
222735352911000,19910000,-2.6985903
222735372109000,19198000,-2.019918
222735391808000,19699000,-1.3673759
222735411210000,19402000,-0.68598557
222735431080000,19870000,0.2714634
222735450317000,19237000,1.0375862
222735470167000,19850000,2.047948
222735489423000,19256000,2.9096074
222735509378000,19955000,3.23171
222735528487000,19109000,3.0043144
222735547985000,19498000,2.3532653
222735567454000,19469000,2.7084146
222735586999000,19545000,3.43294
222735606574000,19575000,2.9919324
222735626115000,19541000,1.155026
222735645736000,19621000,-0.4102273
222735665218000,19482000,-1.6415849
222735684767000,19549000,-2.5131364
222735704414000,19647000,-2.172923
222735724051000,19637000,-0.3802719
222735743490000,19439000,0.9214773
222735763156000,19666000,1.1651487
222735782462000,19306000,-0.16210079
222735802016000,19554000,-1.6027803
222735821564000,19548000,-2.5436525
222735841105000,19541000,-2.9079132
222735860659000,19554000,-3.0205364
222735880187000,19528000,-2.8614883
222735899729000,19542000,-2.468205
222735919285000,19556000,-1.8787203
222735938912000,19627000,-1.4192352
222735958378000,19466000,-0.8050318
222735977985000,19607000,0.38232327
222735997476000,19491000,1.2374611
222736017034000,19558000,1.5629768
222736036572000,19538000,1.9455676
222736056203000,19631000,2.703548
222736075691000,19488000,3.1209264
222736095305000,19614000,2.290835
222736114919000,19614000,2.9467254
222736135057000,20138000,4.3172364
222736153857000,18800000,4.622204
222736173434000,19577000,3.3400126
222736192982000,19548000,1.2748008
222736212510000,19528000,-0.5374274
222736232086000,19576000,-1.804976
222736251986000,19900000,-2.3871102
222736271376000,19390000,-2.4819984
222736290806000,19430000,-1.7720428
222736310474000,19668000,-0.8978033
222736329918000,19444000,-0.78845596
222736349541000,19623000,-1.3991342
222736369010000,19469000,-2.4772868
222736388678000,19668000,-3.235403
222736408119000,19441000,-3.3286643
222736427792000,19673000,-2.7755032
222736447214000,19422000,-2.2096329
222736466912000,19698000,-1.823369
222736486312000,19400000,-1.2188363
222736506248000,19936000,-0.59000015
222736525400000,19152000,0.32270432
222736545251000,19851000,0.7298384
222736564481000,19230000,1.0437679
222736584049000,19568000,1.9857726
222736603959000,19910000,2.916678
222736623141000,19182000,3.4077296
222736642679000,19538000,2.8969502
222736662278000,19599000,3.0067816
222736681766000,19488000,4.518689
222736701224000,19458000,5.112498
222736720910000,19686000,3.1959796
222736740324000,19414000,0.6854739
222736759911000,19587000,-1.0003448
222736779432000,19521000,-1.6831312
222736799001000,19569000,-1.3350682
222736818692000,19691000,-0.25205994
222736838442000,19750000,0.10224056
222736857629000,19187000,-0.18497849
222736877131000,19502000,-1.3175931
222736896742000,19611000,-2.1984954
222736916238000,19496000,-2.8237457
222736935794000,19556000,-3.496531
222736955404000,19610000,-3.9459333
222736974906000,19502000,-3.4997363
222736994434000,19528000,-2.7694306
222737013961000,19527000,-2.2146616
222737034678000,20717000,-1.7365727
222737053056000,18378000,-0.44881344
222737072741000,19685000,1.0173893
222737092194000,19453000,1.4088383
222737111756000,19562000,0.88963795
222737131309000,19553000,0.52307034
222737150818000,19509000,1.6028576
222737170410000,19592000,2.3786983
222737190097000,19687000,1.5420065
222737209746000,19649000,1.5588927
222737229703000,19957000,2.3874478
222737248849000,19146000,2.9938436
222737268149000,19300000,2.1132722
222737287955000,19806000,0.7218833
222737307252000,19297000,-0.58239126
222737327061000,19809000,-0.7627044
222737346786000,19725000,-0.17617941
222737366166000,19380000,0.26606894
222737385445000,19279000,0.09228325
222737405272000,19827000,-0.82630014
222737424545000,19273000,-2.1391277
222737444360000,19815000,-3.0372806
222737463670000,19310000,-3.4779348
222737483558000,19888000,-3.5516348
222737502758000,19200000,-3.5041838
222737522632000,19874000,-2.8515897
222737541863000,19231000,-1.7470217
222737561807000,19944000,-0.99227
222737580969000,19162000,-0.037319183
222737600495000,19526000,0.06141281
222737620095000,19600000,0.21703339
222737639557000,19462000,1.0535507
222737659200000,19643000,1.8738785
222737678662000,19462000,2.6121264
222737698254000,19592000,3.0115628
222737717851000,19597000,2.8157582
222737737355000,19504000,2.0759172
222737756820000,19465000,2.3197927
222737776496000,19676000,3.8889976
222737795835000,19339000,4.1404977
222737815381000,19546000,2.709662
222737834965000,19584000,0.70846415
222737854485000,19520000,-0.9020653
222737874031000,19546000,-1.6567068
222737893561000,19530000,-1.3173404
222737913144000,19583000,-0.37235117
222737932626000,19482000,0.21138382
222737952263000,19637000,0.2694826
222737971717000,19454000,-0.9006219
222737991280000,19563000,-2.4521809
222738010798000,19518000,-3.6544905
222738030394000,19596000,-4.1025043
222738049888000,19494000,-3.7743912
222738069686000,19798000,-2.9348145
222738088995000,19309000,-2.3689647
222738108544000,19549000,-2.0567012
222738128078000,19534000,-1.3871474
222738147627000,19549000,-0.21089554
222738167220000,19593000,1.3515854
222738186965000,19745000,2.124835
222738206506000,19541000,1.6585159
222738225881000,19375000,1.8198023
222738245458000,19577000,3.2893624
222738264980000,19522000,4.181858
222738285159000,20179000,3.6655455
222738303983000,18824000,3.4607215
222738323519000,19536000,4.288815
222738343095000,19576000,4.5383453
222738362687000,19592000,3.9786997
222738382190000,19503000,2.2664914
222738402014000,19824000,0.36071682
222738421414000,19400000,-0.71542263
222738440955000,19541000,-0.8012595
222738460523000,19568000,-0.44197464
222738480079000,19556000,-0.33509636
222738499564000,19485000,-0.9297457
222738519187000,19623000,-2.274612
222738538637000,19450000,-3.6533284
222738558307000,19670000,-4.3696575
222738577761000,19454000,-4.5903463
222738597395000,19634000,-4.3098288
222738616858000,19463000,-3.793079
222738636503000,19645000,-3.2864437
222738656482000,19979000,-2.2142954
222738675607000,19125000,-1.5612645
222738695021000,19414000,-0.6605129
222738714713000,19692000,-0.38018894
222738734156000,19443000,0.39911747
222738753820000,19664000,1.4766235
222738773258000,19438000,2.7452269
222738792926000,19668000,2.9882278
222738812457000,19531000,1.5440845
222738831835000,19378000,0.89431334
222738851820000,19985000,2.3728337
222738871017000,19197000,4.215884
222738890382000,19365000,3.7208066
222738909978000,19596000,2.1504889
222738929458000,19480000,0.48316145
222738949033000,19575000,-0.18674326
222738968556000,19523000,0.05094242
222738988143000,19587000,0.763113
222739007638000,19495000,0.40711832
222739027206000,19568000,-0.39621162
222739046786000,19580000,-1.7160125
222739066265000,19479000,-2.740704
222739085830000,19565000,-3.5784855
222739105372000,19542000,-4.3183513
222739124930000,19558000,-4.0535436
222739144482000,19552000,-3.429542
222739164052000,19570000,-2.3654857
222739183684000,19632000,-1.338181
222739203185000,19501000,-0.52171135
222739222660000,19475000,0.29044914
222739242417000,19757000,1.1501884
222739262224000,19807000,1.3781567
222739281559000,19335000,0.9436197
222739301290000,19731000,1.0635095
222739320562000,19272000,1.9197536
222739340364000,19802000,2.2792912
222739359525000,19161000,1.4660039
222739379050000,19525000,1.3714194
222739398635000,19585000,2.7016916
222739418159000,19524000,3.6749034
222739437795000,19636000,3.486373
222739457272000,19477000,2.0988731
222739476890000,19618000,0.3559947
222739496373000,19483000,-0.57034874
222739516284000,19911000,-0.42745924
222739535460000,19176000,0.047209263
222739555241000,19781000,0.09331894
222739574678000,19437000,-0.18520069
222739594279000,19601000,-0.7823243
222739613741000,19462000,-1.9991355
222739633399000,19658000,-3.103271
222739652885000,19486000,-3.7457304
222739672487000,19602000,-4.13279
222739691979000,19492000,-3.9541073
222739711580000,19601000,-2.937809
222739731056000,19476000,-1.6760931
222739750746000,19690000,-0.87701607
222739770101000,19355000,-0.5640125
222739789684000,19583000,-0.56884956
222739809293000,19609000,0.36571407
222739828804000,19511000,1.6376162
222739848394000,19590000,2.7979827
222739867887000,19493000,3.4736004
222739887795000,19908000,3.099958
222739907006000,19211000,2.2620692
222739926445000,19439000,3.0021482
222739946113000,19668000,4.127232
222739965496000,19383000,3.2219458
222739985070000,19574000,1.2804699
222740004800000,19730000,-0.7580228
222740024108000,19308000,-1.9679084
222740043646000,19538000,-2.2278123
222740063226000,19580000,-0.9913454
222740082742000,19516000,0.37374115
222740102319000,19577000,1.1877642
222740121917000,19598000,1.649601
222740141428000,19511000,1.0930548
222740160924000,19496000,-0.3080883
222740180528000,19604000,-1.8643827
222740200018000,19490000,-3.1356597
222740219624000,19606000,-4.4850893
222740239126000,19502000,-4.914736
222740258729000,19603000,-3.6358156
222740278343000,19614000,-2.2536426
222740298040000,19697000,-0.91884804
222740317446000,19406000,-0.09222984
222740336991000,19545000,0.31965923
222740356528000,19537000,0.84761906
222740376091000,19563000,1.1396971
222740395586000,19495000,1.5322905
222740415366000,19780000,2.0366282
222740434676000,19310000,2.4909663
222740454468000,19792000,2.5243158
222740473783000,19315000,3.1844015
222740493658000,19875000,3.9866543
222740512895000,19237000,4.2777715
222740532528000,19633000,3.8623781
222740551976000,19448000,2.1078143
222740571741000,19765000,0.18168354
222740590972000,19231000,-1.6037316
222740610508000,19536000,-2.0559473
222740630080000,19572000,-1.4720855
222740649585000,19505000,-0.43472672
222740669194000,19609000,-0.14017105
222740688731000,19537000,-0.46456337
222740708356000,19625000,-1.6313009
222740728464000,20108000,-2.4479957
222740747483000,19019000,-3.0467758
222740767163000,19680000,-3.3666291
222740786615000,19452000,-3.3296762
222740806270000,19655000,-2.838418
222740825670000,19400000,-1.9511023
222740845377000,19707000,-1.1276159
222740864689000,19312000,-0.69831085
222740884482000,19793000,-0.74277496
222740903786000,19304000,-0.1006794
222740923888000,20102000,0.859643
222740943322000,19434000,1.7073517
222740962694000,19372000,2.6073923
222740982513000,19819000,3.0163498
222741001558000,19045000,2.5054135
222741020985000,19427000,2.3131132
222741040619000,19634000,3.200397
222741060113000,19494000,3.4406614
222741079666000,19553000,2.112824
222741099190000,19524000,0.5770879
222741118780000,19590000,-0.4748521
222741138298000,19518000,-0.84612465
222741157882000,19584000,-0.3381567
222741177413000,19531000,0.77042246
222741196976000,19563000,1.2619057
222741216523000,19547000,1.3154392
222741236144000,19621000,0.41854286
222741255617000,19473000,-0.8318224
222741275290000,19673000,-2.088718
222741294729000,19439000,-2.966732
222741314706000,19977000,-3.6541758
222741334378000,19672000,-3.975235
222741353798000,19420000,-4.194535
222741373027000,19229000,-4.040715
222741392870000,19843000,-3.6430383
222741412136000,19266000,-2.255138
222741431929000,19793000,-0.83278847
222741451233000,19304000,0.44645786
222741470737000,19504000,0.83105373
222741490353000,19616000,0.7731352
222741509824000,19471000,1.2779727
222741529460000,19636000,2.1831317
222741549251000,19791000,2.9047503
222741568521000,19270000,3.6637502
222741588747000,20226000,4.5666385
222741607678000,18931000,4.8615723
222741627133000,19455000,4.3692927
222741646777000,19644000,2.2233152
222741666218000,19441000,-0.17845011
222741685714000,19496000,-1.5888658
222741707709000,21995000,-1.8215823
222741727259000,19550000,-0.58282566
222741746808000,19549000,0.1664195
222741766391000,19583000,0.14984512
222741786045000,19654000,-0.010653496
222741805480000,19435000,-1.1510091
222741825093000,19613000,-2.2897258
222741844673000,19580000,-2.982759
222741864552000,19879000,-3.4373784
222741883771000,19219000,-3.403215
222741903289000,19518000,-2.7625027
222741922871000,19582000,-2.280149
222741942403000,19532000,-1.9567814
222741961986000,19583000,-1.6793966
222741981883000,19897000,-1.1057973
222742001091000,19208000,-0.72251177
222742020575000,19484000,-0.2851324
222742040179000,19604000,0.41093636
222742059651000,19472000,1.3968034
222742079259000,19608000,1.9187679
222742098730000,19471000,2.0654168
222742118389000,19659000,2.0600467
222742137720000,19331000,4.0038958
222742157339000,19619000,5.593178
222742176816000,19477000,5.731744
222742196365000,19549000,4.4914885
222742215913000,19548000,2.1178837
222742235462000,19549000,0.5826292
222742255018000,19556000,-0.26506615
222742274557000,19539000,-0.7061672
222742294109000,19552000,-0.38679457
222742313655000,19546000,0.512218
222742333228000,19573000,1.0053167
222742352746000,19518000,0.64194393
222742372341000,19595000,-0.2455368
222742391861000,19520000,-1.1732221
222742411433000,19572000,-2.2139869
222742430953000,19520000,-2.8092308
222742450549000,19596000,-3.0708637
222742470186000,19637000,-3.1684942
222742489671000,19485000,-3.1003075
222742509411000,19740000,-3.0174732
222742528732000,19321000,-2.9020748
222742548411000,19679000,-2.4281068
222742567873000,19462000,-1.579659
222742587527000,19654000,-0.37879944
222742606968000,19441000,0.44049358
222742626636000,19668000,0.33603382
222742646034000,19398000,0.37182236
222742665919000,19885000,0.7517786
222742685151000,19232000,1.3524408
222742704824000,19673000,1.8996987
222742724241000,19417000,1.8516974
222742743924000,19683000,1.0506225
222742763293000,19369000,0.6049075
222742782808000,19515000,1.5092072
222742802304000,19496000,3.7641249
222742821903000,19599000,4.7464857
222742841404000,19501000,5.165832
222742861020000,19616000,4.599993
222742880508000,19488000,2.4548655
222742900211000,19703000,0.7215853
222742919742000,19531000,-0.5010619
222742939297000,19555000,-0.9783392
222742958847000,19550000,-0.95171404
222742978539000,19692000,-0.2977028
222742997899000,19360000,-0.42389107
222743017510000,19611000,-1.2270694
222743037052000,19542000,-1.7621808
222743056616000,19564000,-1.9092212
222743076048000,19432000,-1.741138
222743095720000,19672000,-1.4849148
222743115489000,19769000,-2.0395713
222743134826000,19337000,-2.2957277
222743154366000,19540000,-2.0626159
222743173814000,19448000,-1.553402
222743193240000,19426000,-1.0008869
222743212827000,19587000,-0.7530842
222743232252000,19425000,-0.9682827
222743251816000,19564000,-1.191328
222743271450000,19634000,-1.1971059
222743290909000,19459000,-0.6263838
222743310434000,19525000,-0.26797104
222743330000000,19566000,-0.14414024
222743349518000,19518000,-0.12364578
222743369175000,19657000,-0.11297798
222743388765000,19590000,9.675026E-4
222743408246000,19481000,0.19789457
222743427675000,19429000,0.34318018
222743447208000,19533000,0.49410772
222743466752000,19544000,0.99560404
222743486307000,19555000,1.4074059
222743506497000,20190000,1.5950351
222743525502000,19005000,1.0043335
222743545271000,19769000,0.51543474
222743564566000,19295000,0.26361465
222743584221000,19655000,-0.19092941
222743603841000,19620000,-0.2139306
222743623063000,19222000,0.121179104
222743642645000,19582000,0.3380127
222743662165000,19520000,0.19033623
222743681784000,19619000,0.082523346
222743701248000,19464000,0.054620743
222743720906000,19658000,0.2801714
222743740520000,19614000,0.33854103
222743760083000,19563000,0.5938673
222743779643000,19560000,0.6819124
222743799042000,19399000,0.8316927
222743818910000,19868000,0.5248976
222743838125000,19215000,0.25818157
222743857994000,19869000,0.22180462
222743877253000,19259000,0.43419743
222743897359000,20106000,1.047781
222743916319000,18960000,1.7176628
222743935898000,19579000,1.7532043
222743955383000,19485000,1.114893
222743975074000,19691000,0.6439543
222743994463000,19389000,0.55040646
222744014111000,19648000,0.56559086
222744033455000,19344000,0.46050453
222744052961000,19506000,0.42748356
222744072550000,19589000,0.21879864
222744092061000,19511000,-0.2405138
222744111651000,19590000,-0.14431667
222744131221000,19570000,-0.2185545
222744150703000,19482000,-0.25067997
222744170304000,19601000,-0.2774191
222744189809000,19505000,-0.7380018
222744209410000,19601000,-0.82692814
222744228959000,19549000,-0.7349167
222744248551000,19592000,-0.72945595
222744268044000,19493000,-0.42722225
222744287616000,19572000,-0.57523346
222744307068000,19452000,-0.6378441
222744326810000,19742000,-0.51987934
222744346160000,19350000,-0.43354893
222744365715000,19555000,-0.36072445
222744385258000,19543000,-0.5517864
222744404828000,19570000,-0.52923775
222744424355000,19527000,-0.33265972
222744444002000,19647000,-0.38443756
222744463456000,19454000,-0.30255127
222744483023000,19567000,0.02716732
222744502550000,19527000,-0.29625607
222744522189000,19639000,-0.5838852
222744541670000,19481000,-0.47221947
222744561341000,19671000,-0.38263512
222744580825000,19484000,-0.41068172
222744600383000,19558000,-0.21120358
222744619934000,19551000,-0.14773178
222744639443000,19509000,0.14393139
222744659092000,19649000,0.031826973
222744679027000,19935000,0.10962772
222744698187000,19160000,-0.1592722
222744717968000,19781000,-0.16213799
222744737233000,19265000,0.043491364
222744756748000,19515000,0.036276817
222744776398000,19650000,0.10361004
222744795877000,19479000,-0.0034103394
222744815507000,19630000,0.060056686
222744834980000,19473000,0.0259943
222744854566000,19586000,0.10522652
222744874063000,19497000,0.25960636
222744893708000,19645000,0.22106934
222744913163000,19455000,0.123747826
222744932826000,19663000,0.120835304
222744952250000,19424000,0.23155117
222744971868000,19618000,0.14945889
222744991380000,19512000,0.1045084
222745010872000,19492000,-0.056401253
222745030487000,19615000,-0.12238121
222745050111000,19624000,-0.035619736
222745069576000,19465000,0.012802124
222745089284000,19708000,-0.034173965
222745108683000,19399000,0.11112499
222745128195000,19512000,0.0275383
222745147774000,19579000,0.059929848
222745167283000,19509000,-0.059862137
222745186872000,19589000,0.051178932
222745206397000,19525000,-0.25824928
222745226352000,19955000,-0.18370056
222745245622000,19270000,-0.28061295
222745264972000,19350000,-0.12745667
222745284518000,19546000,0.0077962875
222745304204000,19686000,-0.02799797
222745323704000,19500000,-0.06255722
222745343081000,19377000,-0.17269039
222745362665000,19584000,-0.013805389
222745382280000,19615000,-0.31393147
222745401719000,19439000,-0.11555481
222745421448000,19729000,-0.22316074
222745440801000,19353000,-0.4069662
222745460343000,19542000,-0.22633743
222745479927000,19584000,-0.17913151
222745499448000,19521000,0.04120636
222745519012000,19564000,0.051591873
222745538691000,19679000,-0.10984039
222745558123000,19432000,-0.23274422
222745577652000,19529000,-0.087530136
222745597244000,19592000,-0.1915226
222745616757000,19513000,-0.21921349
222745636381000,19624000,-0.22806549
222745656317000,19936000,-0.4669609
222745675462000,19145000,-0.39949226
222745695026000,19564000,-0.17852688
222745714749000,19723000,-0.18679523
222745734152000,19403000,-0.041092873
222745753711000,19559000,0.124557495
222745773264000,19553000,-0.01566124
222745792819000,19555000,-0.19396496
222745812357000,19538000,-0.1234436
222745831926000,19569000,0.061523438
222745851402000,19476000,0.015926361
222745871029000,19627000,-0.088056564
222745890511000,19482000,0.30482674
222745910152000,19641000,0.27499962
222745930117000,19965000,0.14779377
222745949281000,19164000,0.19112587
222745968686000,19405000,0.021662712
222745988378000,19692000,-0.111727715
222746007771000,19393000,-0.17053986
222746027624000,19853000,-0.09703636
222746046931000,19307000,0.032805443
222746066628000,19697000,0.10455608
222746085983000,19355000,-0.32181358
222746105694000,19711000,-0.15416718
222746124972000,19278000,-0.2731514
222746145007000,20035000,-0.18031883
222746164070000,19063000,0.02884674
222746184060000,19990000,0.18230247
222746203507000,19447000,0.08836746
222746223086000,19579000,0.11069107
222746242317000,19231000,0.11470032
222746262179000,19862000,0.23402882
222746281423000,19244000,0.027573586
222746300876000,19453000,-0.08373928
222746320554000,19678000,-0.0044612885
222746340320000,19766000,-0.09863281
222746359626000,19306000,-0.1746149
222746379043000,19417000,0.03592968
222746398857000,19814000,0.2842331
222746418162000,19305000,0.16827011
222746437799000,19637000,-0.08210564
222746457087000,19288000,-0.1029892
222746476693000,19606000,-0.009281158
222746496233000,19540000,-0.08814812
222746515775000,19542000,0.0053539276
222746535319000,19544000,-0.18827438
222746554840000,19521000,-0.017626762
222746574404000,19564000,-0.22951317
222746593937000,19533000,-0.22998905
222746613498000,19561000,-0.09547424
222746633035000,19537000,0.26995277
222746652613000,19578000,0.23421764
222746672230000,19617000,0.2950449
222746691726000,19496000,0.18377304
222746711278000,19552000,0.22542572
222746730970000,19692000,0.2087326
222746750571000,19601000,0.09491539
222746769949000,19378000,-0.058849335
222746789805000,19856000,0.034563065
222746809055000,19250000,0.20301056
222746828687000,19632000,0.19763565
222746848149000,19462000,0.13361835
222746867796000,19647000,0.10688019
222746887227000,19431000,-0.016420364
222746907044000,19817000,0.0894928
222746926338000,19294000,-0.07300949
222746946002000,19664000,-0.12059975
222746965431000,19429000,-0.14866638
222746985124000,19693000,0.111299515
222747004529000,19405000,0.16162205
222747024234000,19705000,-0.093310356
222747043625000,19391000,-0.17465687
222747063476000,19851000,-0.063251495
222747082737000,19261000,-0.027279854
222747102410000,19673000,-0.085861206
222747121979000,19569000,0.10569763
222747141366000,19387000,0.049251556
222747160897000,19531000,0.08935928
222747180620000,19723000,-0.023252487
222747200027000,19407000,-0.020748138
222747219730000,19703000,0.23071003
222747239110000,19380000,0.041356087
222747258802000,19692000,0.1004982
222747278434000,19632000,-0.03258896
222747297911000,19477000,0.082523346
222747317262000,19351000,-0.033018112
222747336902000,19640000,-0.28339672
222747356359000,19457000,-0.43853474
222747376092000,19733000,-0.40224838
222747395739000,19647000,-0.36544418
222747415260000,19521000,-0.09760475
222747434523000,19263000,-0.17282295
222747454215000,19692000,-0.18845558
222747473635000,19420000,0.1236496
222747493135000,19500000,0.13127995
222747512544000,19409000,0.21705627
222747532123000,19579000,0.34205532
222747551618000,19495000,0.60118484
222747571213000,19595000,0.09327793
222747590717000,19504000,0.61782265
222747610252000,19535000,0.06710243
222747629819000,19567000,-0.14207745
222747649343000,19524000,-0.06732941
222747668906000,19563000,-0.263834
222747688560000,19654000,-0.041431427
222747708006000,19446000,0.0070352554
222747727505000,19499000,0.3229208
222747747074000,19569000,0.0066452026
222747766714000,19640000,-0.5199604
222747786147000,19433000,-0.16471386
222747805832000,19685000,0.44076824
222747825236000,19404000,0.37740326
222747844885000,19649000,0.028223038
222747864359000,19474000,0.08239651
222747883885000,19526000,0.13728714
222747903429000,19544000,0.19251537
222747922972000,19543000,-0.0778656
222747942533000,19561000,-0.13779831
222747962396000,19863000,-0.19805622
222747981633000,19237000,-0.06693363
222748001181000,19548000,0.17917728
222748020735000,19554000,0.2531662
222748040277000,19542000,0.26997662
222748059842000,19565000,-0.057860374
222748079532000,19690000,-0.21341133
222748098934000,19402000,-0.04352379
222748118485000,19551000,0.16456032
222748138035000,19550000,0.066185
222748157583000,19548000,-0.12789726
222748177130000,19547000,-0.18779564
222748196838000,19708000,0.17389584
222748216214000,19376000,0.2869072
222748235791000,19577000,0.03629875
222748255317000,19526000,-0.022622108
222748274894000,19577000,-0.13901138
222748294405000,19511000,0.012685776
222748314141000,19736000,0.18349934
222748333509000,19368000,0.12445831
222748353110000,19601000,0.00789547
222748372675000,19565000,-0.16626549
222748392191000,19516000,-0.22563934
222748411704000,19513000,-0.016859055
222748431666000,19962000,-0.05684471
222748450789000,19123000,-0.01977539
222748470352000,19563000,-0.0012655258
222748489896000,19544000,0.11365509
222748509435000,19539000,-6.790161E-4
222748529006000,19571000,-0.05709076
222748548934000,19928000,-0.18977928
222748568083000,19149000,-0.14985275
222748587719000,19636000,-0.090488434
222748607222000,19503000,-0.030769348
222748626730000,19508000,0.08682537
222748646293000,19563000,-0.005874634
222748666101000,19808000,-0.0025081635
222748685411000,19310000,-0.07564163
222748704924000,19513000,-0.110468864
222748724491000,19567000,-0.030445099
222748744020000,19529000,0.011178017
222748763596000,19576000,-0.15798569
222748783265000,19669000,-0.0016241074
222748802696000,19431000,-0.19008636
222748822204000,19508000,-0.014625549
222748841812000,19608000,-0.01146698
222748861309000,19497000,-0.103954315
222748880925000,19616000,-0.13883305
222748900503000,19578000,0.07544613
222748920011000,19508000,0.09833908
222748939495000,19484000,0.006378174
222748959132000,19637000,0.16333008
222748978601000,19469000,0.26251507
222748998236000,19635000,-0.07940483
222749018052000,19816000,0.20990658
222749037346000,19294000,-0.057229996
222749056808000,19462000,-0.24882317
222749076350000,19542000,-0.17323685
222749095889000,19539000,0.13151169
222749115531000,19642000,0.14861298
222749135011000,19480000,0.0890007
222749154553000,19542000,-0.1238451
222749174094000,19541000,-0.0876503
222749193665000,19571000,0.0827446
222749213202000,19537000,0.19589329
222749232778000,19576000,0.2517891
222749252310000,19532000,0.058753967
222749271873000,19563000,-0.40255547
222749291412000,19539000,-0.2128334
222749310983000,19571000,-0.1572094
222749330521000,19538000,0.03278923
222749350072000,19551000,0.26167965
222749369844000,19772000,0.08903313
222749389191000,19347000,0.051011086
222749408687000,19496000,-0.005836487
222749428268000,19581000,0.09064293
222749447792000,19524000,0.28278255
222749467349000,19557000,0.110669136
222749487310000,19961000,0.1103344
222749506628000,19318000,-0.1397667
222749525992000,19364000,0.030651093
222749545552000,19560000,0.008722305
222749565105000,19553000,-0.032993317
222749584611000,19506000,-0.036810875
222749604186000,19575000,-0.079107285
222749623709000,19523000,0.20428371
222749643306000,19597000,0.14315414
222749662873000,19567000,0.17807865
222749682412000,19539000,0.15572834
222749701902000,19490000,-0.23051167
222749721442000,19540000,0.09185505
222749741062000,19620000,0.06937218
222749760796000,19734000,0.18091393
222749780084000,19288000,0.024273872
222749799632000,19548000,-0.11328316
222749819169000,19537000,-0.23173523
222749838720000,19551000,-0.15854836
222749858445000,19725000,-0.1999054
222749877802000,19357000,-0.049022675
222749897399000,19597000,0.12200451
222749916923000,19524000,0.06429672
222749936506000,19583000,-0.08812332
222749956016000,19510000,-0.1630497
222749975856000,19840000,-0.045690536
222749995090000,19234000,-0.3491211
222750014649000,19559000,-7.286072E-4
222750034199000,19550000,0.041812897
222750053746000,19547000,0.14237499
222750073314000,19568000,-0.005678177
222750093035000,19721000,-0.15359688
222750112359000,19324000,-0.11010456
222750132046000,19687000,0.028921127
222750151467000,19421000,0.12932968
222750171150000,19683000,0.24849796
222750190569000,19419000,0.11809158
222750210225000,19656000,-0.12804985
222750229650000,19425000,-0.24107838
222750249180000,19530000,0.008872032
222750268739000,19559000,-0.048374176
222750288287000,19548000,0.14288712
222750307836000,19549000,0.046548843
222750327500000,19664000,0.026628494
222750346929000,19429000,-0.10835743
222750366472000,19543000,-0.03275013
222750386178000,19706000,-0.033763885
222750405585000,19407000,0.13770294
222750425124000,19539000,0.022022247
222750444675000,19551000,0.11716843
222750464212000,19537000,0.039987564
222750483755000,19543000,0.058519363
222750503300000,19545000,-0.13379097
222750522862000,19562000,-6.828308E-4
222750542400000,19538000,-0.078412056
222750561992000,19592000,0.035345078
222750581486000,19494000,-0.19559288
222750601051000,19565000,-0.04326248
222750620588000,19537000,-0.17788696
222750640153000,19565000,-0.12045956
222750659677000,19524000,-0.10066223
222750679299000,19622000,0.14978027
222750698781000,19482000,-0.0012054443
222750718325000,19544000,-0.22811222
222750737864000,19539000,-0.05224991
222750757426000,19562000,-0.14409256
222750776963000,19537000,-0.044010162
222750796616000,19653000,-0.07764721
222750816050000,19434000,-0.015235901
222750835626000,19576000,-0.18244362
222750855167000,19541000,-0.04304123
222750874695000,19528000,-0.0376091
222750894261000,19566000,-0.18533611
222750913937000,19676000,-0.06486225
222750933359000,19422000,-0.05928421
222750952891000,19532000,-0.053670883
222750972474000,19583000,-0.10549927
222750991984000,19510000,-0.023267746
222751011559000,19575000,0.020605087
222751031435000,19876000,0.045223236
222751050663000,19228000,0.03128624
222751070179000,19516000,-0.097940445
222751089785000,19606000,0.11711502
222751109277000,19492000,0.06345081
222751128928000,19651000,0.124046326
222751148602000,19674000,0.011492729
222751168066000,19464000,0.26200294
222751187490000,19424000,0.051885605
222751207027000,19537000,-0.23586273
222751226720000,19693000,-0.23728085
222751246443000,19723000,0.086193085
222751266213000,19770000,-0.18443489
222751285527000,19314000,0.100432396
222751304926000,19399000,0.13660622
222751324619000,19693000,0.40303993
222751343957000,19338000,0.1334734
222751363728000,19771000,0.055466652
222751383100000,19372000,-0.04196167
222751402691000,19591000,0.14743233
222751422157000,19466000,0.1638813
222751441797000,19640000,0.21800613
222751461292000,19495000,-0.054151535
222751480900000,19608000,-0.28868866
222751500391000,19491000,-0.0257473
222751520154000,19763000,0.25611115
222751539707000,19553000,0.28903866
222751559232000,19525000,0.05398178
222751578587000,19355000,0.08719826
222751598216000,19629000,0.19703293
222751617692000,19476000,0.115249634
222751637413000,19721000,0.07157135
222751657201000,19788000,-0.14475632
222751676429000,19228000,0.11757374
222751695864000,19435000,0.1882658
222751715485000,19621000,0.009939194
222751734965000,19480000,-0.03425789
222751754597000,19632000,0.055728912
222751773974000,19377000,-0.064754486
222751793516000,19542000,0.02577591
222751813088000,19572000,0.020973206
222751832650000,19562000,0.09330368
222751852156000,19506000,-0.06365967
222751871688000,19532000,0.16298103
222751891212000,19524000,-0.08873844
222751910800000,19588000,0.27285862
222751930311000,19511000,0.07927513
222751949911000,19600000,0.11563301
222751969415000,19504000,-0.2120142
222751989012000,19597000,-0.08015919
222752008881000,19869000,-0.044211388
222752028105000,19224000,-0.046525955
222752047617000,19512000,-0.16353989
222752067212000,19595000,0.06461334
222752086718000,19506000,0.19753456
222752106374000,19656000,0.38845062
222752126123000,19749000,0.15830421
222752145503000,19380000,-0.03359604
222752164987000,19484000,0.19546223
222752184945000,19958000,0.17480373
222752204085000,19140000,-0.019054413
222752223679000,19594000,-0.15639687
222752243695000,20016000,-0.026496887
222752263000000,19305000,0.02622509
222752282297000,19297000,0.23190117
222752302122000,19825000,0.1884737
222752321403000,19281000,-0.046470642
222752341228000,19825000,0.17825794
222752360504000,19276000,0.077386856
222752380153000,19649000,0.22547054
222752399635000,19482000,-0.047906876
222752419438000,19803000,-0.053279877
222752438720000,19282000,-0.17363262
222752458545000,19825000,-0.21729088
222752477821000,19276000,-0.12647057
222752497512000,19691000,0.080013275
222752516946000,19434000,1.9645691E-4
222752536754000,19808000,-0.021007538
222752556046000,19292000,-0.060271263
222752575945000,19899000,-0.11762047
222752595294000,19349000,0.055782318
222752614965000,19671000,0.01930809
222752634409000,19444000,0.002609253
222752654140000,19731000,0.043801308
222752673365000,19225000,0.06600857
222752693178000,19813000,0.16479015
222752712724000,19546000,-0.177248
222752732333000,19609000,-0.17498112
222752751733000,19400000,0.09494305
222752771454000,19721000,0.115431786
222752790672000,19218000,0.1546936
222752810246000,19574000,0.23182774
222752829774000,19528000,0.23177624
222752849582000,19808000,-0.018060684
222752868940000,19358000,0.018494606
222752888369000,19429000,-0.041683197
222752907890000,19521000,-0.12188721
222752927459000,19569000,0.007955551
222752946993000,19534000,-0.054063797
222752966562000,19569000,0.056287766
222752986166000,19604000,-0.005493164
222753005668000,19502000,-0.066830635
222753025210000,19542000,-0.12759113
222753044798000,19588000,-0.07272911
222753064312000,19514000,-0.09366417
222753083915000,19603000,-0.07537174
222753103491000,19576000,0.13541985
222753123063000,19572000,-0.055101395
222753142615000,19552000,0.042450905
222753162510000,19895000,0.14058399
222753181727000,19217000,-0.25898743
222753201339000,19612000,0.031083107
222753220988000,19649000,0.14874554
222753240567000,19579000,0.13219166
222753259961000,19394000,0.038716316
222753279771000,19810000,-0.016950607
222753299002000,19231000,-0.015768051
222753318867000,19865000,-0.03442192
222753338151000,19284000,-0.22604465
222753357646000,19495000,-0.054182053
222753377255000,19609000,0.04087162
222753396716000,19461000,0.11680603
222753416359000,19643000,-0.19016075
222753435823000,19464000,-0.13296318
222753455418000,19595000,-0.1711855
222753475156000,19738000,0.21245861
222753494526000,19370000,0.06033802
222753514042000,19516000,-0.30197334
222753533643000,19601000,-0.22332287
222753553136000,19493000,-0.048470497
222753572767000,19631000,0.031139374
222753592756000,19989000,0.09217739
222753611886000,19130000,0.019537926
222753631343000,19457000,0.17697811
222753650975000,19632000,0.123698235
222753670329000,19354000,0.07006073
222753690257000,19928000,0.111517906
222753709531000,19274000,0.037151337
222753729372000,19841000,-8.583069E-6
222753748518000,19146000,-0.038248062
222753768272000,19754000,-0.1733141
222753787626000,19354000,-0.13678932
222753807359000,19733000,-0.2539711
222753826723000,19364000,-0.25624466
222753846637000,19914000,0.14416409
222753865989000,19352000,0.066547394
222753885320000,19331000,0.3538084
222753904823000,19503000,0.6993437
222753924556000,19733000,0.6812582
222753944161000,19605000,0.3753023
222753963482000,19321000,0.16362095
222753982956000,19474000,0.10288525
222754002532000,19576000,0.23097706
222754022028000,19496000,0.4329481
222754041658000,19630000,0.28750134
222754061161000,19503000,0.48441982
222754080699000,19538000,0.21945095
222754100224000,19525000,0.04831505
222754119813000,19589000,-0.04778099
222754139299000,19486000,0.104148865
222754158908000,19609000,0.08335781
222754178431000,19523000,-0.10944748
222754198019000,19588000,-0.1480341
222754217484000,19465000,-0.18501663
222754237132000,19648000,-0.1623764
222754256610000,19478000,-0.098789215
222754276286000,19676000,0.00609684
222754295729000,19443000,-0.28815174
222754315339000,19610000,-0.27283287
222754334825000,19486000,-0.3119812
222754354442000,19617000,-0.25242424
222754373895000,19453000,-0.11349201
222754393488000,19593000,0.27701092
222754413031000,19543000,0.3248415
222754432590000,19559000,0.2782488
222754452170000,19580000,0.07881069
222754471765000,19595000,-0.21696663
222754491135000,19370000,-0.45654678
222754510807000,19672000,-0.44864464
222754530233000,19426000,0.017629623
222754549760000,19527000,0.3680544
222754569457000,19697000,0.00915432
222754588902000,19445000,-0.40777397
222754608408000,19506000,-0.05907345
222754628241000,19833000,-0.24702072
222754647531000,19290000,-0.3584404
222754667073000,19542000,0.39227486
222754686897000,19824000,-0.31222725
222754706367000,19470000,0.28617764
222754725720000,19353000,0.0038547516
222754745496000,19776000,0.4303484
222754764808000,19312000,0.43517208
222754784542000,19734000,0.49661064
222754803912000,19370000,0.23094368
222754823659000,19747000,-0.036898613
222754842952000,19293000,0.095038414
222754862503000,19551000,0.16694641
222754882051000,19548000,0.10242176
222754901585000,19534000,-0.0024080276
222754921247000,19662000,0.063565254
222754940671000,19424000,-0.120446205
222754960202000,19531000,-0.26658058
222754979762000,19560000,-0.18265343
222754999301000,19539000,-0.09781551
222755018827000,19526000,0.007704735
222755038392000,19565000,-0.26786804
222755057929000,19537000,-0.15811825
222755077474000,19545000,-0.06512451
222755097018000,19544000,-0.027178764
222755116565000,19547000,-0.101878166
222755136120000,19555000,-0.27033043
222755155641000,19521000,-0.47535515
222755175217000,19576000,-0.18082142
222755194744000,19527000,-0.018900871
222755214364000,19620000,0.10605812
222755233831000,19467000,0.059638977
222755253424000,19593000,-0.17773819
222755272975000,19551000,-0.37670708
222755292497000,19522000,-0.26943207
222755312042000,19545000,-0.1624546
222755331649000,19607000,-0.17063522
222755351146000,19497000,-0.0066041946
222755370740000,19594000,-0.3215294
222755390291000,19551000,-0.13855934
222755409794000,19503000,0.044330597
222755429351000,19557000,0.11220455
222755448999000,19648000,0.06493282
222755468452000,19453000,-0.0019931793
222755488093000,19641000,0.23675442
222755507573000,19480000,-0.004425049
222755527107000,19534000,0.07866001
222755546650000,19543000,0.1410551
222755566232000,19582000,-0.008879662
222755585757000,19525000,0.069387436
222755605318000,19561000,0.050317764
222755624916000,19598000,0.029837608
222755644429000,19513000,0.065629005
222755664000000,19571000,-0.052770615
222755683606000,19606000,0.09627819
222755703071000,19465000,0.14912033
222755724197000,21126000,0.06750107
222755742290000,18093000,0.062485695
222755761723000,19433000,-0.15326405
222755781320000,19597000,-0.19656086
222755800843000,19523000,0.10519123
222755820387000,19544000,0.024385452
222755840033000,19646000,0.0017108917
222755862034000,22001000,-0.26914787
222755881607000,19573000,-0.17529106
222755902299000,20692000,0.09194183
222755920563000,18264000,0.072758675
222755940109000,19546000,-0.17526245
222755959707000,19598000,-0.03931713
222755979233000,19526000,0.1356802
222755998861000,19628000,0.04310131
222756018475000,19614000,-0.010843277
222756038067000,19592000,-0.2945547
222756057597000,19530000,-0.15695763
222756077436000,19839000,0.03805065
222756096595000,19159000,0.19473553
222756116119000,19524000,0.10240841
222756135630000,19511000,-0.08584213
222756155235000,19605000,0.032037735
222756174731000,19496000,0.16860867
222756194403000,19672000,0.09391594
222756213841000,19438000,0.056845665
222756233446000,19605000,-0.057634354
222756252951000,19505000,-5.41687E-4
222756272524000,19573000,0.03664875
222756292055000,19531000,-0.0033864975
222756311757000,19702000,0.109332085
222756331186000,19429000,-0.25709915
222756350933000,19747000,-0.12568188
222756370457000,19524000,0.025001526
222756390046000,19589000,-0.0154800415
222756409510000,19464000,0.09781742
222756429146000,19636000,0.0010375977
222756448674000,19528000,0.01974678
222756468253000,19579000,-0.0376873
222756487776000,19523000,0.0010051727
222756507381000,19605000,-0.07495499
222756526846000,19465000,0.11742687
222756546470000,19624000,-0.053987503
222756565994000,19524000,-0.22534466
222756585576000,19582000,0.06302738
222756605088000,19512000,-0.08905029
222756624683000,19595000,-0.12605667
222756644286000,19603000,-0.20114899
222756663775000,19489000,-0.007768631
222756683282000,19507000,0.013659477
222756702901000,19619000,0.15048027
222756722385000,19484000,-0.03793907
222756741997000,19612000,-0.11122513
222756762084000,20087000,-0.06951809
222756781110000,19026000,0.10619259
222756800748000,19638000,0.03278351
222756820204000,19456000,-0.13660812
222756839698000,19494000,0.05762863
222756859308000,19610000,0.060001373
222756878802000,19494000,0.042863846
222756898410000,19608000,0.06362724
222756918221000,19811000,0.08391857
222756937522000,19301000,-0.22190857
222756957016000,19494000,-0.20260811
222756976517000,19501000,-0.2219286
222756996135000,19618000,-0.22210026
222757015869000,19734000,-0.10697079
222757035290000,19421000,0.028020859
222757054701000,19411000,0.02985382
222757074396000,19695000,0.26249504
222757093949000,19553000,0.17026615
222757113477000,19528000,0.05924225
222757133600000,20123000,0.17798996
222757152713000,19113000,0.18127728
222757172029000,19316000,0.24110699
222757191477000,19448000,0.16560268
222757211041000,19564000,-0.12211704
222757230598000,19557000,-0.39226913
222757250235000,19637000,-0.43392563
222757269701000,19466000,-0.13155937
222757289247000,19546000,-0.05904007
222757308800000,19553000,-0.1390686
222757328413000,19613000,0.28005886
222757348123000,19710000,0.64306355
222757367475000,19352000,0.22183704
222757387013000,19538000,0.06927776
222757406623000,19610000,0.1272726
222757426196000,19573000,0.14629269
222757445782000,19586000,-0.027241707
222757465400000,19618000,-0.08703804
222757484877000,19477000,-0.39693356
222757504980000,20103000,-0.55443287
222757523975000,18995000,-0.099105835
222757544019000,20044000,-0.19860458
222757563100000,19081000,-0.14361858
222757582720000,19620000,0.06636524
222757602217000,19497000,0.08674145
222757622240000,20023000,0.089894295
222757641316000,19076000,-0.116249084
222757661074000,19758000,0.21499538
222757680521000,19447000,0.47014904
222757700048000,19527000,0.1697855
222757719516000,19468000,0.0793705
222757739582000,20066000,0.1408081
222757758624000,19042000,0.27716732
222757778356000,19732000,0.37315273
222757797734000,19378000,0.19881058
222757817349000,19615000,0.19449711
222757836831000,19482000,0.14956379
222757856465000,19634000,-0.03164482
222757876198000,19733000,0.07256031
222757895553000,19355000,-0.09268665
222757915207000,19654000,0.009407043
222757934679000,19472000,-0.099342346
222757954153000,19474000,-0.016119003
222757973778000,19625000,-0.23839188
222757993294000,19516000,-0.24852943
222758012878000,19584000,-0.14186287
222758032325000,19447000,-0.20534325
222758052109000,19784000,0.17423439
222758071424000,19315000,0.1923275
222758090946000,19522000,0.040254593
222758110516000,19570000,0.04313755
222758130022000,19506000,-0.08691788
222758149577000,19555000,-0.27379608
222758169132000,19555000,-0.19222641
222758188692000,19560000,-0.12965393
222758208303000,19611000,0.009687424
222758227825000,19522000,0.14917278
222758247348000,19523000,-0.11350155
222758266919000,19571000,0.17919064
222758286430000,19511000,0.2991953
222758306036000,19606000,-0.04106331
222758325540000,19504000,0.17325687
222758345081000,19541000,0.15659809
222758364644000,19563000,0.004550934
222758384199000,19555000,-0.12972641
222758403751000,19552000,0.002840042
222758423397000,19646000,-0.19128323
222758442866000,19469000,-0.079647064
222758462498000,19632000,-0.06407356
222758482564000,20066000,-0.010083199
222758501608000,19044000,0.025214195
222758521394000,19786000,0.04203129
222758540846000,19452000,0.05958748
222758560348000,19502000,0.13529778
222758579827000,19479000,0.21154499
222758599453000,19626000,-0.037525177
222758619050000,19597000,-0.13333702
222758638549000,19499000,-0.13351631
222758658033000,19484000,-0.22959709
222758677661000,19628000,-0.09581661
222758697127000,19466000,0.11481762
222758716777000,19650000,0.057717323
222758736243000,19466000,0.3075037
222758755872000,19629000,0.17449665
222758775316000,19444000,0.11807346
222758794987000,19671000,-0.14941502
222758814432000,19445000,-0.30256844
222758834086000,19654000,-0.24561024
222758853533000,19447000,-0.18894768
222758873148000,19615000,0.0976553
222758892763000,19615000,-0.26650333
222758912306000,19543000,-0.2085514
222758931733000,19427000,-0.11136055
222758951410000,19677000,-0.08965492
222758970840000,19430000,0.20135784
222758990626000,19786000,0.20615768
222759009947000,19321000,0.07756901
222759029545000,19598000,-0.031607628
222759049065000,19520000,-0.17928696
222759068727000,19662000,-0.25083065
222759088169000,19442000,-0.054775238
222759107940000,19771000,-0.12732315
222759127266000,19326000,-0.1618557
222759146955000,19689000,-0.024104118
222759166392000,19437000,-0.039527893
222759186037000,19645000,0.28996372
222759205461000,19424000,-0.68287325
222759225139000,19678000,-0.5254917
222759244567000,19428000,0.18769264
222759264740000,20173000,0.34613514
222759283574000,18834000,0.21784592
222759303150000,19576000,-0.15903854
222759322679000,19529000,0.7473116
222759342244000,19565000,0.6953516
222759361778000,19534000,0.5079222
222759381635000,19857000,0.35644627
222759400882000,19247000,0.22112179
222759420462000,19580000,0.13965416
222759440000000,19538000,-0.0795517
222759459577000,19577000,0.11927128
222759479097000,19520000,0.12386608
222759498761000,19664000,0.22225666
222759518371000,19610000,0.013010025
222759537802000,19431000,-0.1200428
222759557328000,19526000,-0.080488205
222759579313000,21985000,0.017077446
222759596429000,17116000,0.26955128
222759616019000,19590000,0.1791954
222759635525000,19506000,-0.081516266
222759655098000,19573000,-0.03382206
222759674632000,19534000,-0.099227905
222759694198000,19566000,0.047779083
222759713942000,19744000,-0.1291933
222759733360000,19418000,-0.036530495
222759752841000,19481000,-0.1340332
222759772439000,19598000,-0.3834715
222759791955000,19516000,-0.34433365
222759811854000,19899000,-0.2846012
222759831174000,19320000,0.025641441
222759850620000,19446000,0.22258091
222759870125000,19505000,0.1336813
222759889712000,19587000,-0.12654972
222759909671000,19959000,0.26499462
222759928835000,19164000,0.005206108
222759948325000,19490000,-0.19768143
222759967937000,19612000,-0.343997
222759987425000,19488000,-0.0698967
222760006965000,19540000,0.031001091
222760026509000,19544000,0.16957569
222760046065000,19556000,-0.03714466
222760065637000,19572000,-0.07200146
222760085261000,19624000,-0.10737419
222760104716000,19455000,-0.41132832
222760124259000,19543000,-0.4090309
222760143771000,19512000,-0.195858
222760163655000,19884000,0.20951748
222760182990000,19335000,0.21355343
222760202553000,19563000,0.1801672
222760222085000,19532000,-0.06334877
222760241736000,19651000,0.13380718
222760261201000,19465000,0.10082722
222760280840000,19639000,0.1055069
222760300256000,19416000,0.070934296
222760319786000,19530000,0.1884079
222760339270000,19484000,-0.13597107
222760358807000,19537000,-0.40421677
222760378391000,19584000,-0.15641975
222760397894000,19503000,0.014118195
222760417397000,19503000,0.2036562
222760436946000,19549000,0.22098637
222760456499000,19553000,0.14280796
222760476108000,19609000,0.045624733
222760495593000,19485000,-0.070739746
222760515349000,19756000,0.21495152
222760534678000,19329000,-0.20827293
222760554248000,19570000,-0.34442234
222760573793000,19545000,-0.17417145
222760593460000,19667000,0.22618008
222760612978000,19518000,0.20568085
222760632879000,19901000,-0.17811966
222760652117000,19238000,-0.82951593
222760671901000,19784000,-0.35013008
222760691178000,19277000,0.092001915
222760710992000,19814000,1.6273222
222760730294000,19302000,0.290658
222760749833000,19539000,1.2716656
222760769819000,19986000,-0.16204357
222760788923000,19104000,-0.16174889
222760808395000,19472000,-0.835135
222760827989000,19594000,-0.41992188
222760847494000,19505000,0.43360424
222760867036000,19542000,1.1518688
222760886934000,19898000,0.8159895
222760906347000,19413000,0.23038578
222760925715000,19368000,-0.14570808
222760945161000,19446000,-0.14020061
222760964711000,19550000,0.036337852
222760984253000,19542000,0.21200562
222761003944000,19691000,-0.07234478
222761023339000,19395000,-0.41386604
222761042890000,19551000,-0.67788124
222761062433000,19543000,-0.4421997
222761081998000,19565000,-0.12726974
222761101544000,19546000,-0.01960373
222761121079000,19535000,-0.25284767
222761140687000,19608000,-0.17570114
222761160197000,19510000,-0.094880104
222761180019000,19822000,-0.068139076
222761199536000,19517000,0.018735886
222761219005000,19469000,-0.026492119
222761238592000,19587000,0.10191631
222761258098000,19506000,0.077549934
222761277649000,19551000,-0.19608116
222761297218000,19569000,-0.29818153
222761316754000,19536000,-0.13331032
222761336308000,19554000,-0.3527336
222761355814000,19506000,-0.26675606
222761375410000,19596000,0.029155731
222761395006000,19596000,0.018156052
222761414389000,19383000,-0.012289047
222761433855000,19466000,-0.0046749115
222761453377000,19522000,-0.20804405
222761472916000,19539000,-0.33512497
222761492589000,19673000,0.18875217
222761512042000,19453000,0.11866474
222761531607000,19565000,0.04835224
222761551139000,19532000,0.34155655
222761570800000,19661000,0.3276081
222761590260000,19460000,0.12103939
222761609744000,19484000,-0.29768562
222761629316000,19572000,0.2970543
222761648830000,19514000,-0.02922821
222761668466000,19636000,0.08350277
222761687924000,19458000,0.27154827
222761707838000,19914000,0.26686
