142364696673000,19642000,1.0290451
142364716258000,19585000,0.9281063
142364735688000,19430000,-0.07045269
142364755200000,19512000,-0.60840225
142364774718000,19518000,0.13640118
142364794279000,19561000,0.9180069
142364813836000,19557000,1.1801414
142364833451000,19615000,0.63444424
142364853166000,19715000,0.026686668
142364872505000,19339000,-0.16498947
142364892034000,19529000,-0.18984127
142364911782000,19748000,-0.12400341
142364931136000,19354000,0.24455929
142364950744000,19608000,0.28488636
142364970250000,19506000,0.03645897
142364989851000,19601000,-0.097605705
142365009361000,19510000,-0.1739378
142365031500000,22139000,0.01854229
142365050939000,19439000,0.46182537
142365070501000,19562000,0.27520847
142365090024000,19523000,-0.119932175
142365109588000,19564000,-0.18750477
142365129340000,19752000,-0.31073475
142365148687000,19347000,-0.33641624
142365168272000,19585000,-0.14945316
142365187805000,19533000,-0.20934105
142365207373000,19568000,-0.03709984
142365227857000,20484000,-0.09222126
142365246446000,18589000,-0.29871845
142365266005000,19559000,-0.27346516
142365285552000,19547000,0.040772438
142365305110000,19558000,-0.17984772
142365324661000,19551000,-0.3801546
142365344211000,19550000,-0.3497162
142365363766000,19555000,-0.10782719
142365383334000,19568000,0.115576744
142365402901000,19567000,0.18622208
142365422437000,19536000,-0.030352592
142365442015000,19578000,-0.22816181
142365461605000,19590000,0.052067757
142365481328000,19723000,0.06307316
142365500790000,19462000,0.11111164
142365520434000,19644000,0.0044755936
142365539885000,19451000,0.06865406
142365559481000,19596000,0.09288216
142365578993000,19512000,0.09631634
142365598659000,19666000,-0.016783714
142365618130000,19471000,-0.05474949
142365637755000,19625000,-0.18977642
142365657198000,19443000,-0.22996998
142365676859000,19661000,-0.07913399
142365696327000,19468000,0.052541733
142365715802000,19475000,-0.026080132
142365735665000,19863000,0.12578678
142365754911000,19246000,0.24002075
142365774517000,19606000,0.048373222
142365794025000,19508000,0.10604572
142365813620000,19595000,0.048833847
142365833255000,19635000,0.12547684
142365852725000,19470000,-0.06644249
142365872369000,19644000,-0.06735897
142365891821000,19452000,-0.10709095
142365911344000,19523000,-0.089743614
142365930923000,19579000,0.004052162
142365950609000,19686000,0.0021429062
142365969905000,19296000,-0.018672943
142365989670000,19765000,0.11409855
142366008993000,19323000,-0.07836056
142366028740000,19747000,0.016852379
142366048106000,19366000,0.05491543
142366067564000,19458000,0.093224525
142366087116000,19552000,0.07421398
142366106673000,19557000,-0.07886791
142366126220000,19547000,-0.15543556
142366145760000,19540000,-0.15549469
142366165326000,19566000,0.093440056
142366184874000,19548000,-0.040563583
142366204730000,19856000,-0.15517712
142366223994000,19264000,-0.13542366
142366243533000,19539000,-0.28764248
142366263108000,19575000,0.0586977
142366282647000,19539000,0.060969353
142366302406000,19759000,0.19803905
142366321816000,19410000,0.010014534
142366341702000,19886000,-0.120274544
142366360935000,19233000,-0.34634876
142366380615000,19680000,-0.13197422
142366400033000,19418000,0.158988
142366419715000,19682000,0.29677677
142366439094000,19379000,-0.025162697
142366458831000,19737000,-0.02173996
142366478232000,19401000,0.038674355
142366497919000,19687000,0.021865845
142366517315000,19396000,-0.091371536
142366537018000,19703000,-0.052038193
142366556532000,19514000,0.17826748
142366576132000,19600000,0.10163975
142366595689000,19557000,-0.18610859
142366615220000,19531000,-0.072010994
142366634620000,19400000,0.060985565
142366654184000,19564000,0.059799194
142366674767000,20583000,0.32672977
142366693291000,18524000,0.1147871
142366712891000,19600000,-0.19311905
142366732399000,19508000,-0.23316479
142366751946000,19547000,0.0904789
142366771505000,19559000,0.088459015
142366791024000,19519000,-0.08583927
142366810618000,19594000,-0.4131508
142366830016000,19398000,-0.51021004
142366849529000,19513000,-0.0701952
142366869111000,19582000,0.371006
142366888632000,19521000,0.20065594
142366908201000,19569000,0.012342453
142366927895000,19694000,-0.23263264
142366947608000,19713000,-0.3239565
142366966909000,19301000,-0.12776852
142366986401000,19492000,0.39423275
142367005935000,19534000,0.4375124
142367025496000,19561000,-0.055703163
142367045044000,19548000,-0.3005476
142367064602000,19558000,-0.37390327
142367084196000,19594000,-0.08416748
142367103679000,19483000,0.2050333
142367123248000,19569000,0.13005257
142367145247000,21999000,-0.25151253
142367164855000,19608000,-0.17350292
142367184342000,19487000,0.05771351
142367203896000,19554000,0.04004097
142367223446000,19550000,-0.015761375
142367242988000,19542000,-0.26291752
142367262530000,19542000,-0.050190926
142367282084000,19554000,0.047869682
142367301665000,19581000,0.088765144
142367321225000,19560000,0.03413391
142367340768000,19543000,0.09452152
142367360284000,19516000,-0.055872917
142367379861000,19577000,-0.053299904
142367399569000,19708000,0.06382465
142367418959000,19390000,0.18052578
142367438629000,19670000,0.047736168
142367458048000,19419000,0.12505436
142367477611000,19563000,-0.028157234
142367497123000,19512000,-0.12463188
142367516967000,19844000,-0.18347263
142367536256000,19289000,-0.07034588
142367555792000,19536000,-0.07226944
142367575365000,19573000,0.11751461
142367595104000,19739000,0.096987724
142367614549000,19445000,0.115195274
142367634211000,19662000,0.018836021
142367653781000,19570000,0.01845169
142367673318000,19537000,0.28626537
142367692779000,19461000,0.22832775
142367712420000,19641000,-0.059840202
142367731906000,19486000,-0.19536781
142367751529000,19623000,-0.31237602
142367770976000,19447000,-0.44892502
142367790633000,19657000,-0.37469578
142367810067000,19434000,-0.28058243
142367829742000,19675000,-0.01269722
142367849170000,19428000,0.33359146
142367868848000,19678000,0.16464138
142367888572000,19724000,0.09303379
142367907952000,19380000,0.07981968
142367927388000,19436000,0.10524082
142367947059000,19671000,0.3411064
142367966475000,19416000,0.46123028
142367986240000,19765000,0.101094246
142368006130000,19890000,0.045441628
142368025271000,19141000,-0.1655817
142368044713000,19442000,-0.34048843
142368064334000,19621000,-0.30653572
142368083808000,19474000,0.1476841
142368103412000,19604000,0.18013096
142368122921000,19509000,-0.18946552
142368142353000,19432000,-0.4244213
142368161934000,19581000,-0.2753687
142368181451000,19517000,-0.04834652
142368201016000,19565000,0.31446075
142368220556000,19540000,0.06614208
142368240123000,19567000,-0.48704624
142368259637000,19514000,-0.9431219
142368279227000,19590000,-0.8040123
142368298758000,19531000,-0.31827354
142368318326000,19568000,-0.25145245
142368337921000,19595000,-0.23923588
142368358041000,20120000,0.044247627
142368376961000,18920000,-0.053112984
142368396565000,19604000,-0.3017168
142368416114000,19549000,-0.7980366
142368435661000,19547000,-1.0828528
142368455742000,20081000,-0.8495426
142368474864000,19122000,-0.6343899
142368494436000,19572000,-0.36003304
142368513966000,19530000,-0.10276508
142368533652000,19686000,0.36727905
142368553078000,19426000,0.8577919
142368572872000,19794000,0.8696985
142368592212000,19340000,0.5351343
142368611843000,19631000,0.23529148
142368631284000,19441000,0.19839954
142368650970000,19686000,0.44247723
142368670426000,19456000,0.6415281
142368690077000,19651000,0.8336191
142368709523000,19446000,0.8082361
142368729233000,19710000,0.9674978
142368748642000,19409000,1.254322
142368768298000,19656000,1.2471819
142368787716000,19418000,1.6741543
142368807396000,19680000,2.266635
142368827147000,19751000,2.3345747
142368846501000,19354000,1.8585997
142368866047000,19546000,1.7760801
142368885606000,19559000,1.4735699
142368905047000,19441000,-0.06373215
142368924712000,19665000,-1.551765
142368944164000,19452000,-1.7998171
142368963819000,19655000,-1.4167247
142368983305000,19486000,-0.7417202
142369002923000,19618000,-0.03791237
142369022383000,19460000,0.3346243
142369042027000,19644000,0.0141534805
142369061488000,19461000,-1.3246689
142369081251000,19763000,-2.2454672
142369100863000,19612000,-2.6531267
142369120119000,19256000,-2.4139547
142369139698000,19579000,-1.9673715
142369159290000,19592000,-2.2896805
142369178787000,19497000,-2.423273
142369198232000,19445000,-2.426015
142369218007000,19775000,-1.9721642
142369237356000,19349000,-1.2555847
142369256995000,19639000,-0.2581663
142369276463000,19468000,0.2505846
142369296003000,19540000,0.36267757
142369315717000,19714000,0.6099119
142369335091000,19374000,1.0249529
142369354670000,19579000,1.6222496
142369374213000,19543000,2.1864338
142369393744000,19531000,1.6981487
142369413328000,19584000,0.80507565
142369432848000,19520000,0.7883887
142369452403000,19555000,2.0688076
142369471987000,19584000,3.2103977
142369491552000,19565000,3.2565408
142369511306000,19754000,2.4374094
142369530769000,19463000,1.3867254
142369550411000,19642000,0.98645496
142369569922000,19511000,0.7799654
142369589514000,19592000,0.5792408
142369608978000,19464000,-0.18542576
142369628622000,19644000,-0.6283579
142369648083000,19461000,-1.4525361
142369667729000,19646000,-2.1738415
142369687711000,19982000,-2.7100368
142369706837000,19126000,-2.9789772
142369726297000,19460000,-2.745603
142369745942000,19645000,-2.1778498
142369765424000,19482000,-2.1161432
142369785190000,19766000,-2.156497
142369804512000,19322000,-2.052205
142369824157000,19645000,-1.4212332
142369843619000,19462000,-0.30611324
142369863260000,19641000,0.8101311
142369882732000,19472000,1.5759392
142369902686000,19954000,1.8317709
142369921864000,19178000,1.8358936
142369941506000,19642000,1.8874197
142369960977000,19471000,2.3238173
142369980625000,19648000,1.9707146
142370000034000,19409000,2.0308514
142370019835000,19801000,2.5966015
142370039024000,19189000,3.036562
142370058609000,19585000,2.4686022
142370078139000,19530000,1.4879637
142370097692000,19553000,0.3843689
142370117283000,19591000,-0.359375
142370137170000,19887000,-0.81495285
142370156473000,19303000,-0.97337055
142370176091000,19618000,-1.0768166
142370195583000,19492000,-1.0408554
142370215296000,19713000,-1.2610731
142370234670000,19374000,-1.808433
142370254119000,19449000,-2.6594949
142370273670000,19551000,-3.446928
142370293828000,20158000,-3.879537
142370312762000,18934000,-3.785767
142370332486000,19724000,-3.2189465
142370351886000,19400000,-2.16055
142370371467000,19581000,-0.8215208
142370390985000,19518000,-0.2778778
142370410567000,19582000,-0.036688805
142370430086000,19519000,0.6225767
142370449619000,19533000,1.2514019
142370469222000,19603000,1.803175
142370488752000,19530000,2.90139
142370508311000,19559000,3.5228539
142370527862000,19551000,3.0854511
142370547411000,19549000,2.0233111
142370566953000,19542000,2.0174527
142370586890000,19937000,2.8347502
142370606064000,19174000,2.0839534
142370625634000,19570000,0.7422638
142370645193000,19559000,0.0011734962
142370664743000,19550000,0.5559931
142370684489000,19746000,1.3405428
142370703927000,19438000,1.3480282
142370723593000,19666000,-0.06686115
142370743480000,19887000,-1.1365209
142370762704000,19224000,-1.8353472
142370782203000,19499000,-2.6180978
142370801808000,19605000,-2.9813519
142370821251000,19443000,-2.9198995
142370840914000,19663000,-2.696919
142370860363000,19449000,-2.366785
142370880024000,19661000,-2.0610757
142370899753000,19729000,-1.2432861
142370918967000,19214000,-0.30025578
142370938557000,19590000,0.7655716
142370958385000,19828000,1.4125671
142370977714000,19329000,1.171751
142370997423000,19709000,0.6294689
142371016750000,19327000,0.81120205
142371036177000,19427000,1.6718788
142371055710000,19533000,2.6504183
142371075276000,19566000,2.2481909
142371094796000,19520000,2.1279287
142371114430000,19634000,2.2294054
142371133924000,19494000,2.417695
142371153539000,19615000,1.6391163
142371173058000,19519000,0.85309315
142371192870000,19812000,0.1956482
142371212158000,19288000,-0.4037466
142371231846000,19688000,-0.8640938
142371251264000,19418000,-1.2163701
142371271132000,19868000,-1.3585725
142371290362000,19230000,-1.6660123
142371309886000,19524000,-2.649837
142371329378000,19492000,-3.2319126
142371348949000,19571000,-3.5413632
142371368488000,19539000,-3.4399939
142371388056000,19568000,-3.460802
142371407589000,19533000,-3.4869747
142371427171000,19582000,-2.291936
142371446699000,19528000,-0.2793293
142371466390000,19691000,0.9391384
142371485805000,19415000,1.4710608
142371505436000,19631000,1.1748171
142371524934000,19498000,0.9596596
142371544592000,19658000,1.5250034
142371564031000,19439000,2.517208
142371583645000,19614000,3.3352108
142371603136000,19491000,2.7853413
142371622793000,19657000,1.9158368
142371642218000,19425000,2.2947612
142371661887000,19669000,3.5563984
142371681337000,19450000,3.059021
142371701679000,20342000,1.2224178
142371720530000,18851000,-0.18180275
142371740190000,19660000,-0.5011544
142371759601000,19411000,0.08075142
142371779841000,20240000,0.78415775
142371798570000,18729000,0.4718523
142371818410000,19840000,-0.58377266
142371837761000,19351000,-2.2613854
142371857264000,19503000,-3.3685412
142371876861000,19597000,-4.1298666
142371896330000,19469000,-4.3484774
142371915965000,19635000,-3.8655057
142371935807000,19842000,-3.3270597
142371955064000,19257000,-2.5982428
142371974544000,19480000,-1.4859486
142371994172000,19628000,-0.06826687
142372013637000,19465000,1.2850876
142372033384000,19747000,2.3759966
142372052883000,19499000,2.4845476
142372072437000,19554000,2.1166983
142372091936000,19499000,2.0463228
142372111604000,19668000,2.9146366
142372131013000,19409000,4.043152
142372150466000,19453000,3.9697585
142372170024000,19558000,2.9958797
142372189565000,19541000,2.9191647
142372209121000,19556000,2.838767
142372228695000,19574000,1.415638
142372248240000,19545000,0.07133484
142372267793000,19553000,-0.74732447
142372287349000,19556000,-1.3574891
142372306903000,19554000,-1.998107
142372326441000,19538000,-1.8348026
142372345980000,19539000,-1.3551607
142372365538000,19558000,-1.04811
142372385077000,19539000,-1.6728573
142372404632000,19555000,-2.9183106
142372424182000,19550000,-3.766533
142372443731000,19549000,-4.1008563
142372463290000,19559000,-4.035032
142372482847000,19557000,-3.817554
142372502432000,19585000,-2.8166604
142372522004000,19572000,-1.2257805
142372541493000,19489000,0.28057098
142372561061000,19568000,0.9688425
142372580608000,19547000,1.4626293
142372600193000,19585000,2.154358
142372619726000,19533000,2.420434
142372639281000,19555000,3.0742502
142372659089000,19808000,2.995511
142372678462000,19373000,1.8511238
142372698199000,19737000,1.0523043
142372717571000,19372000,1.7084451
142372737273000,19702000,3.129168
142372756571000,19298000,2.732481
142372776106000,19535000,1.3633232
142372795683000,19577000,0.117461205
142372815216000,19533000,0.07314587
142372834809000,19593000,0.96875095
142372854448000,19639000,1.3366051
142372874047000,19599000,0.39828777
142372893513000,19466000,-1.265593
142372913105000,19592000,-2.749817
142372932667000,19562000,-3.2827673
142372952152000,19485000,-3.5672536
142372971761000,19609000,-3.3099089
142372991252000,19491000,-3.3291721
142373010871000,19619000,-3.1226826
142373030513000,19642000,-2.381631
142373050004000,19491000,-1.5277615
142373069628000,19624000,-0.96477795
142373089090000,19462000,-0.41036892
142373108547000,19457000,0.7614126
142373128325000,19778000,1.6437349
142373147632000,19307000,2.3027334
142373167210000,19578000,3.2467594
142373186757000,19547000,3.7381268
142373206406000,19649000,3.6333408
142373225823000,19417000,2.7519717
142373245505000,19682000,2.9642067
142373264946000,19441000,3.9030151
142373284542000,19596000,3.5742922
142373303958000,19416000,2.266549
142373323513000,19555000,0.59434414
142373343102000,19589000,-1.0546174
142373362719000,19617000,-1.9833636
142373382188000,19469000,-2.2962184
142373401728000,19540000,-1.9437265
142373421300000,19572000,-1.5846887
142373440855000,19555000,-1.8789887
142373460405000,19550000,-2.3202477
142373479942000,19537000,-2.8832164
142373499512000,19570000,-3.448823
142373519361000,19849000,-4.1478715
142373538635000,19274000,-4.329913
142373558153000,19518000,-3.7637658
142373577710000,19557000,-2.4309654
142373597258000,19548000,-0.90864563
142373616829000,19571000,0.8943825
142373636537000,19708000,2.3775778
142373655958000,19421000,2.7061863
142373675499000,19541000,3.2098494
142373695137000,19638000,4.3168936
142373714790000,19653000,3.889124
142373734228000,19438000,1.7053771
142373753892000,19664000,0.03671837
142373773334000,19442000,0.39325953
142373792813000,19479000,2.2391162
142373812387000,19574000,2.895978
142373831912000,19525000,1.3921385
142373851574000,19662000,-0.16056299
142373871202000,19628000,-0.089253426
142373890693000,19491000,1.3072586
142373910149000,19456000,2.2932186
142373929787000,19638000,1.5526695
142373949583000,19796000,-0.39290714
142373969019000,19436000,-2.2943568
142373988859000,19840000,-3.8417463
142374008144000,19285000,-4.7424083
142374027810000,19666000,-4.4728813
142374047123000,19313000,-3.0269065
142374066927000,19804000,-2.3129873
142374086222000,19295000,-1.5247593
142374106112000,19890000,-0.56369877
142374125457000,19345000,1.1397476
142374145069000,19612000,2.4318304
142374164438000,19369000,3.1115646
142374184173000,19735000,2.8055096
142374203656000,19483000,2.6314564
142374223309000,19653000,2.8274946
142374242539000,19230000,3.4610004
142374262101000,19562000,3.1643791
142374281664000,19563000,2.219802
142374301222000,19558000,1.7355518
142374321091000,19869000,1.6913996
142374340326000,19235000,1.5371847
142374359968000,19642000,0.77757645
142374379478000,19510000,0.012951851
142374398965000,19487000,-0.8836155
142374418521000,19556000,-1.4255586
142374438307000,19786000,-1.5473423
142374457623000,19316000,-1.5269737
142374477170000,19547000,-1.9317212
142374496725000,19555000,-2.83175
142374516291000,19566000,-3.6664133
142374536647000,20356000,-4.3724656
142374555472000,18825000,-4.988641
142374574913000,19441000,-5.1078506
142374594483000,19570000,-4.536071
142374614059000,19576000,-3.1001325
142374633686000,19627000,-1.8351698
142374653290000,19604000,-0.6683283
142374673486000,20196000,0.22456837
142374692445000,18959000,1.0198555
142374712277000,19832000,1.8455248
142374731569000,19292000,2.707553
142374750968000,19399000,3.5760689
142374770669000,19701000,3.9808302
142374790073000,19404000,3.299141
142374809762000,19689000,2.6526265
142374829165000,19403000,3.8180256
142374848632000,19467000,5.1452584
142374868155000,19523000,4.4117174
142374888089000,19934000,2.1527119
142374907272000,19183000,0.769825
142374926870000,19598000,-0.28936386
142374946616000,19746000,-0.09750366
142374966363000,19747000,0.07315922
142374985583000,19220000,-0.26192856
142375005286000,19703000,-1.744978
142375024686000,19400000,-3.043809
142375044403000,19717000,-3.9772668
142375063790000,19387000,-4.613429
142375083381000,19591000,-4.6953382
142375102897000,19516000,-4.733775
142375122596000,19699000,-4.340174
142375141999000,19403000,-3.111135
142375162171000,20172000,-1.0428171
142375181101000,18930000,0.57048607
142375200651000,19550000,1.5533037
142375220144000,19493000,1.9521608
142375239772000,19628000,2.4059505
142375259241000,19469000,2.8619156
142375278813000,19572000,3.4792538
142375298330000,19517000,4.07331
142375318239000,19909000,3.4265518
142375337331000,19092000,2.7200832
142375357039000,19708000,2.617344
142375376446000,19407000,3.1178732
142375395976000,19530000,3.28365
142375415536000,19560000,2.1027126
142375435063000,19527000,0.6529398
142375454633000,19570000,-0.94405603
142375474198000,19565000,-2.2387366
142375493741000,19543000,-3.0094576
142375513436000,19695000,-2.9188423
142375532847000,19411000,-2.605207
142375552403000,19556000,-2.4406757
142375571948000,19545000,-2.703618
142375591473000,19525000,-3.4261093
142375611051000,19578000,-3.9912963
142375630564000,19513000,-4.1678023
142375650170000,19606000,-3.5528164
142375669847000,19677000,-2.6837091
142375689368000,19521000,-1.7751412
142375709581000,20213000,-0.9819803
142375728468000,18887000,0.10321331
142375748157000,19689000,0.95906734
142375767609000,19452000,1.5747852
142375787291000,19682000,2.7068024
142375806706000,19415000,3.8842611
142375826368000,19662000,3.6031718
142375845804000,19436000,1.7393818
142375865349000,19545000,0.9479823
142375885210000,19861000,1.6839204
142375904290000,19080000,3.642867
142375923805000,19515000,3.8366814
142375943405000,19600000,2.5741196
142375962921000,19516000,1.5443835
142375982544000,19623000,0.6556115
142376002352000,19808000,0.18121338
142376021971000,19619000,-0.38764286
142376041329000,19358000,-1.0993886
142376061069000,19740000,-1.6209326
142376080288000,19219000,-2.268374
142376100151000,19863000,-2.823616
142376119394000,19243000,-3.279211
142376139261000,19867000,-3.6090417
142376158556000,19295000,-3.6749568
142376178325000,19769000,-3.318716
142376197624000,19299000,-2.4060545
142376217080000,19456000,-0.76412106
142376236734000,19654000,0.93463993
142376256172000,19438000,2.6448784
142376276156000,19984000,2.8273458
142376295276000,19120000,2.2145338
142376314932000,19656000,1.9069185
142376334352000,19420000,2.0654078
142376354038000,19686000,2.221158
142376373355000,19317000,1.7548771
142376392896000,19541000,1.3131943
142376412596000,19700000,2.2156305
142376432037000,19441000,3.352581
142376451546000,19509000,3.0591211
142376471079000,19533000,2.1419153
142376490623000,19544000,0.6996107
142376510176000,19553000,-0.34437943
142376529732000,19556000,-1.2908559
142376549271000,19539000,-1.6536798
142376568834000,19563000,-1.9417143
142376588355000,19521000,-2.6250339
142376607902000,19547000,-3.2164679
142376627447000,19545000,-3.689242
142376646994000,19547000,-4.151665
142376666547000,19553000,-4.7323756
142376686183000,19636000,-4.5267563
142376705667000,19484000,-3.9732919
142376725381000,19714000,-2.533763
142376744918000,19537000,-0.7278614
142376764364000,19446000,0.8074665
142376784041000,19677000,1.4146338
142376803451000,19410000,1.4651327
142376823305000,19854000,2.23209
142376843559000,20254000,3.5885897
142376862051000,18492000,4.103017
142376881559000,19508000,2.6356444
142376901141000,19582000,0.7483978
142376920646000,19505000,0.15990877
142376940234000,19588000,1.7878923
142376959957000,19723000,3.2971234
142376979327000,19370000,2.3560472
142376998827000,19500000,1.0944514
142377018456000,19629000,0.5511284
142377037948000,19492000,0.5602031
142377057474000,19526000,-0.020954132
142377077265000,19791000,-1.2241373
142377096570000,19305000,-2.0830436
142377116159000,19589000,-2.7248144
142377135833000,19674000,-2.8928566
142377155323000,19490000,-3.0396461
142377174943000,19620000,-2.8140717
142377194414000,19471000,-2.5564876
142377213980000,19566000,-2.531983
142377233601000,19621000,-2.0309448
142377252979000,19378000,-0.6724987
142377272501000,19522000,1.4256516
142377292022000,19521000,2.7444324
142377311617000,19595000,3.1606026
142377331146000,19529000,2.1845722
142377350715000,19569000,1.8164787
142377370258000,19543000,2.505972
142377389817000,19559000,3.114913
142377409352000,19535000,2.890328
142377428919000,19567000,1.9238658
142377448465000,19546000,2.5887012
142377468224000,19759000,3.390245
142377487515000,19291000,2.7614412
142377507097000,19582000,1.4507046
142377526638000,19541000,0.5921774
142377546145000,19507000,0.19125462
142377565737000,19592000,-0.91410446
142377585553000,19816000,-1.8930817
142377604843000,19290000,-2.2952833
142377624336000,19493000,-2.6871667
142377643921000,19585000,-3.2519264
142377663445000,19524000,-3.5414572
142377683053000,19608000,-4.085542
142377702551000,19498000,-3.5387535
142377722166000,19615000,-3.6212912
142377741686000,19520000,-3.585249
142377761305000,19619000,-3.0668817
142377780839000,19534000,-1.5711813
142377800703000,19864000,0.036974907
142377819946000,19243000,1.1346569
142377839750000,19804000,1.638957
142377859038000,19288000,2.360735
142377878857000,19819000,3.1943712
142377898139000,19282000,3.801937
142377917977000,19838000,3.3878155
142377937243000,19266000,1.981842
142377956933000,19690000,1.6453843
142377976348000,19415000,2.8167782
142377995892000,19544000,3.6183581
142378015363000,19471000,2.4051776
142378034996000,19633000,0.55897427
142378054514000,19518000,-0.5163083
142378074144000,19630000,-0.8330941
142378093599000,19455000,-0.30505657
142378113263000,19664000,0.02335167
142378132725000,19462000,-0.7383261
142378152753000,20028000,-2.0273333
142378171897000,19144000,-3.3571305
142378191871000,19974000,-4.1659107
142378210995000,19124000,-4.5634913
142378230908000,19913000,-4.6194377
142378250254000,19346000,-4.25418
142378270303000,20049000,-3.4809895
142378289497000,19194000,-2.226201
142378309106000,19609000,-0.3359003
142378328507000,19401000,1.6860685
142378348133000,19626000,2.9900198
142378367447000,19314000,3.1037083
142378387313000,19866000,2.9735298
142378406530000,19217000,3.6569004
142378426112000,19582000,4.7586756
142378445740000,19628000,4.6971817
142378465105000,19365000,3.406649
142378484675000,19570000,2.7190485
142378504214000,19539000,2.8425384
142378523761000,19547000,2.8968253
142378543271000,19510000,2.1579719
142378563002000,19731000,1.1287012
142378582426000,19424000,-0.43042564
142378601953000,19527000,-1.6870489
142378621494000,19541000,-2.7068968
142378641065000,19571000,-2.9608498
142378660612000,19547000,-2.4940257
142378680451000,19839000,-2.674214
142378699806000,19355000,-3.2240462
142378719283000,19477000,-4.002416
142378738968000,19685000,-4.3911614
142378758401000,19433000,-4.4842825
142378778055000,19654000,-4.2414336
142378797898000,19843000,-3.1070113
142378817168000,19270000,-1.2210808
142378836718000,19550000,0.2638359
142378856594000,19876000,0.8242359
142378875798000,19204000,1.4229755
142378895604000,19806000,1.9934597
142378914917000,19313000,2.885579
142378934818000,19901000,3.4372864
142378954008000,19190000,3.062592
142378973816000,19808000,1.3115602
142378993296000,19480000,0.3429408
142379012905000,19609000,1.7627206
142379032128000,19223000,3.5236177
142379051691000,19563000,3.6349516
142379071256000,19565000,1.8894744
142379090887000,19631000,0.014746666
142379110354000,19467000,-0.87231255
142379130016000,19662000,-0.17160988
142379149454000,19438000,1.0342903
142379169233000,19779000,1.4311199
142379191035000,21802000,-0.16506958
142379210618000,19583000,-1.8285618
142379230068000,19450000,-3.4206643
142379249618000,19550000,-4.15137
142379269286000,19668000,-4.455728
142379288770000,19484000,-4.021903
142379308281000,19511000,-3.6301064
142379327931000,19650000,-2.5293622
142379347402000,19471000,-0.62343216
142379367038000,19636000,1.3395767
142379386597000,19559000,2.3769693
142379406139000,19542000,2.3840647
142379425684000,19545000,1.6753311
142379445350000,19666000,1.7331715
142379464902000,19552000,2.9485998
142379484582000,19680000,3.8182201
142379503834000,19252000,3.5301876
142379523452000,19618000,2.3459034
142379542943000,19491000,2.0239115
142379563146000,20203000,2.0432396
142379582151000,19005000,1.2993832
142379601700000,19549000,0.1573267
142379621289000,19589000,-0.80267
142379640772000,19483000,-1.8406634
142379660337000,19565000,-2.468933
142379679905000,19568000,-2.1218734
142379699440000,19535000,-1.6129346
142379719166000,19726000,-1.3545966
142379738553000,19387000,-1.9913607
142379758052000,19499000,-2.4459505
142379777660000,19608000,-3.213498
142379797218000,19558000,-4.1204634
142379816797000,19579000,-4.419245
142379836714000,19917000,-3.8403592
142379856020000,19306000,-2.5400577
142379875790000,19770000,-0.38380527
142379895098000,19308000,1.0901508
142379914749000,19651000,1.6663017
142379934179000,19430000,1.8519859
142379954156000,19977000,3.2663174
142379973350000,19194000,5.3218503
142379992964000,19614000,5.441413
142380012395000,19431000,2.3119464
142380032189000,19794000,0.022816658
142380051500000,19311000,1.0607018
142380070922000,19422000,3.5668888
142380090507000,19585000,3.7318645
142380110076000,19569000,1.693932
142380129639000,19563000,0.7141051
142380149178000,19539000,1.0091639
142380168881000,19703000,2.221654
142380188662000,19781000,2.2136297
142380207925000,19263000,0.9550257
142380227877000,19952000,-1.0141754
142380247055000,19178000,-2.8630943
142380266698000,19643000,-4.529037
142380286120000,19422000,-5.583026
142380305555000,19435000,-6.457177
142380325127000,19572000,-6.471923
142380344658000,19531000,-5.3123913
142380364279000,19621000,-3.3162794
142380384186000,19907000,-0.84269905
142380403443000,19257000,1.2027111
142380423273000,19830000,2.1084833
142380442618000,19345000,2.262474
142380462149000,19531000,1.7091675
142380481648000,19499000,1.7549181
142380501167000,19519000,2.9410143
142380520959000,19792000,3.8377628
142380540190000,19231000,3.362246
142380559787000,19597000,2.5210156
142380579325000,19538000,2.8602939
142380598892000,19567000,3.2475533
142380618410000,19518000,2.9363823
142380637976000,19566000,1.6226492
142380657514000,19538000,0.19219589
142380677084000,19570000,-0.8503289
142380697160000,20076000,-1.1340666
142380716203000,19043000,-0.5292635
142380735732000,19529000,-0.13816929
142380755322000,19590000,-0.908865
142380774847000,19525000,-2.0861568
142380794428000,19581000,-3.4144478
142380814178000,19750000,-4.6196866
142380833566000,19388000,-5.294858
142380853092000,19526000,-5.453802
142380872668000,19576000,-5.0727944
142380892199000,19531000,-3.574276
142380911764000,19565000,-1.2827168
142380931534000,19770000,0.4599266
142380950967000,19433000,1.3964481
142380970621000,19654000,1.8822927
142380990105000,19484000,2.7853432
142381009865000,19760000,4.3610353
142381029875000,20010000,5.503519
142381048835000,18960000,5.0875154
142381068367000,19532000,2.9666805
142381087946000,19579000,1.7173715
142381107348000,19402000,2.407857
142381126872000,19524000,3.3130999
142381146452000,19580000,2.3479319
142381166006000,19554000,0.9926038
142381185669000,19663000,0.4987421
142381205107000,19438000,0.6465912
142381224744000,19637000,1.023633
142381244365000,19621000,0.12679958
142381263849000,19484000,-1.21069
142381283475000,19626000,-2.6742797
142381303112000,19637000,-3.6811757
142381322577000,19465000,-4.548934
142381342068000,19491000,-4.656968
142381361819000,19751000,-3.9594655
142381381166000,19347000,-3.3907647
142381400794000,19628000,-2.831788
142381420504000,19710000,-2.0330873
142381439900000,19396000,-1.2864723
142381459364000,19464000,-0.67354107
142381479002000,19638000,0.086159706
142381498467000,19465000,1.0972443
142381518119000,19652000,1.7370806
142381537609000,19490000,2.6836271
142381557144000,19535000,4.079303
142381576637000,19493000,5.013274
142381596048000,19411000,4.36483
142381615627000,19579000,2.8721123
142381635218000,19591000,2.214468
142381654765000,19547000,1.9680309
142381674262000,19497000,1.1571946
142381693782000,19520000,0.64797354
142381713411000,19629000,0.4084053
142381732895000,19484000,0.122302055
142381752483000,19588000,0.35421658
142381772030000,19547000,0.07959843
142381791594000,19564000,-1.0183582
142381811076000,19482000,-2.0505514
142381830701000,19625000,-3.0865784
142381850164000,19463000,-3.8324094
142381869783000,19619000,-4.4731665
142381889321000,19538000,-4.486081
142381909053000,19732000,-4.2296834
142381928384000,19331000,-3.472252
142381947936000,19552000,-1.9433427
142381967481000,19545000,-0.62128925
142381987147000,19666000,0.33670807
142382006677000,19530000,0.9797783
142382026551000,19874000,1.4143648
142382045778000,19227000,2.239622
142382065619000,19841000,3.579876
142382084846000,19227000,3.6989079
142382104576000,19730000,2.7971811
142382124007000,19431000,1.7854962
142382143441000,19434000,2.6881118
142382162913000,19472000,4.7165318
142382182452000,19539000,4.9773784
142382202019000,19567000,3.1452026
142382221566000,19547000,1.1369638
142382241101000,19535000,0.16297913
142382260635000,19534000,-0.4408121
142382280419000,19784000,-0.41767693
142382299869000,19450000,-0.7900276
142382319479000,19610000,-2.1032705
142382338951000,19472000,-3.5614152
142382358572000,19621000,-4.1778593
142382378063000,19491000,-4.9773936
142382397716000,19653000,-5.18496
142382417572000,19856000,-4.9457126
142382436676000,19104000,-4.2952847
142382456283000,19607000,-2.883504
142382476112000,19829000,-1.3990679
142382495385000,19273000,0.13147926
142382515019000,19634000,1.3582048
142382534478000,19459000,2.001073
142382553990000,19512000,2.3155355
142382573477000,19487000,2.5365458
142382593057000,19580000,3.4742832
142382612546000,19489000,4.3501005
142382632188000,19642000,4.099764
142382651779000,19591000,2.6956148
142382671309000,19530000,1.9517903
142382690642000,19333000,0.9668913
142382710213000,19571000,0.31620932
142382729785000,19572000,-0.3395009
142382749296000,19511000,-0.51280355
142382768820000,19524000,0.15100384
142382788393000,19573000,0.53218174
142382807921000,19528000,0.0851717
142382827510000,19589000,-1.3542151
142382847040000,19530000,-2.3998199
142382866618000,19578000,-3.1795063
142382886104000,19486000,-3.706637
142382905733000,19629000,-4.186301
142382925211000,19478000,-4.3458567
142382944751000,19540000,-4.142975
142382964309000,19558000,-3.4601727
142382983946000,19637000,-2.066598
142383003435000,19489000,-0.96063805
142383023249000,19814000,0.12307072
142383042605000,19356000,0.83039093
142383062220000,19615000,2.1877623
142383081823000,19603000,3.4564724
142383101327000,19504000,4.6436768
142383120768000,19441000,4.894537
142383140428000,19660000,3.737689
142383159861000,19433000,2.5808196
142383179411000,19550000,3.312839
142383198962000,19551000,4.704412
142383218563000,19601000,4.226409
142383237955000,19392000,2.4560137
142383257472000,19517000,1.4070201
142383277104000,19632000,0.2802515
142383296632000,19528000,-0.7428479
142383316134000,19502000,-1.517705
142383335738000,19604000,-1.3052144
142383355230000,19492000,-1.8743086
142383375256000,20026000,-3.0420904
142383394381000,19125000,-4.2997065
142383414221000,19840000,-5.159207
142383433470000,19249000,-5.63311
142383453641000,20171000,-4.926769
142383472566000,18925000,-3.8070374
142383492387000,19821000,-2.1523108
142383511671000,19284000,-0.46554184
142383531628000,19957000,0.83049107
142383550791000,19163000,1.6830263
142383570711000,19920000,1.9308186
142383589887000,19176000,1.9586077
142383609545000,19658000,2.1564922
142383629143000,19598000,2.970973
142383648887000,19744000,3.5289717
142383668229000,19342000,2.6726785
142383687902000,19673000,2.1954699
142383707230000,19328000,3.3590221
142383726830000,19600000,4.073624
142383746223000,19393000,3.5368457
142383766082000,19859000,2.8789248
142383785340000,19258000,1.6854544
142383804979000,19639000,0.66829014
142383824606000,19627000,-0.3567953
142383844040000,19434000,-1.2078052
142383863461000,19421000,-2.2197185
142383883164000,19703000,-3.4401412
142383902573000,19409000,-4.3020487
142383922161000,19588000,-4.852321
142383941684000,19523000,-4.851146
142383961297000,19613000,-4.7877655
142383980782000,19485000,-4.886054
142384000497000,19715000,-4.5856314
142384019898000,19401000,-3.5040789
142384039439000,19541000,-1.3166313
142384059059000,19620000,0.5738449
142384078869000,19810000,1.6040907
142384098224000,19355000,1.5294561
142384117730000,19506000,1.3714199
142384137324000,19594000,2.26538
142384156888000,19564000,3.4701672
142384176253000,19365000,3.0012999
142384195850000,19597000,1.9217806
142384215381000,19531000,2.9637475
142384234932000,19551000,4.8589687
142384254463000,19531000,4.8476214
142384274014000,19551000,2.9676228
142384293558000,19544000,1.1740088
142384313823000,20265000,0.5394869
142384332834000,19011000,1.1928515
142384352370000,19536000,2.1242924
142384371985000,19615000,2.116825
142384391474000,19489000,0.64323616
142384411551000,20077000,-1.1030164
142384430553000,19002000,-2.3646073
142384450215000,19662000,-3.2121572
142384469683000,19468000,-3.771584
142384489177000,19494000,-3.9009767
142384508675000,19498000,-4.512513
142384528289000,19614000,-4.3932433
142384547863000,19574000,-3.558134
142384567526000,19663000,-1.966403
142384586926000,19400000,-0.27138805
142384606642000,19716000,1.1987333
142384625865000,19223000,1.3801565
142384645410000,19545000,0.28337288
142384664966000,19556000,-0.03471279
142384684536000,19570000,1.1425581
142384704064000,19528000,2.3496313
142384723607000,19543000,2.5821342
142384743134000,19527000,2.88626
142384762727000,19593000,3.2558937
142384782250000,19523000,3.2268677
142384801802000,19552000,2.50881
142384821314000,19512000,1.7519836
142384840914000,19600000,1.5700359
142384860414000,19500000,0.7983179
142384880021000,19607000,-0.2710762
142384899502000,19481000,-1.1518521
142384919112000,19610000,-2.0085177
142384938597000,19485000,-2.658948
142384958242000,19645000,-3.3617415
142384977703000,19461000,-3.6089854
142384997309000,19606000,-3.5832314
142385016787000,19478000,-3.8708158
142385036433000,19646000,-4.159087
142385055933000,19500000,-3.8318686
142385075460000,19527000,-2.8873649
142385095034000,19574000,-0.7897444
142385114585000,19551000,1.0207806
142385134246000,19661000,2.154786
142385153757000,19511000,2.2759085
142385173361000,19604000,3.038786
142385193055000,19694000,4.028322
142385212446000,19391000,4.216243
142385232156000,19710000,2.8440447
142385251518000,19362000,1.3586206
142385271136000,19618000,1.6113973
142385290622000,19486000,3.6008797
142385310060000,19438000,4.1869946
142385329642000,19582000,2.8352575
142385349172000,19530000,1.6180134
142385368874000,19702000,1.5734882
142385388396000,19522000,2.1341648
142385407908000,19512000,1.4490986
142385427362000,19454000,-0.26367092
142385446904000,19542000,-2.0011396
142385466467000,19563000,-3.7361321
142385486019000,19552000,-5.2871037
142385505553000,19534000,-5.820306
142385525233000,19680000,-5.171825
142385544877000,19644000,-4.385302
142385564345000,19468000,-4.334824
142385583986000,19641000,-4.134109
142385603467000,19481000,-2.5189404
142385623093000,19626000,-0.103832245
142385642629000,19536000,1.7251997
142385662196000,19567000,2.4601517
142385681660000,19464000,1.6849165
142385701182000,19522000,0.43854046
142385720739000,19557000,0.58417225
142385740284000,19545000,1.9185677
142385760169000,19885000,2.6897316
142385779248000,19079000,3.0064898
142385798853000,19605000,3.7250767
142385818402000,19549000,3.922946
142385837949000,19547000,2.6597362
142385857461000,19512000,0.7974596
142385877350000,19889000,0.0032920837
142385896572000,19222000,-0.13559914
142385916135000,19563000,0.11858177
142385935677000,19542000,0.3728075
142385955260000,19583000,-0.12995529
142385974777000,19517000,-0.4233036
142385994518000,19741000,-0.7299261
142386013882000,19364000,-1.0813761
142386033585000,19703000,-1.7790952
142386052987000,19402000,-3.0297394
142386072503000,19516000,-3.9103723
142386092147000,19644000,-4.2068605
142386111731000,19584000,-3.648169
142386131476000,19745000,-2.1356974
142386150905000,19429000,-0.79993916
142386170581000,19676000,0.051960945
142386189899000,19318000,0.45235443
142386209460000,19561000,0.52960014
142386229143000,19683000,1.6930208
142386248794000,19651000,2.8605976
142386268102000,19308000,3.3519268
142386287741000,19639000,2.1046667
142386307132000,19391000,1.0834303
142386326700000,19568000,2.5611935
142386346231000,19531000,4.5806475
142386365876000,19645000,4.4003935
142386385353000,19477000,2.441123
142386405220000,19867000,1.3060827
142386424524000,19304000,0.7315874
142386444280000,19756000,0.81570625
142386463635000,19355000,0.76217175
142386483434000,19799000,0.5000639
142386502749000,19315000,-0.8996868
142386522539000,19790000,-2.415501
142386541976000,19437000,-3.7895913
142386561644000,19668000,-4.937163
142386580968000,19324000,-5.294033
142386600536000,19568000,-5.2344337
142386620169000,19633000,-4.8271093
142386639857000,19688000,-4.0277085
142386659298000,19441000,-2.9300776
142386678963000,19665000,-1.0734701
142386698383000,19420000,0.90461254
142386717899000,19516000,2.288393
142386737480000,19581000,2.7795506
142386757327000,19847000,2.767311
142386776626000,19299000,2.6180067
142386796232000,19606000,3.5060062
142386815900000,19668000,4.040039
142386835451000,19551000,2.8696623
142386854715000,19264000,2.4403882
142386874251000,19536000,3.0923648
142386893799000,19548000,2.928894
142386913339000,19540000,1.6840897
142386932907000,19568000,0.56900024
142386952725000,19818000,-0.20008278
142386972015000,19290000,-0.7841325
142386991550000,19535000,-0.81043434
142387011138000,19588000,-0.823967
142387030669000,19531000,-1.2931871
142387050253000,19584000,-2.055852
142387070077000,19824000,-2.5104437
142387089384000,19307000,-2.938127
142387108919000,19535000,-3.352831
142387128600000,19681000,-3.8080215
142387148236000,19636000,-3.9566731
142387167970000,19734000,-3.7589397
142387187341000,19371000,-2.8908591
142387206831000,19490000,-1.8514123
142387226449000,19618000,-1.333045
142387245917000,19468000,-0.48009205
142387265558000,19641000,0.6052704
142387285336000,19778000,1.6465969
142387304662000,19326000,2.9391413
142387324212000,19550000,3.5156927
142387343778000,19566000,3.2317924
142387363215000,19437000,1.6373572
142387383212000,19997000,1.0416598
142387402226000,19014000,1.6531692
142387421801000,19575000,2.8177028
142387441359000,19558000,2.4870462
142387461045000,19686000,0.9889984
142387480445000,19400000,0.22489548
142387500233000,19788000,0.371068
142387519697000,19464000,1.5122347
142387539294000,19597000,2.3333282
142387558782000,19488000,1.5000563
142387578574000,19792000,0.338212
142387597890000,19316000,-1.051477
142387617667000,19777000,-1.7655687
142387636999000,19332000,-2.5652537
142387657261000,20262000,-3.1967602
142387676108000,18847000,-3.904057
142387695867000,19759000,-4.0297804
142387715219000,19352000,-3.9338174
142387734962000,19743000,-2.7876468
142387754400000,19438000,-1.5096474
142387774221000,19821000,-0.3668146
142387793431000,19210000,0.7114582
142387813028000,19597000,1.5101557
142387832542000,19514000,1.8096552
142387852092000,19550000,1.5809221
142387871649000,19557000,2.2501488
142387891342000,19693000,3.137313
142387910672000,19330000,2.9313192
142387930228000,19556000,2.7358084
142387949769000,19541000,2.9285092
142387969352000,19583000,3.2569818
142387988892000,19540000,2.8964267
142388008452000,19560000,1.9621487
142388027984000,19532000,1.1844149
142388047688000,19704000,0.79658985
142388067099000,19411000,0.21221066
142388086645000,19546000,0.24233341
142388106187000,19542000,-0.21604347
142388125751000,19564000,-0.79114723
142388145288000,19537000,-1.5328555
142388164973000,19685000,-2.5109177
142388184405000,19432000,-3.661251
142388204052000,19647000,-4.517949
142388223536000,19484000,-5.1136966
142388243142000,19606000,-4.5617723
142388262762000,19620000,-3.5090084
142388282304000,19542000,-2.757741
142388301870000,19566000,-2.0398555
142388321427000,19557000,-1.3584194
142388340981000,19554000,-0.5466986
142388360692000,19711000,0.40737915
142388380042000,19350000,1.3395214
142388399642000,19600000,2.1829767
142388419147000,19505000,2.7924433
142388438894000,19747000,2.4104776
142388458253000,19359000,1.6974697
142388478191000,19938000,2.732926
142388497360000,19169000,4.3826766
142388516886000,19526000,4.2289534
142388536384000,19498000,2.7486453
142388555992000,19608000,1.396585
142388575504000,19512000,1.2095437
142388595112000,19608000,0.94671726
142388614628000,19516000,1.0941935
142388634252000,19624000,0.74011517
142388653732000,19480000,0.18072414
142388673555000,19823000,-0.5193291
142388692979000,19424000,-0.8530407
142388712653000,19674000,-1.3690476
142388732059000,19406000,-1.734921
142388751758000,19699000,-1.8876233
142388771213000,19455000,-1.6886978
142388790868000,19655000,-1.2687988
142388810295000,19427000,-0.91419315
142388829969000,19674000,-0.8352804
142388849404000,19435000,-0.91982746
142388869039000,19635000,-0.8258238
142388888923000,19884000,-0.57606983
142388908171000,19248000,-0.5216713
142388927621000,19450000,0.080225945
142388947296000,19675000,0.32503033
142388966712000,19416000,-0.0031032562
142388986240000,19528000,-0.2571087
142389005801000,19561000,-0.21070957
142389025423000,19622000,0.5165558
142389044839000,19416000,1.0035286
142389064397000,19558000,0.9424038
142389083969000,19572000,0.48535633
142389103508000,19539000,0.7809849
142389123042000,19534000,1.4460945
142389142613000,19571000,1.7147255
142389162146000,19533000,2.0085669
142389181716000,19570000,2.2318897
142389201247000,19531000,1.1014509
142389220810000,19563000,-0.5014553
142389240363000,19553000,-1.7135353
142389260026000,19663000,-1.6125169
142389279447000,19421000,-1.2850952
142389299005000,19558000,-0.6302633
142389318577000,19572000,-0.31328773
142389338171000,19594000,-0.36851692
142389357668000,19497000,-0.48707676
142389378013000,20345000,-0.5138874
142389396830000,18817000,-0.83365154
142389416688000,19858000,-1.1966753
142389435954000,19266000,-1.4323759
142389455781000,19827000,-1.2919655
142389475060000,19279000,-1.0453777
142389494618000,19558000,-0.92300606
142389514122000,19504000,-0.5814104
142389533725000,19603000,-0.21355152
142389553275000,19550000,0.216815
142389572832000,19557000,0.80304337
142389592942000,20110000,0.7574024
142389611941000,18999000,0.8611975
142389631438000,19497000,0.6328058
142389650906000,19468000,0.28028965
142389670450000,19544000,0.26144123
142389690006000,19556000,0.21142578
142389710030000,20024000,-0.08079052
142389729101000,19071000,-0.24947548
142389748806000,19705000,0.07019138
142389768677000,19871000,0.7651892
142389787900000,19223000,1.5123386
142389807471000,19571000,1.4506779
142389826928000,19457000,0.9254856
142389846580000,19652000,0.1855402
142389866094000,19514000,-0.42423248
142389885501000,19407000,-0.6732483
142389905034000,19533000,-0.8474426
142389924608000,19574000,-0.37009335
142389944134000,19526000,-0.15821934
142389963707000,19573000,-0.05657196
142389983265000,19558000,-0.14037228
142390002796000,19531000,-0.33229923
142390022362000,19566000,-0.38315105
142390041880000,19518000,-0.48463154
142390061554000,19674000,-0.29222965
142390081401000,19847000,0.116999626
142390100548000,19147000,0.20550823
142390120126000,19578000,-0.104138374
142390139645000,19519000,-0.27699947
142390159167000,19522000,-0.4675398
142390178738000,19571000,0.18521214
142390198331000,19593000,0.49298382
142390217843000,19512000,0.32090473
142390237375000,19532000,0.127779
142390256945000,19570000,0.008534431
142390276476000,19531000,9.012222E-4
142390296014000,19538000,0.028035164
142390315574000,19560000,0.18577671
142390335177000,19603000,0.03385353
142390354734000,19557000,-0.06341648
142390374406000,19672000,0.009346962
142390393916000,19510000,0.080368996
142390415029000,21113000,0.13075924
142390433525000,18496000,0.3147421
142390454875000,21350000,0.22996426
142390472312000,17437000,0.2218275
142390491519000,19207000,0.021939278
142390511097000,19578000,-0.2739687
142390530648000,19551000,-0.32096195
142390550494000,19846000,0.053689003
142390569812000,19318000,0.084337234
142390589603000,19791000,-0.19034672
142390608906000,19303000,0.015133858
142390628709000,19803000,0.18376255
142390648011000,19302000,0.10475826
142390667815000,19804000,0.026956558
142390687537000,19722000,0.21817112
142390707012000,19475000,0.14171219
142390726329000,19317000,0.06534195
142390746144000,19815000,-0.18367004
142390765305000,19161000,-0.22242069
142390785150000,19845000,0.02569294
142390804455000,19305000,0.024567604
142390824361000,19906000,-0.11069775
142390843671000,19310000,-0.4565239
142390863654000,19983000,-0.34225368
142390882628000,18974000,-0.03570652
142390902504000,19876000,0.25288105
142390921737000,19233000,0.0064115524
142390941681000,19944000,-0.0089941025
142390961322000,19641000,-0.25336933
142390980786000,19464000,-0.1715498
142390999939000,19153000,-0.07018185
142391019884000,19945000,-0.08332825
142391039083000,19199000,-0.07706928
142391058856000,19773000,0.08264732
142391078330000,19474000,0.22325993
142391098086000,19756000,0.40198994
142391117397000,19311000,0.35024738
142391137203000,19806000,0.22070408
142391156431000,19228000,0.12778378
142391175961000,19530000,0.090189934
142391195371000,19410000,0.05031395
142391214906000,19535000,-0.22164631
142391234525000,19619000,-0.15077019
142391254038000,19513000,-0.15784359
142391274091000,20053000,0.0833559
142391293212000,19121000,-0.077591896
142391312741000,19529000,0.011023521
142391332308000,19567000,-0.071801186
142391351752000,19444000,0.17215633
142391371454000,19702000,-0.004002571
142391390894000,19440000,0.10831356
142391410392000,19498000,0.030089378
142391430017000,19625000,-0.16228008
142391449500000,19483000,-0.085920334
142391469184000,19684000,-0.18145466
142391488702000,19518000,-0.06581783
142391508324000,19622000,0.08865738
142391527974000,19650000,0.013823509
142391547435000,19461000,0.26502514
142391566924000,19489000,0.17167091
142391586491000,19567000,0.09735775
142391606006000,19515000,-0.16894817
142391625650000,19644000,-0.32100868
142391645140000,19490000,-0.20555592
142391664707000,19567000,0.12020016
142391684240000,19533000,0.15856838
142391703816000,19576000,0.12040615
142391723336000,19520000,0.024858475
142391742925000,19589000,-0.07071209
142391762459000,19534000,0.005988121
142391782023000,19564000,-0.013224602
142391801555000,19532000,-0.12833023
142391821118000,19563000,-0.16687489
142391840642000,19524000,0.024502754
142391860293000,19651000,0.13949299
142391879746000,19453000,-0.07083416
142391899409000,19663000,-0.012726784
142391918906000,19497000,0.1605177
142391938480000,19574000,0.29556274
142391957971000,19491000,0.5837097
142391977621000,19650000,0.43076038
142391997412000,19791000,-0.010647774
142392016727000,19315000,-0.08973026
142392036220000,19493000,-0.036581993
142392056094000,19874000,0.20629406
142392075654000,19560000,-0.050227165
142392094877000,19223000,-0.09701061
142392114759000,19882000,-0.086966515
142392134013000,19254000,-3.4046173E-4
142392153941000,19928000,-0.16231823
142392173098000,19157000,-0.13188648
142392192921000,19823000,-0.06190014
142392212229000,19308000,0.009594917
142392232036000,19807000,-0.03212452
142392251656000,19620000,-0.2253828
142392270796000,19140000,-0.014864922
142392290331000,19535000,-0.013531685
142392309884000,19553000,-0.1257801
142392329456000,19572000,-0.16028309
142392349037000,19581000,0.09343624
142392368616000,19579000,0.04139614
142392388151000,19535000,-0.010223389
142392407676000,19525000,-0.023420334
142392427259000,19583000,-0.1133852
142392446788000,19529000,-0.14623165
142392466421000,19633000,0.28017712
142392486207000,19786000,0.34214783
142392505570000,19363000,0.1927042
142392525254000,19684000,0.1762743
142392544921000,19667000,0.29251575
142392564209000,19288000,0.15812778
142392584016000,19807000,0.0026788712
142392603326000,19310000,-0.039670944
142392623135000,19809000,-0.1986866
142392642734000,19599000,-0.20573616
142392662239000,19505000,-0.1751175
142392681540000,19301000,0.14285183
142392701346000,19806000,0.020884514
142392720656000,19310000,-0.3873806
142392740455000,19799000,-0.25802517
142392759905000,19450000,-0.35690975
142392779711000,19806000,-0.109046936
142392798875000,19164000,-0.16552925
142392818665000,19790000,-0.06642437
142392838101000,19436000,0.14975071
142392857760000,19659000,0.25287724
142392877177000,19417000,0.22316265
142392896932000,19755000,-0.07414913
142392916287000,19355000,-0.065247536
142392935981000,19694000,0.30677032
142392955422000,19441000,0.5626106
142392975093000,19671000,0.37617588
142392994548000,19455000,0.13004208
142393014277000,19729000,0.0727129
142393033663000,19386000,0.14664173
142393053222000,19559000,-0.06950092
142393072600000,19378000,-0.24968529
142393092134000,19534000,-0.08690548
142393111673000,19539000,0.09400082
142393131376000,19703000,0.21715927
142393150793000,19417000,0.07250023
142393170368000,19575000,-0.18640423
142393189948000,19580000,-0.23367977
142393209728000,19780000,0.026719093
142393229191000,19463000,0.26941967
142393249206000,20015000,0.18807316
142393268271000,19065000,-0.10264206
142393287877000,19606000,-0.31564045
142393307346000,19469000,-0.47024822
142393327139000,19793000,-0.08753681
142393346381000,19242000,0.009030342
142393366350000,19969000,0.04953575
142393385610000,19260000,0.052963257
142393405018000,19408000,0.11488056
142393424597000,19579000,0.06257343
142393444115000,19518000,-0.25760174
142393463689000,19574000,-0.23304844
142393483521000,19832000,0.19355106
142393502799000,19278000,0.46663952
142393522372000,19573000,0.24126148
142393541917000,19545000,-0.17648983
142393561447000,19530000,-0.42301655
142393581030000,19583000,-0.15358162
142393600585000,19555000,-0.4404726
142393620149000,19564000,-0.13394642
142393639844000,19695000,0.40264225
142393659260000,19416000,0.38433743
142393678786000,19526000,0.098418236
142393698444000,19658000,-0.18727207
142393718267000,19823000,-0.28151226
142393737796000,19529000,-0.12695122
142393757216000,19420000,0.25733852
142393776675000,19459000,0.14361572
142393796323000,19648000,-0.19998932
142393816201000,19878000,-0.14147663
142393835431000,19230000,-0.10221577
142393854879000,19448000,-0.21616077
142393874550000,19671000,0.014868736
142393896145000,21595000,0.3038168
142393913593000,17448000,0.6695957
142393933007000,19414000,0.6331711
142393952593000,19586000,0.3279667
142393972169000,19576000,0.04048729
142393991948000,19779000,0.07651234
142394011205000,19257000,0.28264332
142394030830000,19625000,-0.049916267
142394050338000,19508000,-0.11644077
142394069912000,19574000,0.102641106
142394089453000,19541000,0.33975887
142394109116000,19663000,0.039959908
142394128539000,19423000,-0.39405727
142394148225000,19686000,0.034085274
142394167659000,19434000,0.21399498
142394187177000,19518000,0.2992773
142394206731000,19554000,0.17513561
142394226306000,19575000,0.18620968
142394245862000,19556000,0.044939995
142394265389000,19527000,0.26818943
142394285276000,19887000,0.31935787
142394304713000,19437000,-0.089123726
142394324263000,19550000,-0.17220211
142394343874000,19611000,-0.06399822
142394363268000,19394000,0.10159397
142394383079000,19811000,-8.31604E-4
142394402684000,19605000,-0.045433998
142394421830000,19146000,0.0445776
142394441638000,19808000,0.70980644
142394460970000,19332000,0.55190945
142394480625000,19655000,-0.18054771
142394500048000,19423000,-0.5111799
142394519584000,19536000,-1.0338659
142394539168000,19584000,-0.4265051
142394558977000,19809000,1.2734795
142394578269000,19292000,-0.07049465
142394597814000,19545000,0.042717934
142394617399000,19585000,-0.551569
142394636915000,19516000,-0.24469852
142394656466000,19551000,-0.58807755
142394676443000,19977000,0.06579685
142394695597000,19154000,0.7976303
142394715105000,19508000,0.84119415
142394734668000,19563000,0.25321484
142394754238000,19570000,-0.52684116
142394773772000,19534000,-0.7336445
142394793333000,19561000,-0.36733913
142394813387000,20054000,0.34264183
142394832432000,19045000,0.89892006
142394851973000,19541000,0.49717617
142394871522000,19549000,-0.2500105
142394891079000,19557000,-0.596076
142394910633000,19554000,0.12927532
142394930142000,19509000,0.7770958
142394949766000,19624000,0.17920876
142394969265000,19499000,-0.6492357
142394988957000,19692000,-0.48236942
142395008734000,19777000,0.23968792
142395027958000,19224000,0.38748932
142395047485000,19527000,0.22951984
142395067072000,19587000,-0.34912014
142395086671000,19599000,-0.62066364
142395106195000,19524000,-0.62325764
142395125768000,19573000,-0.4330206
142395145293000,19525000,0.123064995
142395164901000,19608000,0.5283203
142395184392000,19491000,-0.021780968
142395203934000,19542000,-0.18695831
142395223508000,19574000,-0.025314331
142395243043000,19535000,0.15610123
142395262689000,19646000,0.012022972
142395282772000,20083000,-0.20899868
142395301828000,19056000,-0.43074894
142395321470000,19642000,-0.11698437
142395340930000,19460000,0.3493452
142395360577000,19647000,0.18305302
142395380488000,19911000,-0.19454098
142395399686000,19198000,-0.094052315
142395419115000,19429000,0.1779995
142395438769000,19654000,0.25768852
142395458205000,19436000,-0.12316418
142395477647000,19442000,-0.35168743
142395497312000,19665000,-0.1979456
142395516739000,19427000,0.08938789
142395536254000,19515000,0.08928585
142395555839000,19585000,-0.15969563
142395575356000,19517000,-0.17857265
142395594953000,19597000,0.090236664
142395614454000,19501000,0.05305767
142395634050000,19596000,0.016353607
142395653543000,19493000,-0.21150875
142395674968000,21425000,-0.055897713
142395692646000,17678000,0.27223682
142395712260000,19614000,0.42814827
142395731737000,19477000,0.18170261
142395751354000,19617000,-0.103606224
142395770856000,19502000,-0.14083576
142395790512000,19656000,0.41459942
142395809955000,19443000,0.31769657
142395829936000,19981000,-0.18267536
142395849166000,19230000,-0.7607937
142395868966000,19800000,-0.2097559
142395888301000,19335000,0.14954567
142395909106000,20805000,0.79655075
142395927349000,18243000,0.25667572
142395947237000,19888000,-0.45508575
142395966462000,19225000,-0.4770689
142395986151000,19689000,-0.5370636
142396005589000,19438000,-0.5771742
142396025130000,19541000,0.035323143
142396044799000,19669000,0.36249733
142396064468000,19669000,0.46196842
142396083833000,19365000,0.60141754
142396103306000,19473000,0.24372005
142396122786000,19480000,-0.20993519
142396142423000,19637000,0.00571537
142396161865000,19442000,0.3730116
142396181424000,19559000,0.31706142
142396200982000,19558000,0.23988914
142396220525000,19543000,-0.12679577
142396240259000,19734000,-0.38076878
142396259681000,19422000,-0.34917545
142396279202000,19521000,-0.28031254
142396298886000,19684000,-0.32649517
142396318323000,19437000,-0.16114235
142396338007000,19684000,-0.03243351
142396357347000,19340000,0.19419575
142396377053000,19706000,0.15505314
142396396462000,19409000,0.060551643
142396416144000,19682000,0.0635128
142396435879000,19735000,-0.009009361
142396455246000,19367000,0.05307865
142396474678000,19432000,0.019482613
142396494381000,19703000,0.062220573
142396513835000,19454000,-0.06799793
142396533877000,20042000,0.050009727
142396552937000,19060000,-0.17754841
142396572720000,19783000,0.07293129
142396591988000,19268000,0.13121128
142396611663000,19675000,-0.021780014
142396631095000,19432000,-0.19441319
142396650779000,19684000,-0.11842632
142396670203000,19424000,-0.0042905807
142396689892000,19689000,0.014149666
142396709305000,19413000,0.01368618
142396728993000,19688000,-0.04389286
142396748489000,19496000,0.20533562
142396767942000,19453000,-0.043143272
142396787511000,19569000,0.07245827
142396807069000,19558000,0.1306076
142396826696000,19627000,0.1502924
142396846340000,19644000,-0.060204506
142396865924000,19584000,0.07357693
142396885372000,19448000,0.26424885
142396905027000,19655000,0.32017803
142396924481000,19454000,0.011403084
142396944084000,19603000,-0.41321945
142396963791000,19707000,-0.3023939
142396983192000,19401000,-0.07708359
142397002691000,19499000,0.20576859
142397022353000,19662000,0.106059074
142397041801000,19448000,-0.31853485
142397061458000,19657000,0.0813036
142397081249000,19791000,0.4437046
142397100530000,19281000,0.23222065
142397120012000,19482000,-0.28529453
142397139620000,19608000,-0.28555584
142397159126000,19506000,0.05893421
142397178780000,19654000,-0.05620289
142397198578000,19798000,-0.1136961
142397217855000,19277000,0.09722614
142397237343000,19488000,-0.22781467
142397256987000,19644000,-0.2651472
142397276809000,19822000,-0.30194092
142397296043000,19234000,-0.08903885
142397315937000,19894000,0.31637096
142397335197000,19260000,0.4928198
142397355023000,19826000,0.037825584
142397374264000,19241000,-0.12984371
142397394137000,19873000,-0.048978806
142397413396000,19259000,-0.16039562
142397433238000,19842000,-0.06194687
142397452505000,19267000,-0.17488384
142397472326000,19821000,0.01812172
142397491625000,19299000,0.32575417
142397511090000,19465000,0.23095417
142397530735000,19645000,-0.03652954
142397550217000,19482000,-0.09379482
142397569790000,19573000,-0.0941658
142397589294000,19504000,0.09648609
142397608753000,19459000,-0.172925
142397628493000,19740000,-0.46168423
142397647866000,19373000,-0.15655994
142397667569000,19703000,-0.023274422
142397686942000,19373000,0.07259464
142397706632000,19690000,0.4376955
142397726037000,19405000,0.15247631
142397745742000,19705000,-0.26626873
142397765141000,19399000,-0.18689442
142397784690000,19549000,0.1796894
142397804239000,19549000,0.2396183
142397823795000,19556000,-0.06469822
142397843362000,19567000,-0.082203865
142397862895000,19533000,-0.15775013
142397882681000,19786000,-0.04229355
142397902539000,19858000,-0.2144928
142397921783000,19244000,-0.022870064
142397941319000,19536000,0.07312679
142397960841000,19522000,0.11196518
142397980329000,19488000,0.036208153
142398000011000,19682000,-0.09676075
142398019461000,19450000,-0.07636547
142398039116000,19655000,-0.20910358
142398058799000,19683000,-0.26507854
142398078368000,19569000,0.1006155
142398097665000,19297000,0.21772671
142398117305000,19640000,0.028819084
142398140085000,22780000,-0.25537586
142398158770000,18685000,-0.19478321
142398178563000,19793000,-0.36397362
142398197810000,19247000,0.44382
142398217345000,19535000,0.23671627
142398237063000,19718000,0.9298935
142398256868000,19805000,-0.17785263
142398276237000,19369000,-0.11836147
142398295976000,19739000,-0.90319824
142398315108000,19132000,-0.19538689
142398334754000,19646000,0.3966856
142398354213000,19459000,0.7970133
142398373845000,19632000,0.18215275
142398393249000,19404000,-0.030768394
142398412854000,19605000,-0.1868658
142398432426000,19572000,-0.40116596
142398452107000,19681000,0.20758724
142398471510000,19403000,0.9501991
142398491177000,19667000,0.39018917
142398510575000,19398000,-0.13197422
142398530608000,20033000,-0.29114628
142398549816000,19208000,0.104260445
142398569382000,19566000,9.365082E-4
142398588861000,19479000,-0.045311928
142398608467000,19606000,0.061616898
142398627957000,19490000,-0.09932423
142398647952000,19995000,0.16164684
142398667046000,19094000,0.23182392
142398686645000,19599000,-0.08029461
142398706182000,19537000,-0.1043911
142398725759000,19577000,-0.2810297
142398745289000,19530000,-0.09298515
142398765059000,19770000,-0.28705406
142398784394000,19335000,-0.30758
142398803979000,19585000,-0.25004864
142398823517000,19538000,-0.20998669
142398843136000,19619000,0.023486137
142398862618000,19482000,-0.12425327
142398882475000,19857000,-0.116978645
142398901743000,19268000,-0.10835171
142398921402000,19659000,0.03546238
142398940921000,19519000,-0.011559486
142398960742000,19821000,0.19073486
142398980041000,19299000,-0.009426117
142399000278000,20237000,-0.05697155
142399019289000,19011000,-0.12471485
142399039120000,19831000,0.016992569
142399058264000,19144000,0.061656
142399078062000,19798000,0.12417984
142399098001000,19939000,0.051341057
142399117182000,19181000,0.3411827
142399136635000,19453000,0.13172054
142399156280000,19645000,0.11238003
142399175594000,19314000,-0.0041532516
142399195439000,19845000,0.08853245
142399214819000,19380000,0.12251949
142399234538000,19719000,-0.09357166
142399254040000,19502000,-0.32957363
142399273630000,19590000,-0.29777813
142399293087000,19457000,-0.22744083
142399312863000,19776000,0.3034315
142399332463000,19600000,0.35674763
142399351847000,19384000,0.066636086
142399371647000,19800000,0.103260994
142399391072000,19425000,-0.10838699
142399410402000,19330000,-0.24300575
142399430019000,19617000,-0.41563892
142399449466000,19447000,-0.798543
