TimeMs,00:1c:f0:cb:ec:95.APRSSI
1305176282956,-81
1305176305496,-82
1305176319119,-85
1305176330634,-83
1305176341671,-86
1305176351206,-86
1305176359974,-86
1305176365068,-84
1305176372512,-82
1305176378299,-86
1305176385941,-85
1305176391679,-83
1305176399542,-86
1305176406998,-86
1305176414122,-88
1305176419127,-85
1305176426316,-85
1305176431620,-85
1305176435540,-85
1305176441835,-85
1305176447375,-84
1305176451904,-88
1305176458253,-88
1305176466191,-92
1305176472996,-88
1305176478072,-85
1305176485736,-84
1305176490742,-85
1305176495430,-83
1305176501976,-92
1305176507019,-85
1305176511551,-87
1305176517172,-86
1305176522507,-86
1305176526967,-84
1305176532378,-84
1305176538389,-85
1305176543112,-86
1305176547997,-85
1305176554105,-87
1305176558793,-86
1305176563918,-86
1305176570143,-84
1305176575364,-86
1305176580491,-85
1305176586389,-84
1305176591687,-85
1305176594990,-85
1305176598276,-83
1305176604758,-84
1305176610418,-81
1305176613437,-85
1305176616814,-86
1305176623448,-85
1305176628760,-84
1305176632254,-84
1305176636038,-84
1305176641795,-86
1305176647130,-86
1305176650381,-87
1305176654649,-84
1305176657532,-84
1305176662376,-83
1305176666991,-87
1305176671251,-84
1305176675336,-85
1305176678097,-86
1305176682990,-85
1305176687453,-84
1305176691454,-91
1305176695215,-85
1305176698282,-88
1305176703090,-82
1305176707231,-84
1305176710637,-84
1305176714252,-83
1305176717480,-92
1305176722717,-84
1305176726123,-86
1305176729617,-86
1305176733718,-86
1305176737171,-83
1305176742382,-92
1305176746181,-83
1305176750079,-87
1305176754144,-83
1305176757868,-83
1305176763282,-85
1305176767085,-87
1305176770765,-87
1305176774290,-86
1305176778027,-87
1305176783879,-85
1305176787399,-84
1305176791048,-87
1305176794483,-82
1305176798551,-83
1305176803745,-84
1305176806776,-82
1305176810567,-88
1305176814333,-92
1305176817749,-83
1305176822713,-92
1305176825708,-87
1305176829595,-86
1305176832682,-84
1305176836137,-83
1305176841015,-85
1305176844428,-84
1305176848486,-83
1305176851582,-82
1305176855522,-85
1305176860127,-82
1305176863774,-85
1305176867791,-85
1305176871017,-85
1305176874512,-84
1305176879857,-84
1305176882623,-85
1305176886312,-84
1305176889722,-83
1305176893214,-84
1305176896720,-84
1305176899988,-84
1305176904845,-85
1305176908366,-85
1305176911896,-84
1305176915461,-87
1305176918917,-85
1305176923203,-85
1305176926899,-86
1305176930519,-82
1305176933961,-89
1305176937512,-87
1305176941020,-86
1305176945475,-83
1305176949141,-88
1305176952494,-85
1305176955792,-84
1305176959295,-86
1305176963004,-87
1305176967950,-87
1305176971739,-86
1305176975388,-85
1305176978927,-86
1305176982650,-90
1305176986238,-84
1305176990833,-86
1305176994878,-84
1305176998243,-86
1305177001826,-83
1305177005223,-85
1305177008713,-89
1305177013712,-84
1305177017421,-86
1305177020240,-84
1305177024245,-85
1305177027748,-84
1305177031174,-85
1305177036325,-86
1305177040049,-89
1305177043405,-87
1305177047232,-86
1305177050801,-92
1305177054190,-92
1305177058628,-84
1305177062108,-86
1305177065536,-92
1305177068714,-84
1305177072174,-85
1305177075419,-85
1305177080041,-86
1305177084475,-87
1305177087618,-85
1305177092189,-82
1305177095712,-82
1305177099215,-84
1305177103992,-84
1305177108420,-86
1305177111076,-86
1305177115667,-85
1305177118800,-85
1305177122277,-86
1305177127587,-83
1305177131543,-82
1305177134563,-85
1305177138468,-86
1305177141024,-83
1305177145002,-86
1305177149934,-84
1305177153908,-86
1305177156906,-83
1305177160681,-83
1305177163393,-84
1305177167302,-86
1305177171470,-85
1305177175206,-86
1305177177965,-87
1305177181502,-86
1305177184193,-84
1305177187860,-85
1305177192098,-85
1305177195500,-87
1305177198521,-83
1305177202075,-85
1305177205063,-83
1305177208998,-86
1305177213569,-86
1305177217345,-86
1305177220701,-84
1305177224340,-87
1305177227652,-85
1305177231452,-86
1305177235682,-87
1305177239908,-86
1305177243335,-86
1305177247327,-87
1305177250840,-84
1305177254481,-87
1305177258982,-86
1305177261542,-86
1305177264292,-86
1305177267584,-87
1305177271513,-84
1305177274831,-92
1305177277987,-86
1305177282330,-86
1305177285376,-84
1305177288211,-87
1305177291398,-84
1305177294636,-86
1305177297823,-85
1305177301329,-86
1305177306055,-85
1305177309072,-88
1305177311865,-87
1305177315011,-86
1305177318284,-88
1305177321249,-90
1305177324524,-85
1305177328840,-85
1305177332318,-88
1305177335136,-86
1305177338491,-85
1305177341816,-87
1305177344908,-86
1305177348250,-84
1305177353089,-86
1305177356033,-85
1305177359229,-86
1305177362391,-86
1305177366017,-84
1305177368968,-84
1305177372486,-84
1305177377050,-84
1305177380295,-88
1305177382733,-88
1305177386796,-85
1305177389885,-84
1305177393003,-86
1305177396506,-86
1305177401605,-86
1305177404823,-87
1305177407413,-86
1305177411006,-87
1305177414960,-86
1305177417284,-86
1305177420737,-86
1305177425246,-87
1305177428749,-88
1305177431800,-85
1305177435330,-84
1305177438955,-85
1305177441808,-84
1305177445322,-87
1305177450526,-86
1305177454190,-86
1305177457647,-88
1305177461536,-84
1305177465582,-88
1305177468522,-85
1305177472257,-86
1305177476920,-87
1305177480804,-86
1305177483793,-84
1305177487430,-85
1305177491198,-84
1305177494270,-86
1305177497778,-85
1305177502268,-87
1305177505747,-84
1305177508826,-86
1305177512464,-87
1305177515837,-86
1305177518675,-87
1305177522006,-82
1305177526771,-85
1305177530221,-86
1305177533615,-87
1305177537273,-84
1305177540856,-84
1305177544469,-83
1305177547773,-87
1305177552274,-86
1305177556155,-86
1305177559973,-87
1305177563540,-85
1305177567334,-85
1305177570574,-85
1305177573604,-87
1305177578040,-86
1305177582444,-85
1305177586021,-86
1305177589321,-86
1305177592914,-85
1305177596088,-84
1305177598792,-87
1305177603363,-86
1305177606832,-87
1305177610101,-85
1305177613692,-86
1305177617296,-85
1305177620510,-86
1305177623243,-86
1305177627893,-83
1305177631261,-87
1305177635072,-86
1305177638095,-86
1305177641858,-86
1305177645565,-87
1305177648407,-86
1305177652697,-85
1305177656120,-86
1305177659257,-87
1305177662613,-86
1305177666479,-85
1305177669572,-86
1305177672624,-87
1305177677186,-89
1305177680776,-86
1305177683343,-86
1305177687488,-85
1305177691166,-87
1305177694461,-86
1305177697289,-87
1305177701784,-87
1305177705400,-86
1305177708432,-85
1305177712010,-86
1305177715640,-88
1305177718556,-86
1305177721466,-85
1305177726321,-85
1305177729352,-87
1305177732098,-84
1305177735312,-86
1305177738570,-87
1305177741777,-85
1305177744860,-85
1305177749670,-86
1305177752721,-85
1305177755682,-86
1305177759027,-86
1305177762780,-92
1305177765740,-86
1305177768712,-86
1305177773591,-87
1305177777005,-84
1305177780312,-86
1305177783419,-86
1305177786856,-84
1305177789813,-87
1305177793077,-85
1305177798047,-86
1305177801336,-87
1305177803451,-87
1305177805857,-86
1305177809266,-87
1305177812654,-92
1305177815538,-86
1305177818681,-86
1305177823926,-87
1305177827153,-86
1305177830410,-86
1305177833426,-84
1305177846370,-87
1305177849854,-86
1305177854290,-84
1305177857382,-86
1305177862968,-88
1305177866508,-83
1305177869624,-84
1305177877500,-85
1305177879787,-85
1305177883147,-85
1305177885794,-85
1305177888483,-85
1305177893074,-85
1305177897031,-87
1305177899796,-86
1305177905076,-86
1305177907578,-88
1305177910865,-86
1305177913413,-85
1305177916350,-86
1305177922002,-85
1305177925461,-84
1305177928193,-86
1305177931635,-87
1305177934936,-84
1305177938081,-85
1305177941086,-87
1305177944204,-86
1305177949554,-86
1305177954067,-87
1305177958687,-85
1305177961694,-85
1305177973701,-85
1305177981803,-87
1305177985413,-84
1305177988350,-87
1305177993521,-85
1305177998249,-87
1305178005714,-85
1305178008371,-85
1305178010285,-85
1305178015200,-85
1305178017829,-87
1305178021115,-87
1305178023794,-86
1305178036432,-87
1305178040166,-86
1305178046490,-85
1305178049098,-85
1305178051743,-86
1305178055695,-85
1305178059041,-87
1305178062739,-85
1305178069134,-87
1305178072912,-85
1305178077428,-85
1305178082427,-87
1305178085498,-85
1305178093252,-85
1305178096859,-86
1305178099769,-86
1305178106526,-86
1305178113580,-86
1305178117410,-86
1305178121000,-86
1305178124749,-86
1305178130011,-85
1305178132809,-87
1305178136976,-85
1305178139805,-85
1305178145501,-87
1305178149277,-86
1305178159661,-87
1305178170696,-86
1305178173814,-86
1305178178488,-86
1305178181480,-87
1305178184302,-88
1305178187976,-87
1305178193897,-86
1305178199856,-87
1305178205753,-88
1305178208420,-86
1305178212130,-86
1305178216326,-86
1305178226258,-86
1305178229163,-85
1305178237349,-86
1305178242126,-86
1305178246931,-87
1305178252170,-85
1305178256494,-86
1305178261781,-87
1305178272513,-87
1305178281492,-85
1305178286239,-88
1305178301855,-92
1305178310468,-92
1305178313709,-87
1305178317322,-86
1305178322452,-86
1305178325989,-85
1305178329439,-85
1305178334650,-87
1305178344934,-85
1305178358630,-85
1305178364890,-87
1305178366911,-87
1305178370373,-84
1305178376268,-85
1305178382377,-86
1305178385024,-85
1305178390061,-86
1305178393558,-84
1305178406679,-86
1305178416294,-86
1305178420222,-86
1305178424923,-84
1305178433596,-86
1305178439346,-85
1305178444585,-86
1305178446944,-86
1305178450025,-87
1305178454324,-87
1305178462256,-87
1305178467156,-86
1305178469495,-86
1305178471460,-92
1305178482080,-87
1305178484072,-87
1305178488739,-88
1305178493730,-85
1305178495916,-85
1305178498528,-87
1305178501227,-85
1305178506230,-86
1305178509394,-86
1305178513914,-87
1305178516354,-87
1305178519415,-83
1305178522218,-89
1305178526334,-83
1305178528194,-83
1305178533592,-86
1305178540663,-86
1305178543444,-90
1305178548257,-86
1305178551996,-82
1305178554831,-87
1305178558513,-87
1305178561371,-83
1305178563952,-85
1305178566725,-86
1305178570295,-86
1305178572601,-86
1305178579063,-82
1305178581614,-85
1305178585802,-86
1305178588867,-86
1305178592078,-87
1305178601377,-87
1305178605304,-87
1305178608166,-83
1305178610993,-87
1305178613837,-85
1305178617199,-84
1305178620260,-87
1305178625994,-92
1305178629351,-85
1305178632722,-88
1305178635713,-88
1305178641678,-85
1305178643766,-85
1305178646123,-88
1305178649276,-86
1305178651903,-86
1305178654544,-85
1305178657213,-86
1305178669815,-81
1305178672760,-86
1305178676925,-86
1305178680090,-86
1305178683299,-92
1305178686001,-92
1305178690247,-86
1305178692818,-86
1305178695528,-88
1305178698178,-87
1305178701044,-86
1305178703535,-85
1305178709759,-87
1305178712071,-87
1305178717207,-92
1305178720129,-88
1305178730478,-88
1305178764121,-85
1305178766875,-85
1305178770659,-85
1305178773401,-85
1305178776745,-86
1305178779620,-87
1305178783593,-87
1305178786074,-92
1305178795522,-85
1305178799642,-87
1305178803821,-86
1305178811333,-86
1305178823234,-86
1305178825643,-86
1305178828100,-86
1305178831497,-87
1305178834241,-87
1305178839785,-85
1305178842901,-85
1305178847436,-85
1305178850546,-88
1305178855234,-86
1305178875933,-87
1305178878491,-87
1305178883161,-88
1305178889383,-87
1305178891916,-87
1305178894796,-87
1305178898502,-86
1305178905092,-82
1305178911198,-86
1305178914627,-86
1305178919552,-87
1305178927536,-85
1305178936992,-89
1305178940101,-89
1305178942540,-92
1305178946176,-88
1305178949988,-83
1305178952733,-83
1305178956115,-90
1305178960444,-87
1305178983440,-87
1305178992456,-85
1305178997909,-85
1305179003207,-92
1305179005857,-87
1305179010832,-88
1305179013808,-88
1305179016330,-88
1305179020229,-86
1305179024056,-88
1305179027625,-86
1305179030366,-86
1305179039707,-85
1305179042787,-86
1305179047722,-86
1305179050540,-82
1305179053750,-85
1305179056242,-85
1305179059747,-86
1305179062588,-86
1305179065023,-85
1305179069367,-84
1305179071329,-84
1305179074012,-87
1305179076271,-87
1305179081164,-86
1305179084466,-87
1305179088516,-88
1305179091809,-86
1305179094860,-86
1305179097808,-86
1305179100993,-87
1305179103910,-88
1305179106710,-88
1305179111514,-88
1305179115917,-88
1305179119861,-86
1305179122460,-86
1305179126434,-88
1305179129773,-86
1305179133520,-86
1305179136583,-84
1305179139494,-87
1305179142368,-87
1305179154055,-86
1305179156496,-87
1305179162690,-87
1305179165890,-87
1305179169120,-87
1305179171316,-87
1305179174390,-87
1305179177276,-87
1305179180182,-87
1305179183040,-87
1305179190123,-86
1305179192107,-86
1305179194525,-88
1305179197544,-87
1305179199902,-87
1305179202912,-86
1305179206952,-86
1305179210594,-89
1305179215162,-89
1305179218487,-87
1305179221438,-87
1305179224738,-86
1305179227834,-86
1305179233076,-84
1305179235920,-84
1305179238885,-88
1305179241945,-88
1305179246975,-86
1305179249239,-86
1305179252013,-86
1305179255972,-87
1305179258831,-87
1305179261880,-86
1305179264357,-86
1305179270736,-86
1305179274725,-87
1305179278566,-89
1305179281615,-88
1305179284392,-87
1305179287520,-86
1305179291404,-88
1305179294030,-88
1305179296584,-88
1305179300168,-84
1305179303271,-84
1305179307932,-86
1305179310300,-86
1305179313566,-87
1305179316761,-87
1305179320092,-87
1305179322543,-87
1305179326653,-85
1305179342230,-85
1305179346144,-86
1305179350332,-87
1305179353259,-87
1305179356561,-88
1305179360139,-88
1305179363870,-88
1305179366660,-86
1305179369741,-91
1305179372709,-86
1305179375335,-86
1305179384314,-90
1305179386220,-90
1305179389039,-87
1305179393912,-88
1305179397800,-88
1305179402204,-86
1305179405164,-87
1305179407920,-87
1305179410612,-86
1305179413637,-87
1305179416379,-83
1305179419002,-87
1305179421252,-87
1305179426107,-88
1305179428502,-88
1305179433914,-86
1305179436143,-86
1305179439475,-85
1305179442333,-85
1305179445366,-87
1305179448071,-87
1305179452520,-88
1305179455134,-88
1305179464247,-89
1305179466638,-87
1305179469316,-89
1305179474915,-87
1305179477472,-87
1305179481837,-86
1305179484395,-86
1305179487741,-92
1305179490384,-86
1305179493289,-87
1305179497056,-85
1305179503613,-89
1305179505705,-89
1305179508451,-88
1305179511640,-86
1305179514720,-85
1305179525455,-86
1305179528230,-86
1305179533085,-85
1305179536070,-86
1305179538899,-87
1305179541665,-87
1305179544692,-86
1305179547998,-89
1305179552974,-87
1305179555185,-87
1305179558150,-87
1305179564835,-91
1305179566957,-91
1305179568996,-87
1305179572558,-88
1305179574666,-88
1305179580549,-87
1305179607772,-92
1305179610772,-90
1305179614033,-90
1305179616882,-86
1305179619413,-92
1305179622649,-89
1305179625149,-89
1305179628167,-87
1305179632593,-88
1305179635432,-86
1305179642759,-86
1305179646128,-88
1305179648595,-88
1305179660778,-83
1305179663100,-83
1305179665227,-84
1305179667585,-90
1305179671814,-86
1305179673887,-86
1305179676341,-87
1305179678857,-86
1305179681354,-88
1305179684763,-92
1305179688612,-88
1305179694257,-85
1305179701472,-87
1305179705187,-88
1305179715433,-87
1305179718034,-87
1305179720763,-87
1305179724162,-87
1305179727321,-87
1305179729763,-84
1305179732954,-84
1305179735826,-90
1305179738685,-84
1305179741563,-85
1305179746922,-86
1305179752135,-88
1305179758862,-86
1305179761139,-86
1305179766583,-87
1305179793055,-87
1305179805006,-86
1305179808213,-89
1305179810309,-89
1305179814269,-89
1305179817004,-87
1305179819689,-87
1305179828302,-87
1305179831419,-86
1305179835425,-87
1305179840130,-86
1305179845216,-87
1305179849697,-88
1305179862498,-85
1305179867725,-84
1305179870983,-87
1305179873337,-87
1305179876847,-92
1305179879783,-92
1305179885248,-88
1305179890327,-88
1305179892788,-86
1305179900258,-88
1305179902779,-88
1305179905630,-86
1305179909502,-89
1305179912027,-89
1305179914138,-86
1305179919013,-86
1305179923082,-88
1305179927327,-89
1305179930334,-85
1305179933384,-87
1305179936189,-87
1305179940874,-90
1305179943448,-90
1305179948698,-86
1305179960508,-87
1305179963139,-87
1305179966997,-88
1305179974180,-88
1305179976817,-89
1305179978533,-88
1305179982764,-86
1305179986212,-86
1305179989344,-87
1305179992098,-89
1305179995380,-86
1305179998110,-88
1305180001680,-87
1305180004388,-92
1305180011356,-87
1305180013907,-87
1305180018782,-90
1305180021092,-90
1305180024244,-89
1305180026372,-89
1305180028456,-86
1305180031778,-85
1305180034401,-85
1305180037483,-86
1305180040305,-86
1305180043105,-87
1305180045385,-87
1305180048659,-87
1305180053224,-87
1305180055692,-87
1305180058254,-89
1305180062026,-87
1305180064723,-87
1305180067545,-89
1305180073416,-86
1305180081842,-86
1305180086462,-92
1305180088636,-92
1305180092115,-86
1305180095424,-88
1305180098124,-88
1305180100720,-86
1305180104320,-86
1305180107796,-90
1305180110660,-92
1305180113140,-92
1305180116530,-90
1305180120944,-88
1305180123469,-88
1305180128698,-88
1305180131538,-88
1305180136703,-86
1305180139518,-86
1305180143020,-87
1305180145890,-87
1305180148516,-90
1305180151442,-92
1305180154067,-92
1305180157214,-89
1305180159915,-89
1305180162414,-89
1305180165302,-86
1305180168905,-88
1305180171322,-88
1305180175532,-88
1305180178596,-88
1305180183385,-87
1305180186268,-87
1305180190653,-86
1305180193812,-86
1305180196363,-90
1305180199211,-87
1305180201293,-87
1305180204571,-87
1305180207567,-87
1305180210500,-88
1305180213757,-89
1305180217194,-86
1305180219887,-86
1305180223442,-86
1305180225747,-86
1305180229519,-89
1305180232588,-88
1305180235929,-90
1305180238309,-90
1305180241167,-86
1305180244116,-86
1305180246921,-86
1305180250277,-82
1305180253402,-82
1305180256522,-85
1305180259474,-87
1305180262712,-87
1305180265704,-86
1305180269049,-86
1305180271611,-86
1305180275618,-88
1305180278808,-92
1305180281292,-87
1305180284031,-84
1305180286937,-86
1305180289981,-86
1305180293319,-89
1305180295956,-89
1305180299468,-92
1305180301770,-92
1305180305089,-88
1305180308052,-84
1305180312713,-87
1305180315731,-84
1305180318559,-85
1305180320987,-85
1305180323776,-85
1305180326737,-86
1305180329216,-92
1305180331765,-86
1305180334637,-85
1305180338354,-87
1305180341838,-92
1305180344449,-86
1305180347461,-82
1305180350319,-82
1305180353158,-85
1305180356514,-87
1305180359194,-87
1305180361492,-88
1305180364059,-90
1305180366853,-84
1305180370484,-86
1305180373484,-87
1305180387510,-87
1305180390849,-85
1305180396173,-85
1305180399514,-86
1305180402350,-86
1305180405461,-86
1305180408166,-85
1305180411016,-86
1305180414412,-86
1305180417890,-87
1305180420578,-88
1305180423330,-83
1305180426217,-86
1305180429005,-86
1305180433138,-86
1305180441215,-87
1305180443828,-87
1305180447241,-92
1305180449743,-92
1305180452278,-87
1305180455215,-88
1305180457818,-85
1305180460456,-85
1305180463289,-86
1305180466383,-88
1305180469304,-86
1305180471668,-86
1305180473870,-85
1305180476825,-86
1305180479271,-86
1305180483316,-89
1305180488179,-87
1305180490686,-87
1305180493810,-88
1305180497036,-85
1305180499883,-85
1305180502267,-87
1305180504992,-89
1305180507627,-86
1305180510081,-92
1305180512423,-86
1305180514913,-85
1305180517921,-84
1305180520220,-84
1305180523010,-92
1305180525276,-92
1305180528931,-90
1305180532519,-91
1305180534661,-91
1305180537179,-92
1305180539781,-92
1305180542321,-89
1305180545088,-87
1305180547959,-86
1305180550790,-90
1305180553153,-90
1305180555560,-87
1305180558150,-88
1305180561160,-92
1305180563379,-92
1305180565799,-86
1305180568580,-86
1305180572463,-88
1305180575498,-88
1305180577961,-90
1305180581034,-92
1305180583292,-92
1305180585701,-87
1305180588191,-87
1305180590675,-92
1305180593449,-87
1305180595931,-87
1305180598837,-87
1305180600927,-87
1305180603602,-87
1305180605967,-86
1305180608503,-88
1305180611360,-88
1305180615732,-83
1305180618282,-83
1305180626986,-86
1305180629959,-89
1305180633619,-89
1305180636320,-86
1305180638939,-85
1305180641883,-90
1305180644751,-86
1305180647662,-92
1305180650329,-84
1305180652748,-84
1305180655686,-92
1305180657936,-92
1305180660882,-92
1305180663500,-92
1305180670391,-85
1305180672462,-85
1305180675281,-84
1305180678736,-92
1305180683335,-89
1305180685952,-89
1305180688558,-85
1305180691230,-92
1305180693878,-84
1305180696326,-86
1305180698822,-86
1305180701282,-86
1305180703979,-82
1305180706109,-82
1305180708573,-86
1305180710709,-86
1305180715261,-86
1305180717724,-86
1305180722173,-85
1305180724524,-85
1305180727316,-87
1305180730287,-88
1305180732414,-88
1305180734914,-87
1305180737440,-86
1305180740604,-86
1305180742963,-86
1305180745468,-86
1305180747870,-86
1305180750329,-85
1305180752766,-85
1305180755129,-85
1305180759452,-87
1305180762402,-87
1305180765941,-87
1305180768271,-87
1305180770685,-86
1305180773729,-87
1305180775776,-87
1305180778148,-88
1305180781040,-86
1305180783677,-88
1305180786247,-88
1305180789069,-87
1305180791654,-87
1305180794238,-88
1305180796970,-84
1305180799225,-92
1305180803263,-92
1305180806098,-92
1305180809684,-84
1305180812328,-84
1305180815209,-87
1305180817971,-86
1305180820470,-86
1305180823197,-86
1305180825904,-86
1305180828538,-87
1305180831096,-87
1305180833815,-86
1305180836830,-86
1305180839709,-90
1305180842285,-88
1305180844589,-86
1305180848420,-88
1305180851179,-87
1305180854023,-86
1305180856944,-86
1305180859578,-86
1305180863125,-90
1305180866783,-92
1305180869251,-92
1305180871706,-92
1305180873939,-89
1305180876092,-85
1305180878677,-84
1305180881335,-84
1305180883877,-87
1305180886663,-85
1305180889178,-89
1305180893064,-85
1305180896056,-87
1305180898764,-85
1305180901863,-89
1305180904909,-87
1305180907772,-86
1305180910305,-86
1305180912730,-88
1305180915266,-84
1305180917632,-89
1305180919560,-90
1305180922742,-86
1305180925276,-86
1305180930518,-86
1305180933422,-87
1305180936174,-87
1305180940550,-85
1305180943353,-89
1305180946142,-87
1305180948811,-87
1305180951396,-87
1305180954255,-88
1305180956734,-88
1305180959257,-88
1305180961770,-88
1305180964171,-88
1305180966759,-88
1305180969251,-86
1305180972057,-88
1305180975827,-87
1305180978613,-89
1305180980878,-89
1305180985246,-86
1305180988608,-86
1305180991626,-92
1305180994170,-92
1305180996727,-87
1305180999707,-85
1305181002676,-85
1305181005747,-88
1305181008652,-88
1305181011436,-90
1305181013986,-88
1305181016382,-88
1305181019003,-86
1305181022339,-87
1305181025223,-87
1305181027948,-89
1305181032121,-87
1305181034932,-87
1305181037905,-87
1305181040678,-89
1305181042501,-87
1305181044740,-86
1305181047504,-92
1305181051408,-94
1305181054168,-90
1305181056797,-92
1305181059265,-87
1305181061824,-87
1305181064404,-88
1305181067369,-87
1305181070409,-89
1305181073445,-89
1305181075898,-89
1305181080119,-88
1305181083487,-88
1305181086790,-92
1305181089060,-92
1305181091397,-87
1305181093616,-92
1305181096663,-86
1305181099390,-86
1305181101993,-87
1305181103917,-89
1305181106414,-90
1305181108747,-92
1305181112533,-92
1305181115403,-88
1305181120210,-86
1305181123318,-86
1305181125987,-86
1305181128383,-92
1305181132219,-85
1305181135002,-92
1305181137303,-87
1305181139942,-87
1305181142710,-88
1305181144916,-87
1305181147760,-87
1305181150388,-88
1305181152711,-88
1305181155161,-90
1305181158415,-88
1305181160579,-88
1305181164373,-88
1305181166357,-88
1305181169283,-87
1305181174618,-88
1305181177495,-88
1305181180119,-96
1305181183571,-86
1305181186195,-86
1305181189035,-86
1305181191463,-86
1305181193857,-89
1305181196412,-87
1305181199231,-87
1305181201870,-87
1305181204270,-87
1305181206748,-89
1305181209501,-92
1305181211937,-92
1305181214863,-89
1305181219044,-88
1305181222241,-88
1305181224736,-87
1305181227175,-85
1305181230008,-90
1305181238328,-90
1305181241410,-87
1305181245015,-86
1305181247797,-86
1305181250556,-88
1305181253161,-87
1305181255933,-92
1305181258336,-88
1305181261018,-87
1305181263638,-87
1305181266424,-86
1305181268942,-86
1305181271793,-87
1305181275215,-88
1305181277789,-88
1305181280470,-88
1305181283418,-90
1305181288033,-84
1305181291009,-92
1305181296152,-92
1305181299236,-87
1305181302226,-87
1305181304881,-87
1305181307399,-87
1305181310122,-89
1305181312984,-89
1305181315941,-87
1305181318247,-86
1305181320887,-88
1305181323633,-88
1305181326459,-87
1305181328861,-89
1305181331592,-89
1305181334762,-86
1305181337732,-86
1305181340572,-87
1305181344101,-87
1305181348363,-88
1305181351096,-88
1305181353009,-87
1305181357148,-87
1305181359700,-92
1305181362312,-87
1305181366222,-87
1305181369013,-88
1305181371511,-88
1305181373817,-87
1305181376581,-88
1305181379196,-89
1305181381833,-88
1305181384371,-87
1305181386818,-88
1305181389310,-92
1305181391473,-88
1305181393638,-87
1305181396599,-87
1305181399121,-86
1305181402841,-86
1305181406297,-88
1305181408615,-88
1305181411275,-86
1305181413971,-88
1305181417977,-88
1305181420262,-88
1305181422755,-87
1305181425726,-87
1305181428290,-87
1305181430759,-86
1305181433620,-87
1305181436135,-86
1305181438552,-86
1305181441069,-87
1305181443678,-86
1305181446351,-89
1305181449030,-87
1305181451396,-87
1305181453478,-88
1305181457060,-87
1305181460666,-88
1305181463315,-88
1305181465884,-89
1305181468780,-88
1305181471538,-88
1305181474137,-90
1305181476911,-86
1305181482747,-86
1305181485935,-86
1305181488333,-86
1305181492282,-85
1305181494879,-85
1305181497458,-87
1305181500247,-92
1305181502818,-92
1305181505245,-89
1305181507530,-88
1305181509993,-90
1305181512490,-92
1305181515886,-85
1305181518635,-89
1305181521012,-89
1305181523380,-87
1305181526238,-85
1305181529441,-87
1305181534480,-88
1305181537173,-88
1305181540770,-87
1305181542653,-87
1305181544993,-86
1305181548757,-87
1305181551275,-92
1305181553655,-86
1305181555889,-92
1305181557997,-88
1305181560398,-87
1305181562727,-89
1305181564993,-88
1305181568534,-92
1305181571624,-92
1305181574506,-87
1305181577014,-89
1305181579831,-88
1305181582690,-86
1305181586216,-85
1305181589607,-87
1305181592147,-87
1305181594759,-86
1305181598273,-88
1305181603460,-88
1305181606065,-88
1305181609652,-89
1305181612201,-89
1305181614760,-85
1305181617348,-88
1305181620180,-87
1305181622798,-92
1305181626635,-88
1305181629359,-86
1305181631740,-86
1305181634241,-87
1305181636930,-92
1305181639057,-92
1305181642049,-87
1305181644845,-89
1305181647529,-89
1305181650285,-92
1305181653722,-87
1305181656520,-87
1305181658789,-87
1305181661573,-87
1305181664106,-88
1305181666518,-88
1305181669052,-85
1305181671870,-87
1305181674690,-88
1305181678218,-87
1305181680936,-87
1305181683435,-85
1305181685742,-86
1305181688142,-92
1305181690264,-85
1305181692849,-88
1305181695601,-85
1305181698385,-92
1305181700501,-92
1305181703344,-89
1305181706025,-89
1305181709167,-84
1305181711177,-84
1305181714101,-87
1305181716099,-87
1305181718483,-89
1305181721480,-88
1305181726363,-85
1305181729997,-92
1305181732929,-92
1305181735619,-88
1305181738169,-84
1305181740882,-88
1305181743621,-87
1305181746330,-86
1305181749458,-92
1305181752318,-92
1305181755056,-86
1305181757939,-87
1305181760379,-87
1305181763258,-85
1305181765575,-85
1305181768320,-85
1305181770888,-85
1305181773758,-85
1305181777376,-86
1305181779556,-86
1305181783749,-87
1305181787681,-87
1305181790729,-88
1305181793343,-87
1305181796215,-87
1305181798765,-87
1305181801620,-82
1305181804365,-87
1305181807161,-85
1305181809620,-85
1305181811988,-86
1305181814387,-85
1305181817110,-87
1305181819510,-87
1305181822081,-86
1305181824556,-86
1305181826952,-87
1305181829818,-88
1305181832063,-88
1305181836373,-88
1305181839581,-84
1305181841585,-84
1305181844155,-86
1305181848183,-87
1305181850836,-87
1305181853564,-86
1305181856314,-87
1305181858911,-87
1305181861492,-92
1305181863660,-87
1305181866361,-87
1305181868757,-87
1305181871285,-89
1305181873807,-89
1305181876202,-86
1305181878652,-88
1305181881243,-88
1305181883668,-88
1305181887751,-87
1305181890457,-88
1305181893711,-87
1305181895718,-87
1305181898585,-87
1305181900844,-87
1305181903359,-86
1305181908631,-86
1305181911462,-87
1305181914063,-87
1305181916501,-85
1305181919030,-86
1305181921717,-87
1305181924335,-86
1305181927115,-85
1305181929545,-86
1305181932034,-90
1305181934931,-85
1305181937372,-85
1305181941498,-88
1305181944375,-88
1305181947487,-86
1305181949804,-86
1305181952586,-87
1305181955119,-87
1305181958645,-86
1305181961306,-84
1305181963681,-84
1305181966093,-83
1305181969382,-85
1305181972390,-92
1305181974767,-86
1305181977281,-88
1305181979717,-88
1305181982286,-85
1305181984991,-86
1305181987684,-86
1305181990135,-86
1305181993999,-86
1305181996782,-86
1305181999428,-88
1305182002002,-85
1305182004336,-87
1305182006799,-85
1305182009837,-85
1305182012385,-87
1305182015599,-86
1305182018087,-86
1305182019923,-87
1305182022029,-89
1305182024650,-92
1305182027145,-91
1305182036244,-87
1305182042682,-87
1305182045016,-87
1305182047394,-86
1305182049879,-88
1305182053735,-83
1305182056492,-83
1305182059141,-82
1305182061581,-86
1305182064403,-84
1305182067328,-84
1305182070104,-86
1305182072656,-88
1305182075507,-88
1305182078130,-88
1305182080549,-87
1305182083330,-87
1305182085816,-86
1305182091074,-88
1305182098687,-89
1305182101824,-86
1305182105211,-86
1305182107622,-86
1305182109822,-87
1305182113474,-87
1305182115912,-87
1305182118360,-86
1305182120939,-88
1305182123480,-88
1305182125853,-85
1305182128228,-92
1305182130889,-85
1305182133408,-87
1305182136001,-87
1305182138498,-87
1305182140937,-90
1305182146378,-88
1305182148339,-88
1305182151224,-92
1305182154875,-92
1305182163841,-92
1305182166149,-92
1305182169321,-89
1305182172596,-86
1305182175181,-86
1305182177784,-90
1305182180288,-87
1305182182589,-90
1305182184919,-87
1305182187643,-84
1305182190233,-85
1305182192946,-86
1305182195448,-86
1305182198033,-89
1305182200775,-89
1305182204571,-87
1305182206605,-87
1305182209112,-86
1305182214415,-86
1305182218153,-86
1305182221427,-86
1305182224053,-86
1305182227415,-84
1305182229958,-84
1305182232374,-90
1305182234905,-86
1305182237441,-85
1305182239800,-87
1305182242420,-92
1305182244799,-92
1305182246843,-88
1305182249237,-92
1305182251384,-88
1305182253901,-86
1305182257096,-86
1305182259370,-86
1305182262033,-92
1305182265708,-88
1305182268768,-87
1305182271424,-87
1305182276614,-89
1305182287109,-92
1305182290437,-85
1305182293822,-85
1305182296322,-87
1305182298762,-88
1305182301272,-88
1305182304188,-86
1305182306309,-85
1305182308869,-87
1305182311274,-87
1305182314282,-86
1305182317125,-87
1305182319881,-85
1305182322551,-85
1305182324981,-85
1305182328132,-87
1305182331197,-87
1305182333887,-87
1305182343318,-86
1305182345460,-86
1305182348464,-87
1305182351759,-87
1305182354074,-87
1305182356518,-86
1305182358916,-89
1305182361300,-85
1305182363570,-89
1305182366072,-85
1305182368710,-89
1305182371091,-85
1305182373518,-87
1305182376049,-88
1305182378719,-88
1305182381102,-86
1305182383594,-87
1305182386632,-86
1305182389000,-86
1305182392322,-86
1305182396257,-86
1305182399384,-86
1305182403068,-88
1305182405659,-85
1305182408044,-89
1305182410520,-89
1305182412803,-88
1305182414989,-86
1305182417025,-87
1305182419260,-86
1305182421752,-92
1305182424089,-85
1305182426894,-85
1305182429293,-86
1305182431716,-82
1305182434000,-88
1305182436799,-89
1305182439358,-87
1305182441495,-86
1305182444288,-86
1305182447844,-86
1305182450195,-86
1305182453854,-87
1305182456038,-87
1305182459281,-87
1305182462141,-89
1305182466900,-87
1305182469501,-87
1305182472585,-87
1305182475395,-87
1305182478134,-85
1305182480680,-90
1305182483043,-92
1305182485124,-89
1305182487511,-87
1305182490076,-86
1305182492589,-87
1305182495298,-92
1305182497425,-84
1305182499715,-87
1305182502523,-92
1305182504470,-92
1305182507528,-89
1305182509908,-89
1305182513826,-85
1305182516054,-85
1305182519354,-88
1305182521721,-88
1305182524266,-88
1305182528074,-88
1305182530316,-86
1305182533628,-89
1305182535651,-89
1305182537971,-87
1305182540275,-87
1305182542656,-88
1305182545175,-87
1305182547380,-86
1305182549879,-87
1305182552145,-86
1305182554728,-88
1305182556889,-87
1305182560652,-87
1305182563276,-87
1305182566422,-87
1305182569811,-87
1305182571629,-87
1305182573609,-85
1305182576776,-92
1305182579031,-92
1305182582244,-87
1305182584874,-86
1305182608016,-87
1305182614683,-88
1305182617521,-88
1305182620166,-87
1305182622690,-89
1305182625192,-88
1305182627710,-91
1305182631150,-90
1305182633776,-90
1305182636322,-80
1305182639917,-85
1305182642538,-85
1305182645176,-87
1305182649100,-87
1305182651602,-85
1305182654336,-86
1305182657065,-89
1305182659664,-88
1305182662396,-92
1305182671093,-86
1305182672937,-86
1305182676459,-87
1305182679024,-87
1305182681209,-86
1305182683237,-86
1305182685336,-88
1305182687330,-86
1305182689679,-88
1305182692061,-88
1305182694352,-88
1305182696378,-92
1305182699801,-86
1305182702902,-85
1305182705108,-85
1305182708588,-86
1305182711168,-86
1305182713591,-87
1305182716223,-85
1305182718896,-87
1305182721256,-87
1305182725696,-88
1305182727619,-88
1305182730515,-86
1305182733213,-86
1305182735688,-88
1305182737961,-88
1305182740339,-92
1305182743378,-86
1305182746352,-86
1305182749265,-88
1305182751666,-89
1305182754684,-92
1305182757671,-88
1305182760665,-88
1305182764329,-87
1305182766248,-87
1305182767864,-91
1305182771735,-87
1305182774306,-87
1305182776825,-88
1305182779481,-90
1305182782796,-85
1305182785205,-85
1305182788000,-86
1305182790387,-86
1305182793407,-87
1305182795910,-87
1305182798271,-87
1305182801107,-86
1305182803875,-86
1305182806208,-86
1305182808767,-88
1305182810944,-88
1305182814391,-86
1305182816918,-86
1305182819633,-86
1305182822456,-86
1305182824681,-86
1305182827449,-89
1305182830312,-88
1305182841263,-88
1305182846339,-92
1305182850321,-85
1305182852941,-85
1305182856152,-92
1305182858547,-92
1305182860627,-87
1305182863440,-86
1305182865807,-86
1305182868384,-86
1305182871021,-85
1305182873404,-87
1305182875922,-85
1305182878125,-86
1305182881686,-85
1305182884274,-85
1305182886816,-87
1305182889610,-86
1305182894843,-86
1305182898595,-84
1305182903937,-87
1305182907701,-86
1305182909742,-86
1305182912493,-86
1305182915000,-87
1305182917440,-87
1305182919704,-92
1305182921384,-87
1305182923820,-83
1305182926221,-86
1305182928933,-92
1305182931301,-87
1305182933543,-92
1305182935640,-87
1305182938040,-84
1305182941514,-84
1305182943849,-84
1305182946282,-86
1305182949255,-87
1305182952017,-87
1305182954532,-85
1305182959989,-87
1305182964025,-84
1305182966090,-84
1305182968314,-85
1305182970603,-88
1305182972692,-85
1305182975066,-92
1305182977061,-92
1305182979260,-90
1305182982005,-85
1305182984021,-92
1305182986284,-92
1305182988476,-92
1305182990964,-92
1305182992889,-92
1305182996250,-86
1305182998778,-86
1305183001180,-86
1305183004094,-91
1305183006582,-91
1305183009656,-92
1305183013510,-85
1305183017403,-85
1305183019410,-90
1305183021752,-84
1305183024362,-86
1305183027010,-86
1305183029318,-87
1305183032145,-85
1305183034411,-85
1305183036857,-92
1305183040352,-85
1305183043474,-86
1305183045728,-86
1305183048983,-85
1305183051416,-85
1305183053669,-88
1305183056323,-88
1305183058946,-89
1305183061581,-92
1305183064717,-88
1305183067570,-88
1305183070309,-91
1305183073079,-85
1305183075989,-91
1305183078824,-91
1305183093860,-85
1305183098420,-87
1305183101309,-87
1305183104354,-92
1305183107127,-90
1305183110277,-92
1305183114023,-92
1305183116177,-92
1305183118459,-85
1305183121018,-92
1305183123481,-92
1305183125793,-85
1305183128628,-87
1305183131678,-86
1305183133999,-92
1305183137017,-85
1305183151303,-87
1305183153590,-87
1305183156626,-85
1305183162452,-86
1305183164953,-86
1305183167392,-92
1305183169897,-92
1305183172678,-92
1305183176439,-87
1305183178714,-87
1305183181197,-86
1305183183620,-85
1305183186220,-92
1305183189017,-87
1305183191904,-85
1305183194142,-85
1305183196397,-89
1305183201348,-88
1305183205781,-92
1305183208762,-92
1305183212272,-87
1305183215192,-87
1305183217661,-92
1305183220193,-92
1305183222332,-86
1305183224949,-86
1305183228531,-86
1305183230752,-86
1305183232999,-86
1305183235678,-88
1305183238188,-87
1305183240668,-86
1305183243115,-92
1305183245287,-89
1305183248531,-84
1305183251148,-84
1305183254946,-89
1305183257935,-89
1305183263015,-87
1305183266673,-85
1305183269527,-87
1305183272382,-86
1305183275021,-87
1305183277571,-86
1305183281518,-86
1305183283988,-86
1305183286816,-89
1305183289149,-87
1305183291630,-86
1305183294287,-86
1305183296640,-87
1305183299045,-87
1305183301920,-85
1305183304431,-85
1305183307158,-86
1305183310793,-92
1305183313860,-92
1305183316515,-92
1305183319242,-84
1305183321708,-86
1305183324414,-87
1305183328463,-92
1305183331194,-84
1305183333751,-84
1305183336521,-85
1305183338973,-91
1305183341794,-86
1305183344453,-88
1305183347095,-87
1305183349449,-86
1305183351662,-92
1305183354040,-84
1305183356642,-87
1305183359433,-92
1305183362347,-86
1305183364744,-86
1305183367384,-92
1305183369741,-92
1305183372216,-86
1305183374609,-86
1305183378626,-86
1305183380999,-86
1305183383319,-85
1305183385802,-87
1305183388497,-85
1305183390779,-88
1305183393201,-89
1305183395744,-88
1305183398027,-90
1305183400605,-92
1305183402849,-90
1305183405098,-89
1305183407716,-88
1305183410228,-87
1305183412900,-86
1305183415347,-87
1305183418990,-92
1305183421850,-86
1305183425124,-90
1305183427543,-87
1305183430410,-90
1305183433346,-87
1305183436078,-85
1305183438608,-84
1305183441203,-87
1305183443603,-87
1305183446606,-86
1305183449094,-86
1305183451767,-89
1305183454081,-87
1305183457105,-88
1305183460078,-86
1305183462937,-86
1305183466017,-89
1305183468668,-92
1305183471206,-92
1305183474454,-88
1305183477133,-88
1305183480039,-85
1305183482881,-85
1305183485318,-85
1305183487669,-87
1305183490688,-88
1305183493449,-86
1305183496163,-86
1305183498838,-92
1305183501362,-87
1305183504171,-86
1305183507004,-86
1305183509759,-92
1305183511823,-86
1305183514448,-85
1305183517172,-88
1305183519787,-88
1305183523449,-86
1305183526211,-86
1305183528736,-86
1305183531417,-86
1305183533847,-86
1305183536457,-92
1305183538837,-92
1305183541335,-85
1305183544242,-85
1305183547049,-88
1305183549870,-92
1305183552375,-92
1305183554891,-89
1305183556951,-92
1305183559153,-85
1305183561742,-85
1305183564438,-85
1305183566911,-85
1305183570604,-92
1305183573190,-92
1305183580794,-86
1305183584216,-85
1305183587074,-85
1305183590786,-86
1305183593390,-92
1305183595913,-89
1305183598759,-83
1305183601487,-83
1305183604267,-87
1305183606999,-86
1305183609871,-85
1305183612874,-85
1305183615182,-84
1305183617744,-86
1305183619954,-86
1305183625249,-86
1305183627532,-86
1305183630644,-86
1305183634630,-87
1305183636957,-87
1305183639886,-92
1305183643711,-92
1305183646220,-87
1305183648904,-92
1305183651248,-92
1305183653734,-87
1305183656504,-92
1305183659058,-86
1305183661512,-87
1305183663968,-85
1305183666367,-86
1305183668934,-92
1305183672740,-86
1305183675214,-86
1305183678897,-85
1305183681407,-85
1305183684233,-91
1305183688059,-85
1305183690693,-85
1305183693528,-92
1305183696490,-92
1305183699279,-92
1305183701650,-86
1305183704128,-85
1305183706510,-92
1305183708882,-87
1305183711714,-88
1305183713845,-88
1305183716159,-87
1305183719883,-92
1305183722340,-92
1305183725483,-85
1305183728333,-92
1305183730832,-89
1305183733543,-89
1305183735903,-90
1305183738464,-89
1305183740831,-89
1305183742975,-92
1305183745440,-86
1305183747826,-86
1305183750605,-86
1305183753397,-92
1305183755959,-87
1305183758520,-87
1305183760993,-90
1305183764530,-85
1305183767284,-85
1305183770126,-85
1305183772533,-85
1305183775225,-89
1305183777767,-89
1305183780088,-85
1305183782740,-88
1305183785551,-88
1305183788374,-92
1305183790880,-86
1305183793627,-88
1305183796777,-86
1305183800151,-86
1305183802346,-86
1305183804609,-86
1305183808245,-88
1305183810999,-87
1305183813785,-87
1305183816441,-87
1305183819267,-87
1305183822003,-86
1305183824515,-86
1305183827546,-87
1305183830389,-86
1305183833271,-86
1305183836114,-92
1305183838226,-85
1305183841212,-87
1305183844358,-86
1305183846953,-86
1305183849436,-86
1305183853060,-92
1305183855614,-89
1305183858553,-85
1305183861213,-85
1305183863613,-85
1305183866217,-86
1305183868583,-92
1305183870998,-92
1305183873523,-90
1305183876457,-90
1305183878856,-87
1305183881254,-92
1305183883813,-85
1305183886479,-85
1305183889242,-86
1305183891319,-86
1305183894677,-90
1305183897350,-92
1305183899665,-92
1305183902255,-92
1305183904603,-87
1305183907081,-90
1305183909491,-93
1305183911843,-93
1305183915158,-92
1305183917621,-86
1305183920224,-86
1305183922924,-92
1305183925702,-92
1305183927723,-92
1305183930201,-89
1305183932988,-87
1305183936441,-86
1305183939222,-89
1305183942050,-89
1305183944996,-89
1305183947650,-88
1305183949841,-84
1305183952567,-92
1305183955066,-92
1305183957772,-87
1305183960600,-87
1305183963204,-82
1305183965889,-82
1305183968682,-86
1305183971306,-87
1305183973707,-85
1305183976088,-92
1305183979194,-92
1305183982176,-92
1305183984753,-87
1305183986871,-87
1305183989428,-86
1305183992033,-86
1305183994782,-92
1305183997412,-85
1305184000433,-87
1305184003174,-90
1305184006201,-84
1305184014520,-86
1305184016771,-86
1305184019299,-86
1305184022304,-87
1305184024624,-87
1305184028148,-89
1305184030918,-92
1305184033693,-92
1305184035958,-92
1305184038564,-92
1305184041127,-92
1305184043472,-88
1305184046040,-92
1305184047998,-92
1305184049993,-92
1305184055399,-87
1305184057113,-87
1305184059897,-92
1305184061462,-92
1305184063669,-92
1305184066073,-85
1305184068951,-85
1305184072558,-90
1305184077146,-86
1305184080262,-86
1305184082899,-86
1305184085672,-92
1305184087681,-92
1305184089904,-85
1305184092520,-87
1305184094997,-92
1305184097172,-86
1305184100532,-86
1305184102951,-86
1305184105611,-87
1305184107605,-87
1305184109907,-89
1305184112593,-86
1305184115004,-86
1305184119192,-86
1305184121859,-84
1305184124623,-87
1305184127344,-87
1305184130060,-90
1305184132544,-90
1305184135189,-87
1305184137862,-86
1305184140137,-86
1305184142403,-85
1305184145653,-85
1305184148461,-86
1305184151216,-86
1305184153760,-89
1305184156172,-92
1305184158930,-86
1305184161218,-86
1305184164993,-86
1305184167490,-86
1305184170328,-86
1305184172289,-86
1305184174850,-86
1305184177308,-92
1305184179536,-86
1305184182117,-86
1305184184539,-86
1305184186881,-88
1305184190917,-90
1305184193962,-86
1305184197021,-92
1305184199167,-92
1305184201590,-85
1305184206640,-85
1305184209242,-85
1305184213246,-85
1305184215945,-85
1305184218783,-88
1305184221100,-88
1305184223739,-86
1305184226085,-86
1305184228703,-85
1305184231401,-85
1305184234023,-85
1305184237295,-86
1305184240412,-86
1305184243922,-87
1305184246483,-87
1305184250278,-88
1305184254149,-85
1305184256951,-92
1305184259666,-92
1305184263821,-87
1305184266412,-87
1305184269107,-86
1305184271942,-86
1305184274700,-85
1305184277270,-85
1305184280067,-87
1305184282841,-87
1305184285734,-84
1305184288477,-86
1305184291005,-86
1305184293755,-82
1305184296680,-92
1305184299204,-86
1305184302077,-86
1305184304534,-85
1305184306885,-85
1305184311904,-88
1305184314698,-88
1305184317295,-87
1305184319833,-84
1305184322447,-84
1305184325117,-92
1305184327775,-84
1305184330463,-84
1305184333079,-85
1305184335360,-85
1305184337881,-86
1305184340307,-86
1305184342637,-92
1305184344952,-88
1305184346833,-86
1305184349694,-85
1305184352403,-88
1305184356674,-92
1305184358573,-92
1305184360599,-88
1305184363447,-92
1305184365682,-92
1305184367794,-87
1305184370741,-87
1305184373072,-87
1305184375391,-92
1305184377978,-84
1305184380801,-89
1305184382948,-87
1305184385523,-87
1305184387934,-87
1305184390054,-88
1305184393025,-88
1305184395621,-88
1305184399556,-88
1305184401771,-88
1305184404343,-88
1305184407442,-89
1305184410414,-88
1305184412722,-88
1305184416147,-87
1305184418136,-87
1305184420716,-88
1305184423513,-86
1305184425321,-86
1305184427718,-86
1305184430399,-86
1305184433085,-85
1305184446246,-90
1305184449086,-86
1305184453538,-87
1305184457105,-86
1305184459737,-86
1305184462410,-89
1305184465306,-84
1305184467797,-92
1305184470167,-92
1305184472779,-90
1305184475123,-90
1305184477558,-86
1305184480224,-87
1305184482806,-87
1305184485784,-85
1305184493081,-87
1305184495368,-87
1305184498347,-87
1305184503452,-87
1305184506977,-85
1305184510576,-86
1305184512933,-86
1305184515312,-89
1305184517698,-92
1305184520174,-88
1305184522428,-87
1305184525040,-86
1305184527370,-88
1305184529567,-87
1305184532264,-87
1305184534575,-87
1305184537295,-87
1305184541655,-86
1305184544301,-85
1305184547533,-86
1305184550325,-88
1305184552590,-88
1305184555959,-88
1305184558588,-88
1305184561879,-86
1305184565131,-92
1305184567318,-86
1305184570020,-88
1305184572600,-86
1305184575018,-85
1305184577652,-86
1305184580254,-88
1305184582988,-89
1305184585552,-88
1305184588586,-90
1305184591442,-86
1305184594207,-86
1305184596692,-85
1305184599182,-85
1305184602977,-89
1305184605843,-86
1305184608594,-88
1305184611119,-88
1305184613756,-87
1305184616133,-86
1305184618757,-85
1305184621437,-85
1305184625177,-87
1305184628607,-89
1305184631025,-86
1305184633359,-86
1305184636412,-84
1305184638909,-84
1305184641444,-86
1305184644387,-87
1305184646911,-87
1305184649289,-87
1305184652672,-87
1305184655397,-87
1305184658272,-86
1305184660534,-86
1305184663013,-85
1305184665667,-85
1305184668541,-87
1305184671513,-92
1305184674217,-87
1305184677061,-87
1305184679936,-89
1305184682390,-86
1305184685850,-86
1305184688320,-86
1305184690869,-85
1305184693128,-83
1305184695423,-83
1305184697914,-86
1305184701457,-86
1305184704013,-86
1305184706608,-86
1305184708966,-86
1305184711997,-86
1305184714720,-87
1305184717633,-89
1305184720161,-85
1305184722915,-84
1305184725791,-88
1305184728560,-88
1305184731575,-86
1305184734381,-85
1305184736587,-85
1305184738935,-88
1305184741943,-88
1305184744933,-88
1305184748231,-84
1305184752027,-87
1305184754608,-92
1305184756732,-92
1305184758981,-88
1305184761342,-86
1305184763947,-87
1305184766849,-92
1305184769357,-92
1305184772184,-86
1305184774809,-92
1305184777214,-92
1305184779618,-89
1305184781984,-85
1305184784383,-88
1305184786945,-88
1305184789679,-90
1305184792420,-85
1305184794963,-85
1305184798473,-85
1305184801198,-87
1305184803756,-87
1305184806294,-87
1305184809535,-93
1305184813349,-83
1305184816106,-86
1305184818718,-87
1305184821686,-87
1305184824585,-87
1305184827156,-85
1305184829621,-85
1305184831880,-88
1305184834583,-87
1305184837168,-95
1305184839783,-88
1305184842436,-92
1305184844931,-88
1305184848229,-87
1305184850623,-87
1305184852965,-89
1305184855764,-87
1305184859074,-87
1305184861699,-87
1305184864243,-92
1305184866476,-88
1305184869073,-90
1305184882645,-89
1305184885165,-89
1305184889472,-89
1305184892127,-89
1305184894807,-86
1305184897995,-86
1305184900552,-82
1305184902868,-92
1305184905256,-84
1305184908447,-87
1305184911248,-87
1305184914135,-87
1305184917133,-86
1305184919919,-87
1305184922027,-87
1305184924385,-86
1305184931672,-86
1305184933784,-86
1305184936646,-86
1305184939746,-86
1305184942488,-86
1305184945144,-92
1305184947489,-87
1305184949649,-89
1305184952009,-88
1305184954105,-92
1305184956329,-86
1305184959761,-86
1305184962666,-86
1305184965528,-86
1305184967996,-86
1305184970800,-87
1305184973362,-87
1305184976074,-88
1305184980352,-87
1305184982834,-87
1305184985680,-87
1305184988336,-85
1305184991307,-85
1305184993652,-86
1305184996423,-86
1305184999025,-88
1305185001329,-87
1305185003949,-86
1305185006418,-86
1305185010439,-86
1305185012829,-86
1305185015392,-86
1305185017977,-89
1305185021088,-89
1305185024350,-87
1305185026702,-87
1305185029033,-86
1305185032531,-87
1305185034882,-87
1305185037421,-92
1305185040363,-87
1305185043453,-90
1305185045985,-90
1305185048623,-86
1305185051600,-86
1305185054554,-85
1305185056866,-85
1305185059300,-86
1305185062839,-87
1305185065381,-87
1305185067840,-92
1305185070697,-88
1305185073174,-87
1305185076001,-87
1305185078654,-87
1305185080975,-87
1305185084115,-88
1305185086781,-88
1305185089636,-89
1305185092357,-87
1305185095010,-87
1305185097447,-91
1305185100162,-88
1305185102576,-88
1305185105162,-86
1305185107541,-88
1305185109845,-86
1305185114757,-86
1305185117509,-86
1305185120051,-86
1305185122895,-90
1305185125593,-86
1305185128250,-86
1305185130843,-87
1305185133609,-86
1305185136519,-88
1305185139224,-87
1305185141959,-87
1305185144832,-88
1305185147196,-92
1305185149125,-92
1305185151558,-89
1305185154015,-89
1305185156404,-88
1305185159230,-88
1305185161507,-82
1305185165882,-92
1305185167724,-92
1305185169957,-88
1305185173421,-87
1305185175971,-90
1305185178509,-87
1305185180907,-89
1305185183485,-92
1305185186012,-92
1305185188427,-92
1305185190317,-92
1305185192930,-86
1305185195673,-86
1305185198282,-89
1305185201080,-86
1305185203600,-86
1305185206115,-86
1305185208756,-92
1305185211027,-88
1305185215426,-87
1305185218268,-87
1305185221450,-92
1305185224248,-87
1305185226916,-90
1305185229718,-90
1305185232701,-92
1305185235905,-92
1305185239139,-92
1305185241680,-92
1305185244022,-86
1305185246806,-92
1305185249287,-92
1305185251700,-86
1305185254265,-88
1305185256731,-90
1305185259258,-86
1305185261676,-92
1305185263624,-92
1305185267591,-92
1305185270056,-92
1305185272637,-87
1305185274917,-86
1305185277697,-87
1305185280252,-87
1305185283095,-89
1305185285675,-86
1305185287945,-86
1305185290214,-92
1305185292411,-89
1305185306210,-86
1305185309639,-86
1305185311870,-86
1305185315842,-86
1305185318513,-87
1305185320929,-87
1305185323358,-86
1305185325692,-92
1305185329213,-87
1305185331992,-86
1305185334373,-86
1305185336766,-88
1305185339343,-87
1305185342168,-92
1305185344374,-92
1305185346911,-87
1305185349479,-87
1305185352130,-86
1305185359714,-88
1305185361817,-88
1305185365090,-92
1305185366590,-92
1305185368486,-92
1305185370644,-85
1305185372749,-86
1305185375922,-92
1305185377983,-92
1305185381353,-86
1305185383909,-86
1305185386331,-87
1305185388536,-88
1305185390879,-86
1305185393380,-85
1305185396080,-92
1305185398434,-85
1305185401246,-86
1305185403838,-86
1305185408173,-89
1305185411072,-89
1305185414174,-88
1305185417524,-88
1305185419945,-92
1305185422076,-89
1305185424986,-92
1305185427659,-92
1305185429988,-92
1305185433474,-92
1305185436333,-92
1305185439083,-92
1305185441142,-86
1305185443574,-92
1305185446373,-92
1305185448596,-89
1305185451299,-92
1305185453744,-92
1305185456421,-85
1305185459703,-92
1305185462353,-92
1305185465084,-92
1305185467320,-92
1305185469444,-86
1305185472028,-88
1305185474562,-92
1305185478388,-92
1305185482630,-92
1305185485757,-89
1305185488729,-89
1305185491369,-87
1305185493522,-92
1305185496115,-92
1305185498243,-92
1305185500372,-92
1305185502687,-90
1305185505097,-86
1305185507520,-86
1305185510122,-92
1305185512508,-92
1305185514691,-92
1305185517070,-85
1305185519344,-86
1305185521865,-92
1305185524472,-92
1305185527527,-88
1305185529874,-88
1305185533441,-92
1305185536251,-92
1305185539883,-86
1305185542654,-88
1305185545301,-92
1305185547310,-92
1305185549839,-92
1305185551860,-92
1305185554573,-92
1305185557281,-88
1305185559836,-92
1305185562045,-86
1305185564394,-88
1305185566951,-90
1305185569152,-92
1305185571443,-92
1305185573641,-87
1305185576623,-92
1305185578859,-92
1305185582695,-86
1305185586370,-92
1305185587745,-92
1305185589233,-87
1305185591932,-87
1305185594493,-87
1305185596801,-88
1305185599113,-89
1305185602038,-92
1305185604272,-86
1305185606472,-88
1305185608724,-92
1305185611030,-92
1305185612996,-87
1305185615672,-87
1305185617900,-90
1305185620915,-85
1305185623417,-85
1305185625772,-92
1305185629157,-88
1305185631858,-88
1305185635145,-86
1305185637721,-86
1305185640278,-86
1305185642807,-87
1305185645317,-89
1305185647422,-86
1305185649810,-92
1305185651977,-92
1305185654413,-91
1305185656939,-89
1305185659752,-89
1305185662279,-89
1305185664771,-92
1305185667313,-87
1305185669542,-87
1305185671676,-86
1305185675421,-90
1305185678567,-88
1305185681309,-92
1305185683673,-92
1305185685998,-84
1305185688497,-87
1305185690938,-86
1305185693960,-85
1305185696325,-89
1305185699034,-87
1305185701465,-92
1305185703795,-92
1305185706342,-87
1305185708933,-87
1305185711381,-92
1305185713947,-88
1305185716157,-89
1305185718315,-92
1305185722147,-92
1305185724586,-92
1305185726942,-92
1305185729456,-89
1305185731664,-92
1305185734118,-86
1305185736843,-88
1305185739155,-92
1305185741632,-85
1305185744189,-87
1305185747171,-87
1305185749892,-87
1305185762500,-87
1305185764858,-87
1305185769069,-88
1305185771977,-92
1305185774116,-92
1305185776524,-86
1305185780337,-87
1305185783305,-87
1305185786255,-92
1305185788376,-85
1305185791244,-86
1305185794080,-86
1305185796527,-92
1305185798718,-87
1305185801332,-89
1305185804072,-92
1305185806967,-85
1305185812596,-87
1305185817080,-88
1305185819085,-88
1305185821694,-85
1305185824463,-90
1305185826928,-85
1305185829334,-86
1305185832597,-87
1305185834860,-89
1305185837255,-92
1305185839657,-92
1305185841888,-91
1305185844955,-86
1305185847693,-84
1305185850521,-87
1305185852915,-90
1305185854794,-92
1305185857621,-92
1305185861220,-92
1305185864730,-92
1305185866691,-92
1305185868898,-92
1305185871863,-91
1305185875078,-87
1305185878823,-87
1305185882497,-92
1305185884987,-92
1305185887837,-92
1305185890429,-92
1305185893343,-87
1305185896607,-87
1305185899454,-92
1305185901957,-87
1305185905160,-87
1305185907802,-87
1305185911155,-87
1305185913540,-87
1305185916004,-90
1305185919288,-92
1305185922129,-92
1305185928435,-88
1305185932011,-88
1305185935667,-87
1305185938046,-87
1305185940662,-92
1305185943482,-92
1305185946057,-92
1305185948186,-92
1305185950139,-89
1305185952558,-86
1305185955321,-86
1305185957905,-88
1305185960599,-85
1305185963364,-89
1305185965947,-83
1305185968835,-87
1305185972725,-92
1305185975755,-92
1305185978256,-92
1305185981553,-86
1305185984036,-86
1305185987564,-92
1305185990688,-86
1305185993767,-85
1305185996626,-85
1305185999448,-86
1305186002338,-86
1305186004804,-88
1305186007442,-85
1305186010287,-87
1305186013013,-92
1305186015885,-88
1305186018934,-92
1305186021699,-92
1305186025605,-86
1305186028400,-86
1305186031885,-92
1305186034882,-92
1305186037499,-92
1305186039957,-86
1305186043008,-86
1305186045688,-92
1305186048133,-85
1305186051351,-85
1305186054302,-92
1305186056688,-92
1305186059446,-86
1305186062155,-87
1305186064684,-87
1305186068157,-92
1305186070565,-92
1305186072936,-87
1305186075533,-87
1305186078098,-82
1305186081152,-85
1305186083510,-85
1305186085874,-85
1305186089024,-88
1305186091926,-88
1305186095473,-86
1305186098362,-86
1305186100860,-83
1305186103457,-86
1305186105851,-86
1305186109100,-92
1305186111335,-92
1305186113687,-85
1305186116363,-86
1305186118943,-86
1305186121722,-85
1305186124352,-84
1305186127148,-88
1305186130097,-86
1305186133891,-88
1305186136219,-88
1305186139035,-92
1305186141728,-85
1305186143860,-92
1305186145995,-86
1305186149559,-87
1305186151941,-87
1305186154744,-86
1305186158328,-87
1305186161336,-87
1305186164312,-87
1305186167692,-87
1305186170639,-87
1305186173897,-86
1305186176802,-86
1305186179830,-86
1305186182835,-92
1305186185122,-88
1305186187637,-84
1305186190102,-86
1305186193737,-86
1305186196742,-86
1305186200260,-87
1305186202953,-87
1305186206112,-87
1305186208908,-87
1305186212080,-86
1305186214724,-82
1305186217557,-82
1305186227856,-92
1305186230110,-92
1305186233077,-86
1305186235789,-88
1305186238419,-88
1305186240787,-89
1305186244658,-86
1305186247226,-86
1305186250244,-85
1305186252790,-85
1305186255723,-86
1305186258557,-89
1305186261138,-86
1305186266951,-86
1305186268827,-86
1305186271050,-88
1305186273410,-94
1305186276186,-92
1305186279197,-87
1305186282725,-87
1305186285351,-87
1305186287672,-89
1305186292102,-87
1305186294555,-87
1305186297563,-87
1305186300225,-92
1305186302553,-88
1305186305021,-87
1305186307489,-92
1305186311056,-88
1305186313618,-88
1305186316200,-85
1305186318437,-85
1305186321449,-86
1305186324214,-87
1305186327171,-87
1305186330703,-88
1305186332444,-88
1305186336177,-86
1305186338986,-87
1305186341989,-87
1305186344796,-86
1305186347906,-87
1305186350343,-87
1305186352681,-92
1305186355477,-92
1305186357964,-92
1305186360412,-92
1305186362689,-86
1305186365638,-87
1305186368417,-86
1305186371076,-88
1305186373596,-88
1305186375801,-88
1305186379964,-88
1305186382512,-88
1305186385438,-86
1305186387986,-86
1305186390641,-92
1305186393281,-87
1305186395524,-88
1305186398077,-88
1305186400766,-87
1305186403245,-86
1305186405286,-92
1305186408153,-92
1305186410537,-85
1305186413207,-90
1305186415917,-88
1305186418253,-87
1305186422501,-89
1305186425158,-89
1305186428130,-87
1305186430749,-85
1305186434128,-86
1305186437556,-85
1305186440123,-84
1305186442687,-84
1305186445154,-92
1305186447628,-92
1305186450237,-92
1305186452631,-86
1305186455470,-92
1305186458129,-92
1305186459960,-88
1305186463796,-90
1305186467606,-90
1305186470108,-88
1305186472935,-92
1305186475588,-92
1305186478591,-92
1305186481233,-92
1305186483469,-92
1305186485829,-92
1305186488357,-87
1305186491592,-88
1305186494467,-92
1305186497253,-87
1305186499716,-92
1305186501910,-87
1305186506371,-92
1305186509107,-92
1305186511633,-87
1305186513839,-87
1305186516268,-92
1305186518928,-84
1305186521729,-88
1305186525087,-92
1305186528500,-86
1305186531590,-87
1305186534014,-87
1305186536511,-88
1305186539173,-87
1305186541559,-87
1305186543906,-92
1305186547515,-92
1305186549921,-92
1305186551968,-92
1305186554664,-86
1305186557522,-92
1305186560096,-92
1305186562785,-91
1305186565487,-89
1305186568329,-88
1305186571083,-84
1305186573807,-92
1305186576575,-89
1305186579279,-92
1305186581592,-88
1305186583859,-87
1305186587681,-87
1305186590548,-87
1305186593219,-89
1305186595895,-89
1305186598686,-90
1305186601612,-92
1305186604714,-88
1305186607411,-88
1305186610220,-88
1305186612723,-88
1305186615334,-87
1305186618182,-87
1305186620908,-92
1305186623490,-92
1305186625720,-87
1305186629537,-85
1305186632153,-85
1305186634916,-88
1305186637851,-88
1305186640835,-88
1305186643989,-87
1305186647025,-86
1305186649648,-91
1305186653904,-89
1305186657673,-92
1305186660926,-92
1305186665095,-92
1305186667724,-92
1305186670006,-92
1305186672390,-88
1305186676098,-88
1305186678811,-88
1305186681730,-92
1305186684401,-92
1305186687214,-92
1305186689756,-92
1305186693419,-92
1305186695215,-92
1305186698098,-92
1305186700876,-88
1305186704510,-88
1305186706893,-88
1305186709947,-92
1305186712474,-92
1305186714931,-92
1305186718507,-92
1305186720792,-92
1305186723240,-92
1305186726041,-89
1305186728848,-89
1305186731849,-92
1305186734765,-88
1305186737543,-88
1305186740501,-87
1305186743631,-87
1305186747180,-86
1305186750174,-86
1305186753023,-85
1305186755239,-85
1305186757724,-92
1305186761254,-87
1305186763812,-87
1305186766627,-87
1305186769234,-92
1305186771680,-92
1305186773915,-92
1305186776494,-92
1305186778926,-86
1305186781498,-92
1305186784248,-92
1305186787412,-86
1305186790054,-88
1305186792628,-88
1305186795239,-87
1305186797975,-87
1305186801873,-92
1305186804172,-92
1305186806600,-86
1305186809241,-89
1305186811864,-88
1305186814133,-88
1305186816638,-92
1305186819064,-88
1305186821786,-88
1305186825155,-88
1305186827550,-88
1305186830825,-92
1305186833425,-92
1305186837834,-92
1305186840530,-92
1305186845470,-90
1305186848130,-90
1305186850660,-86
1305186853200,-92
1305186856123,-92
1305186858344,-92
1305186860644,-87
1305186863082,-86
1305186865583,-87
1305186868866,-88
1305186871235,-88
1305186873861,-92
1305186876332,-88
1305186878868,-88
1305186881250,-92
1305186884412,-92
1305186886773,-92
1305186889325,-86
1305186892061,-86
1305186895482,-92
1305186897591,-92
1305186899884,-92
1305186902339,-92
