103539701149000,19263000,0.6264715
103539720705000,19556000,0.24439716
103539740310000,19605000,-0.3293867
103539759877000,19567000,-0.50187016
103539779569000,19692000,-0.005138397
103539799054000,19485000,0.6630373
103539818713000,19659000,0.20040417
103539838417000,19704000,-0.14805126
103539857806000,19389000,-0.05673313
103539877401000,19595000,0.03387642
103539897004000,19603000,-0.22075272
103539916551000,19547000,0.041622162
103539936367000,19816000,0.30416393
103539956043000,19676000,0.16486835
103539975370000,19327000,-0.012314796
103539994921000,19551000,-0.09339714
103540014575000,19654000,-0.1933384
103540034163000,19588000,-0.0056009293
103540053802000,19639000,0.18264866
103540073248000,19446000,0.14164448
103540092864000,19616000,0.13947773
103540112589000,19725000,0.04189205
103540132827000,20238000,-0.017262459
103540154398000,21571000,0.11502457
103540171263000,16865000,-0.02089405
103540190818000,19555000,0.09195995
103540210385000,19567000,0.14709568
103540229985000,19600000,-0.08535385
103540249533000,19548000,-0.27975655
103540269356000,19823000,0.023688316
103540288759000,19403000,0.1356926
103540308295000,19536000,-0.077625275
103540327887000,19592000,-0.041544914
103540347501000,19614000,0.014148712
103540367060000,19559000,-0.006275177
103540386678000,19618000,-0.10281181
103540406235000,19557000,-0.27545547
103540425855000,19620000,-0.08361435
103540445509000,19654000,-0.06346989
103540465004000,19495000,-0.08086014
103540484770000,19766000,-0.059103012
103540504543000,19773000,-0.2280674
103540523878000,19335000,-0.16646194
103540543574000,19696000,0.02997303
103540563394000,19820000,-0.13678932
103540582764000,19370000,-0.053991318
103540602454000,19690000,-0.08564091
103540621908000,19454000,0.1319933
103540641704000,19796000,-0.12908268
103540661654000,19950000,-0.122083664
103540680668000,19014000,-0.07708073
103540700214000,19546000,0.025036812
103540719924000,19710000,-0.0073127747
103540739343000,19419000,-0.15503025
103540759164000,19821000,-0.20742798
103540778960000,19796000,0.10370731
103540798232000,19272000,0.22298908
103540817723000,19491000,0.035494804
103540837153000,19430000,0.1923132
103540856742000,19589000,0.1760912
103540876342000,19600000,0.293046
103540895943000,19601000,0.3513689
103540915534000,19591000,0.48482037
103540935142000,19608000,0.3865795
103540954691000,19549000,0.45851612
103540974329000,19638000,0.39382076
103540993894000,19565000,0.19230843
103541013540000,19646000,0.17953014
103541033089000,19549000,0.489789
103541052654000,19565000,0.47216415
103541072241000,19587000,0.06951332
103541091896000,19655000,-0.21982574
103541111416000,19520000,-0.43351555
103541131020000,19604000,-0.8388138
103541150605000,19585000,-1.3003182
103541170197000,19592000,-1.356627
103541189795000,19598000,-0.83337116
103541209872000,20077000,-0.55201626
103541228940000,19068000,-0.33950615
103541248581000,19641000,0.09247303
103541268248000,19667000,0.39869404
103541287731000,19483000,0.4052
103541307598000,19867000,0.16768551
103541327084000,19486000,-0.12504768
103541346639000,19555000,-0.41770172
103541366294000,19655000,-0.40547562
103541386111000,19817000,-0.3383608
103541405318000,19207000,-0.27427483
103541424852000,19534000,-0.34726048
103541444418000,19566000,-1.1316061
103541463993000,19575000,-1.4773817
103541483621000,19628000,-1.1343412
103541503181000,19560000,-0.3307228
103541522787000,19606000,0.13050842
103541542370000,19583000,0.26925468
103541562198000,19828000,0.6026106
103541581647000,19449000,0.70790005
103541601299000,19652000,0.8708496
103541620959000,19660000,0.18920517
103541640630000,19671000,-0.55364656
103541659936000,19306000,-0.8991637
103541679760000,19824000,-0.9625325
103541699213000,19453000,-0.7044091
103541718726000,19513000,-0.3147936
103541738424000,19698000,-0.0027179718
103541758236000,19812000,0.65451
103541777715000,19479000,0.91040945
103541799621000,21906000,1.2054834
103541819037000,19416000,1.2890277
103541838738000,19701000,1.312417
103541858208000,19470000,1.1587954
103541877847000,19639000,1.1326756
103541897621000,19774000,1.2324939
103541917296000,19675000,1.591474
103541936583000,19287000,2.0562763
103541956146000,19563000,2.568595
103541975829000,19683000,3.146842
103541995339000,19510000,3.1009464
103542015055000,19716000,1.9122725
103542034505000,19450000,0.94061565
103542054167000,19662000,0.2240963
103542073634000,19467000,-0.8477278
103542093275000,19641000,-1.4671597
103542112800000,19525000,-1.7628374
103542132388000,19588000,-1.9202623
103542151975000,19587000,-1.7031941
103542171559000,19584000,-1.1058025
103542191147000,19588000,-0.5832615
103542210716000,19569000,-0.99486065
103542230284000,19568000,-1.784368
103542249889000,19605000,-2.4734087
103542269690000,19801000,-2.7945018
103542289130000,19440000,-2.7496982
103542309128000,19998000,-2.4343138
103542328346000,19218000,-2.1199236
103542348226000,19880000,-1.9401331
103542367557000,19331000,-1.7264013
103542387265000,19708000,-1.1354718
103542406675000,19410000,-0.4396057
103542426244000,19569000,0.03225231
103542445813000,19569000,0.37147427
103542465612000,19799000,0.43956852
103542485026000,19414000,1.1122785
103542504729000,19703000,2.2895565
103542524156000,19427000,3.392404
103542544113000,19957000,3.2094207
103542563324000,19211000,1.7755737
103542583073000,19749000,1.6914239
103542602604000,19531000,3.5496974
103542622215000,19611000,4.0555787
103542641688000,19473000,2.4631653
103542661811000,20123000,0.5144
103542681150000,19339000,-0.21406603
103542700436000,19286000,-0.1197319
103542720258000,19822000,0.22745323
103542739675000,19417000,0.3957243
103542759311000,19636000,-0.1446743
103542779168000,19857000,-1.1386285
103542798608000,19440000,-2.1203966
103542817991000,19383000,-2.6828485
103542837577000,19586000,-2.9553413
103542857317000,19740000,-2.7992873
103542876835000,19518000,-2.5563264
103542896831000,19996000,-2.7783942
103542916077000,19246000,-2.91151
103542935578000,19501000,-2.6678681
103542954961000,19383000,-2.087884
103542974550000,19589000,-1.0203724
103542994161000,19611000,0.14733028
103543013852000,19691000,0.7966919
103543033354000,19502000,0.5942192
103543052929000,19575000,0.91129017
103543072477000,19548000,1.75912
103543092124000,19647000,2.8048148
103543111792000,19668000,2.60504
103543131218000,19426000,2.0925746
103543150818000,19600000,2.296905
103543170560000,19742000,2.3912673
103543190038000,19478000,2.0498185
103543209647000,19609000,1.3877358
103543229197000,19550000,1.020534
103543248789000,19592000,0.6838522
103543268440000,19651000,0.63176537
103543287954000,19514000,0.48771286
103543307686000,19732000,0.52552986
103543327358000,19672000,0.27268314
103543346819000,19461000,-1.0694318
103543366613000,19794000,-2.6151161
103543385996000,19383000,-3.726884
103543405575000,19579000,-4.2651553
103543425505000,19930000,-4.089448
103543444817000,19312000,-3.3865476
103543465117000,20300000,-2.608831
103543483969000,18852000,-1.9503508
103543503623000,19654000,-0.9289818
103543523115000,19492000,-0.2379322
103543542698000,19583000,-0.05461788
103543562284000,19586000,-0.07997227
103543582016000,19732000,0.8080816
103543601613000,19597000,2.0639973
103543621358000,19745000,3.0854874
103543640752000,19394000,2.67598
103543660551000,19799000,2.187356
103543679828000,19277000,3.126451
103543699449000,19621000,4.4916863
103543718959000,19510000,3.4834924
103543738599000,19640000,1.5167956
103543758489000,19890000,0.8508568
103543777742000,19253000,0.95499516
103543797627000,19885000,1.8889976
103543816857000,19230000,2.9153056
103543836797000,19940000,2.1988697
103543856113000,19316000,0.15012646
103543875581000,19468000,-1.6746645
103543895187000,19606000,-3.0015874
103543914998000,19811000,-3.4595408
103543934396000,19398000,-3.288612
103543953958000,19562000,-3.5530858
103543973505000,19547000,-3.9965162
103543993846000,20341000,-3.6533237
103544012609000,18763000,-3.0416322
103544032158000,19549000,-1.7159867
103544051765000,19607000,-0.38600254
103544071324000,19559000,0.52241516
103544090904000,19580000,0.90638924
103544110503000,19599000,1.0629807
103544130247000,19744000,0.8287449
103544149657000,19410000,1.3988667
103544169253000,19596000,2.8024588
103544188841000,19588000,3.0773077
103544208408000,19567000,2.388423
103544227992000,19584000,2.415381
103544247573000,19581000,2.6945333
103544267178000,19605000,2.5152712
103544286760000,19582000,1.8011756
103544306356000,19596000,1.2053828
103544325967000,19611000,0.5401077
103544345799000,19832000,-0.24735641
103544365117000,19318000,-1.0140405
103544384683000,19566000,-1.1209159
103544404275000,19592000,-1.5938597
103544423856000,19581000,-2.3286796
103544443425000,19569000,-3.4515634
103544463002000,19577000,-4.227416
103544482616000,19614000,-4.6303782
103544502204000,19588000,-4.769502
103544521865000,19661000,-4.3141346
103544541811000,19946000,-2.8194652
103544561066000,19255000,-0.82435703
103544581314000,20248000,0.7544222
103544600345000,19031000,1.2336731
103544619998000,19653000,1.00984
103544639428000,19430000,1.7371626
103544659106000,19678000,2.964161
103544678539000,19433000,3.4337993
103544698382000,19843000,3.2121825
103544717751000,19369000,2.1751866
103544737463000,19712000,2.4412818
103544756893000,19430000,4.0453343
103544776601000,19708000,4.379659
103544796569000,19968000,2.8302178
103544815628000,19059000,1.2606034
103544835733000,20105000,0.5309038
103544854710000,18977000,0.82527685
103544874559000,19849000,2.0513039
103544893950000,19391000,1.8061666
103544913511000,19561000,0.4033785
103544933083000,19572000,-1.3838859
103544952675000,19592000,-3.050785
103544972251000,19576000,-4.2642612
103544992125000,19874000,-5.2268314
103545011541000,19416000,-5.2595406
103545031186000,19645000,-4.9665866
103545050673000,19487000,-4.1690755
103545070198000,19525000,-3.0921073
103545089744000,19546000,-1.3128395
103545109423000,19679000,0.9945564
103545128941000,19518000,2.002779
103545148560000,19619000,2.4679813
103545168157000,19597000,2.4915466
103545187786000,19629000,3.0167084
103545207287000,19501000,4.546192
103545226910000,19623000,4.7304277
103545246570000,19660000,3.3665037
103545266108000,19538000,1.1929822
103545285769000,19661000,0.024235725
103545305224000,19455000,0.18672323
103545324812000,19588000,0.09435463
103545344403000,19591000,-0.37939262
103545363980000,19577000,-0.11418629
103545383614000,19634000,0.45922375
103545403151000,19537000,0.488698
103545422909000,19758000,-0.056355476
103545442621000,19712000,-1.0350504
103545462021000,19400000,-1.9438448
103545481758000,19737000,-2.9506168
103545501192000,19434000,-3.840526
103545521000000,19808000,-4.915273
103545540464000,19464000,-5.3475657
103545560286000,19822000,-5.1512537
103545579572000,19286000,-4.0564985
103545599226000,19654000,-2.5957599
103545618694000,19468000,-0.92354393
103545638800000,20106000,0.44276428
103545658211000,19411000,1.1665535
103545677643000,19432000,1.9281054
103545697271000,19628000,2.7168474
103545716680000,19409000,4.075357
103545736379000,19699000,4.4595532
103545755864000,19485000,3.5320902
103545775490000,19626000,3.581305
103545795051000,19561000,4.7532125
103545814597000,19546000,4.438428
103545834122000,19525000,2.71173
103545853856000,19734000,0.79871607
103545873284000,19428000,-0.2602253
103545892931000,19647000,0.47976208
103545912431000,19500000,1.3633862
103545932064000,19633000,0.86873436
103545951688000,19624000,-0.18913841
103545971358000,19670000,-1.6667433
103545990827000,19469000,-2.7888126
103546010779000,19952000,-3.8730593
103546029929000,19150000,-4.279237
103546049679000,19750000,-4.669698
103546069464000,19785000,-4.386485
103546088678000,19214000,-4.020309
103546108253000,19575000,-3.1263175
103546127942000,19689000,-1.474124
103546147404000,19462000,0.49129486
103546167201000,19797000,2.0372915
103546186568000,19367000,2.3278074
103546206110000,19542000,1.4662743
103546225767000,19657000,1.4507818
103546245304000,19537000,2.6706667
103546264889000,19585000,3.3147402
103546284466000,19577000,2.7994738
103546304055000,19589000,3.1673818
103546323678000,19623000,3.5900912
103546343243000,19565000,3.126832
103546362850000,19607000,2.0069675
103546382495000,19645000,0.8069153
103546402146000,19651000,-0.29642677
103546421617000,19471000,-0.8738427
103546441215000,19598000,-1.3382816
103546460737000,19522000,-1.3918524
103546480350000,19613000,-1.8286905
103546499941000,19591000,-2.6195545
103546519523000,19582000,-3.717152
103546539438000,19915000,-4.519527
103546558855000,19417000,-5.0779333
103546578319000,19464000,-5.214098
103546597928000,19609000,-4.6165595
103546617452000,19524000,-3.168149
103546637191000,19739000,-1.0592031
103546656634000,19443000,0.8241501
103546676214000,19580000,1.7670364
103546695818000,19604000,2.7931871
103546715393000,19575000,3.506156
103546734960000,19567000,4.159629
103546754801000,19841000,4.088241
103546774205000,19404000,3.067937
103546793836000,19631000,2.2563477
103546813745000,19909000,3.809999
103546832935000,19190000,5.4872465
103546852765000,19830000,4.564249
103546872553000,19788000,2.9192448
103546891978000,19425000,1.2274904
103546911330000,19352000,0.08825827
103546930976000,19646000,0.005876541
103546950455000,19479000,0.5321026
103546970213000,19758000,-0.29568863
103546989662000,19449000,-2.062757
103547009524000,19862000,-3.437819
103547028774000,19250000,-4.1606855
103547048586000,19812000,-4.470765
103547067922000,19336000,-4.7044373
103547087811000,19889000,-4.5848303
103547107165000,19354000,-4.070378
103547126910000,19745000,-3.0225415
103547146259000,19349000,-1.7504578
103547165913000,19654000,-0.4666853
103547185388000,19475000,0.8013458
103547204975000,19587000,1.6228619
103547224482000,19507000,1.4297237
103547244147000,19665000,1.607502
103547263648000,19501000,2.8514338
103547283234000,19586000,3.5027504
103547302843000,19609000,2.9574575
103547322421000,19578000,3.2566986
103547342006000,19585000,3.3218966
103547361682000,19676000,2.3640747
103547381196000,19514000,1.2068748
103547400749000,19553000,0.5418749
103547420415000,19666000,0.14387608
103547439936000,19521000,-0.7640939
103547459510000,19574000,-1.7707658
103547479261000,19751000,-1.755322
103547498829000,19568000,-1.0511518
103547518410000,19581000,-1.0656877
103547538080000,19670000,-2.0396566
103547557536000,19456000,-3.2964158
103547577206000,19670000,-3.7008004
103547596876000,19670000,-3.6320252
103547616624000,19748000,-3.2976933
103547636125000,19501000,-2.6971374
103547655567000,19442000,-1.3136139
103547675231000,19664000,0.18104649
103547694893000,19662000,0.7474308
103547714340000,19447000,0.8944006
103547733894000,19554000,1.3221226
103547753448000,19554000,2.4614363
103547773025000,19577000,3.364133
103547792727000,19702000,2.1821656
103547812305000,19578000,1.66536
103547832000000,19695000,3.5310488
103547851858000,19858000,4.3844213
103547871115000,19257000,2.807303
103547891239000,20124000,1.361979
103547910194000,18955000,0.9545474
103547930138000,19944000,1.3732686
103547949487000,19349000,1.8220739
103547969143000,19656000,0.98458767
103547988605000,19462000,-0.61435413
103548008249000,19644000,-1.8763766
103548027738000,19489000,-2.8315048
103548047516000,19778000,-3.5482516
103548067176000,19660000,-4.055726
103548086467000,19291000,-3.9433107
103548106232000,19765000,-3.5858903
103548125852000,19620000,-2.805717
103548145214000,19362000,-2.0793748
103548164861000,19647000,-1.3096256
103548184488000,19627000,-0.25049305
103548204049000,19561000,0.70889854
103548223573000,19524000,1.0814857
103548243043000,19470000,0.6850395
103548262892000,19849000,0.7170229
103548282241000,19349000,1.9325104
103548301849000,19608000,2.503646
103548321383000,19534000,1.6758595
103548341286000,19903000,1.7411399
103548360598000,19312000,2.8300905
103548380175000,19577000,2.9476662
103548399764000,19589000,2.3992429
103548419349000,19585000,1.6639304
103548441206000,21857000,0.7163143
103548458569000,17363000,-0.17398357
103548478134000,19565000,-1.067997
103548497727000,19593000,-0.57983685
103548518738000,21011000,-0.23715305
103548537249000,18511000,-0.9263711
103548556475000,19226000,-2.3164792
103548576080000,19605000,-3.5587974
103548595872000,19792000,-4.3407397
103548615280000,19408000,-4.4652314
103548634836000,19556000,-3.3710656
103548654401000,19565000,-1.7818332
103548674025000,19624000,-0.3850155
103548693594000,19569000,0.62618256
103548713189000,19595000,1.0746307
103548732797000,19608000,0.7994461
103548752540000,19743000,0.9025459
103548771936000,19396000,2.005312
103548791575000,19639000,2.8156738
103548811122000,19547000,2.8268557
103548830711000,19589000,1.9353657
103548850824000,20113000,2.5092945
103548869889000,19065000,3.6079512
103548889472000,19583000,2.7184057
103548909059000,19587000,1.1040792
103548928859000,19800000,0.067928314
103548948276000,19417000,-0.04000473
103548967876000,19600000,1.053525
103548987392000,19516000,1.6128826
103549007092000,19700000,0.64847374
103549026645000,19553000,-0.81792355
103549046199000,19554000,-2.2251506
103549065750000,19551000,-3.4715104
103549085364000,19614000,-4.2057104
103549104933000,19569000,-4.6887784
103549124512000,19579000,-4.5496306
103549144122000,19610000,-3.6668706
103549163721000,19599000,-2.2657099
103549183368000,19647000,-0.20998955
103549202874000,19506000,0.6974859
103549222630000,19756000,1.1802006
103549242335000,19705000,1.2672844
103549261977000,19642000,1.2733707
103549281551000,19574000,1.857542
103549300821000,19270000,2.9323292
103549320417000,19596000,2.975604
103549340022000,19605000,2.5920334
103549359554000,19532000,3.1542025
103549379141000,19587000,3.1251283
103549398692000,19551000,2.4066463
103549418318000,19626000,1.5152378
103549437877000,19559000,0.74040604
103549457427000,19550000,0.14388084
103549477380000,19953000,-0.5567951
103549496605000,19225000,-1.1400762
103549516160000,19555000,-1.6367216
103549535805000,19645000,-1.8269701
103549555346000,19541000,-2.1805053
103549575266000,19920000,-2.7658834
103549594603000,19337000,-3.4614224
103549614276000,19673000,-3.628983
103549633845000,19569000,-3.6092048
103549653924000,20079000,-3.1102676
103549672964000,19040000,-1.5603452
103549692587000,19623000,0.04607296
103549712091000,19504000,0.95744324
103549731750000,19659000,1.2058563
103549751205000,19455000,1.9688997
103549770866000,19661000,3.160225
103549791132000,20266000,3.6970043
103549810037000,18905000,2.8390703
103549829783000,19746000,1.9751606
103549849104000,19321000,3.4352617
103549868893000,19789000,4.704255
103549888326000,19433000,3.769351
103549907873000,19547000,1.8738184
103549927478000,19605000,1.0485449
103549947245000,19767000,1.641119
103549966661000,19416000,2.184332
103549986496000,19835000,1.3425655
103550005761000,19265000,-0.45289612
103550025485000,19724000,-2.4299521
103550045040000,19555000,-4.1387215
103550064594000,19554000,-5.339445
103550084208000,19614000,-6.3659163
103550103873000,19665000,-6.593667
103550123693000,19820000,-5.973011
103550142921000,19228000,-5.1674514
103550162643000,19722000,-4.0344377
103550182065000,19422000,-1.692872
103550201972000,19907000,1.5130529
103550221195000,19223000,2.8122406
103550241157000,19962000,2.2735395
103550260450000,19293000,2.1175241
103550280129000,19679000,3.669734
103550299781000,19652000,4.940585
103550319244000,19463000,4.861496
103550338711000,19467000,5.105216
103550358351000,19640000,5.028982
103550377965000,19614000,3.8788104
103550397408000,19443000,2.5716233
103550416933000,19525000,1.8354435
103550436510000,19577000,0.87036943
103550456150000,19640000,-0.54520845
103550475680000,19530000,-1.0582852
103550495472000,19792000,-1.6143827
103550514843000,19371000,-2.2546115
103550534427000,19584000,-2.8317332
103550554036000,19609000,-3.6774802
103550573917000,19881000,-4.9716964
103550593209000,19292000,-5.7282925
103550612868000,19659000,-5.8807917
103550632340000,19472000,-5.4428153
103550651976000,19636000,-4.198899
103550671539000,19563000,-2.5508585
103550691142000,19603000,-0.90344334
103550710729000,19587000,0.65976906
103550730710000,19981000,1.6899395
103550750027000,19317000,2.6478348
103550769625000,19598000,3.6921082
103550789176000,19551000,4.7107115
103550808865000,19689000,3.7728195
103550828329000,19464000,1.8222461
103550848145000,19816000,1.7976174
103550867581000,19436000,3.6365862
103550887697000,20116000,3.8100657
103550907098000,19401000,2.0735269
103550926478000,19380000,1.0540824
103550945815000,19337000,1.657485
103550965603000,19788000,2.701291
103550985287000,19684000,1.8006945
103551005056000,19769000,0.63037586
103551024165000,19109000,-1.201119
103551043837000,19672000,-2.749012
103551063490000,19653000,-3.9080896
103551082961000,19471000,-4.8595977
103551102760000,19799000,-4.903724
103551122170000,19410000,-4.3183393
103551141850000,19680000,-3.87999
103551161282000,19432000,-2.8180242
103551180989000,19707000,-0.7843914
103551200444000,19455000,1.3172636
103551220239000,19795000,1.9118385
103551239736000,19497000,1.7725859
103551259530000,19794000,1.7307386
103551278818000,19288000,2.5754662
103551298423000,19605000,4.3714075
103551318307000,19884000,4.482547
103551338020000,19713000,3.376727
103551357471000,19451000,3.229126
103551376908000,19437000,3.5167704
103551396513000,19605000,2.9720812
103551416217000,19704000,1.5565624
103551435542000,19325000,0.38620472
103551455073000,19531000,-0.9364743
103551474583000,19510000,-2.0195384
103551494154000,19571000,-2.105276
103551513778000,19624000,-2.0434551
103551533351000,19573000,-2.2430477
103551552921000,19570000,-3.3059072
103551572532000,19611000,-4.4564734
103551592096000,19564000,-5.57205
103551611679000,19583000,-5.726675
103551631271000,19592000,-4.800153
103551651012000,19741000,-3.9375706
103551670505000,19493000,-3.3693147
103551690144000,19639000,-2.3878565
103551709655000,19511000,-0.63521385
103551729289000,19634000,1.574954
103551748867000,19578000,2.8140106
103551768431000,19564000,3.7389183
103551788008000,19577000,4.660405
103551807857000,19849000,4.567477
103551827285000,19428000,3.1007404
103551847023000,19738000,2.7764406
103551866450000,19427000,4.0473166
103551886122000,19672000,3.5565815
103551905722000,19600000,1.993711
103551925673000,19951000,0.642859
103551944860000,19187000,0.31907845
103551964681000,19821000,1.1613436
103551983969000,19288000,2.1104298
103552003577000,19608000,1.4129047
103552023409000,19832000,-0.5010071
103552042662000,19253000,-2.3375602
103552062223000,19561000,-4.2616467
103552081771000,19548000,-5.593823
103552101379000,19608000,-6.2476664
103552120918000,19539000,-6.0982866
103552140528000,19610000,-5.5001745
103552160143000,19615000,-3.641695
103552179673000,19530000,-1.419796
103552199299000,19626000,1.6823549
103552219128000,19829000,3.5525875
103552238539000,19411000,3.6400232
103552258379000,19840000,3.1761532
103552277711000,19332000,3.2906342
103552297464000,19753000,3.7954693
103552316963000,19499000,3.8521862
103552336486000,19523000,3.219367
103552356096000,19610000,3.133584
103552375673000,19577000,2.6902423
103552395200000,19527000,1.984489
103552414823000,19623000,1.2864857
103552434331000,19508000,0.94711876
103552454143000,19812000,0.24483204
103552473840000,19697000,-0.56095695
103552493147000,19307000,-1.3049684
103552512880000,19733000,-1.6141
103552532629000,19749000,-2.7415385
103552551808000,19179000,-3.5273166
103552571308000,19500000,-4.537221
103552590851000,19543000,-5.0160537
103552610449000,19598000,-5.0906816
103552630066000,19617000,-5.004398
103552649633000,19567000,-4.159961
103552669258000,19625000,-2.402608
103552688770000,19512000,-0.060507774
103552708383000,19613000,1.1184111
103552727959000,19576000,0.8180685
103552747532000,19573000,1.0566387
103552767414000,19882000,2.4156837
103552786733000,19319000,3.7691545
103552806309000,19576000,4.2815466
103552825901000,19592000,3.328301
103552845556000,19655000,2.336021
103552865210000,19654000,3.577005
103552885020000,19810000,4.0398493
103552904311000,19291000,2.576745
103552924109000,19798000,0.92963314
103552943585000,19476000,0.5220523
103552963239000,19654000,1.7622051
103552982679000,19440000,2.5146265
103553002346000,19667000,1.5995398
103553021844000,19498000,-0.36124706
103553041456000,19612000,-1.8664522
103553061224000,19768000,-3.0807133
103553080845000,19621000,-4.30136
103553100140000,19295000,-5.2509565
103553119845000,19705000,-5.307213
103553140112000,20267000,-4.8048024
103553158903000,18791000,-3.6837883
103553178448000,19545000,-2.319714
103553198188000,19740000,-0.6919117
103553217702000,19514000,1.0796757
103553237326000,19624000,2.719759
103553257704000,20378000,2.2665052
103553276453000,18749000,1.690484
103553296237000,19784000,3.2798882
103553315538000,19301000,4.5879583
103553335453000,19915000,4.2238827
103553354651000,19198000,3.5762367
103553374475000,19824000,3.3634796
103553394052000,19577000,2.1260242
103553413583000,19531000,0.9163027
103553433026000,19443000,0.35011864
103553452696000,19670000,-0.084934235
103553472199000,19503000,-1.030478
103553491660000,19461000,-1.4225669
103553511276000,19616000,-1.4420667
103553530842000,19566000,-1.4606233
103553550409000,19567000,-1.9851303
103553570664000,20255000,-3.23668
103553589638000,18974000,-4.7105746
103553609418000,19780000,-5.556752
103553628872000,19454000,-5.693968
103553648289000,19417000,-4.8495812
103553668013000,19724000,-3.6511078
103553687451000,19438000,-1.8120818
103553707223000,19772000,-0.27156258
103553726711000,19488000,0.8283558
103553746342000,19631000,1.9195242
103553765819000,19477000,2.8549519
103553785453000,19634000,3.813158
103553805114000,19661000,4.358468
103553824549000,19435000,3.3469782
103553844127000,19578000,1.9162354
103553863765000,19638000,2.9114838
103553883289000,19524000,4.8726172
103553902862000,19573000,4.8862233
103553922448000,19586000,3.3736887
103553942008000,19560000,1.8118191
103553961596000,19588000,0.8175459
103553981229000,19633000,0.78062296
103554000781000,19552000,0.7913046
103554020351000,19570000,-0.04043007
103554040003000,19652000,-1.5127249
103554059521000,19518000,-2.886734
103554079122000,19601000,-4.113887
103554098675000,19553000,-4.7432017
103554118815000,20140000,-5.032285
103554137909000,19094000,-5.0505023
103554157408000,19499000,-4.5597906
103554177039000,19631000,-3.4592934
103554197011000,19972000,-0.8457432
103554216388000,19377000,2.4124804
103554236464000,20076000,3.4964113
103554255471000,19007000,2.7323866
103554275328000,19857000,2.235695
103554294605000,19277000,3.0226936
103554314273000,19668000,3.8538656
103554333879000,19606000,3.720461
103554353384000,19505000,3.1104221
103554373095000,19711000,2.7821064
103554392475000,19380000,2.828539
103554412066000,19591000,2.9415903
103554431769000,19703000,2.3375387
103554451400000,19631000,1.2701893
103554470875000,19475000,-0.004388809
103554490710000,19835000,-1.2307744
103554510099000,19389000,-2.703384
103554529610000,19511000,-3.7412
103554549261000,19651000,-4.0067086
103554568724000,19463000,-4.119427
103554589017000,20293000,-4.201485
103554607957000,18940000,-4.5519667
103554627656000,19699000,-4.951041
103554647281000,19625000,-4.762574
103554666489000,19208000,-4.197491
103554686126000,19637000,-2.7175417
103554705662000,19536000,-0.63347816
103554725236000,19574000,0.78405285
103554744840000,19604000,1.8699236
103554764424000,19584000,2.3239279
103554783968000,19544000,3.4531937
103554803578000,19610000,4.323859
103554823139000,19561000,3.8108692
103554842768000,19629000,1.8252707
103554862589000,19821000,1.5560465
103554881890000,19301000,2.9613824
103554901458000,19568000,3.6447253
103554921037000,19579000,2.611526
103554940697000,19660000,1.6269507
103554960211000,19514000,1.7312713
103554979806000,19595000,1.7624512
103554999349000,19543000,1.4029617
103555018936000,19587000,0.7565279
103555038608000,19672000,-0.18810749
103555058185000,19577000,-1.3841939
103555078122000,19937000,-2.709393
103555097776000,19654000,-3.8482118
103555117193000,19417000,-4.7921596
103555136913000,19720000,-5.30291
103555156062000,19149000,-5.3355064
103555175920000,19858000,-4.3066716
103555195316000,19396000,-1.9458232
103555215015000,19699000,0.9451628
103555234426000,19411000,2.4265518
103555254265000,19839000,2.2049313
103555273629000,19364000,1.3571968
103555293341000,19712000,0.79039
103555313139000,19798000,1.9276056
103555332438000,19299000,3.4731312
103555352094000,19656000,3.3680305
103555371678000,19584000,2.2171183
103555391022000,19344000,1.8536663
103555410820000,19798000,2.4263582
103555430283000,19463000,1.8290558
103555449884000,19601000,0.7334833
103555469382000,19498000,0.3891039
103555488993000,19611000,-0.06052208
103555508524000,19531000,-0.7991581
103555528171000,19647000,-1.1101308
103555547642000,19471000,-1.0800495
103555567448000,19806000,-1.9460249
103555587170000,19722000,-3.2977543
103555606849000,19679000,-4.189479
103555626645000,19796000,-5.1123104
103555645613000,18968000,-5.2955427
103555665474000,19861000,-4.961044
103555684770000,19296000,-3.8004346
103555704593000,19823000,-1.9624047
103555723876000,19283000,0.5682068
103555743420000,19544000,2.0643473
103555762923000,19503000,2.5552044
103555782599000,19676000,2.8912697
103555802082000,19483000,3.6707602
103555821686000,19604000,4.55424
103555841227000,19541000,4.7621756
103555860841000,19614000,3.1719542
103555880432000,19591000,1.5751829
103555899975000,19543000,2.0931354
103555919574000,19599000,3.3265915
103555939136000,19562000,2.462729
103555958701000,19565000,0.6363702
103555978342000,19641000,0.5735903
103555997887000,19545000,1.6319771
103556017516000,19629000,1.7516251
103556037481000,19965000,1.0934277
103556056727000,19246000,0.22291374
103556076633000,19906000,-0.7592106
103556095996000,19363000,-2.5543275
103556115794000,19798000,-4.1799226
103556135122000,19328000,-4.997167
103556154768000,19646000,-5.056253
103556174241000,19473000,-4.8293285
103556193880000,19639000,-3.926858
103556213416000,19536000,-3.1881232
103556233126000,19710000,-1.5577965
103556252537000,19411000,0.4046383
103556272253000,19716000,1.5073614
103556291697000,19444000,0.89658356
103556311369000,19672000,0.2089014
103556330844000,19475000,1.2700548
103556351058000,20214000,3.150775
103556370025000,18967000,3.118864
103556389691000,19666000,2.0467215
103556409219000,19528000,2.1870584
103556428856000,19637000,3.3237953
103556448647000,19791000,2.982851
103556467956000,19309000,1.7206173
103556487472000,19516000,0.32274342
103556507071000,19599000,-1.0349603
103556526901000,19830000,-1.7913222
103556546189000,19288000,-1.2074494
103556566161000,19972000,-0.23303795
103556585433000,19272000,-0.56106377
103556605258000,19825000,-1.5518136
103556624554000,19296000,-2.9491282
103556644223000,19669000,-3.7895741
103556663715000,19492000,-3.8766904
103556683467000,19752000,-3.6076226
103556702888000,19421000,-3.0946083
103556722769000,19881000,-1.7211776
103556742040000,19271000,-0.25623608
103556761713000,19673000,0.53284264
103556781166000,19453000,1.1180363
103556801008000,19842000,2.0096846
103556820428000,19420000,3.024104
103556840317000,19889000,3.883523
103556859422000,19105000,3.4653988
103556879020000,19598000,2.0856695
103556898744000,19724000,2.0920153
103556918186000,19442000,3.6905427
103556937772000,19586000,3.5071769
103556957421000,19649000,2.249807
103556976941000,19520000,1.7398291
103556996481000,19540000,1.6930027
103557016113000,19632000,1.3286505
103557035644000,19531000,1.0175095
103557055201000,19557000,0.28768063
103557074804000,19603000,-0.75774
103557094381000,19577000,-2.4939475
103557114009000,19628000,-3.8593602
103557133535000,19526000,-4.9599795
103557153126000,19591000,-5.5375977
103557172766000,19640000,-5.7553215
103557192798000,20032000,-5.526985
103557212181000,19383000,-4.6568174
103557231536000,19355000,-2.3748097
103557251567000,20031000,-0.07501602
103557270780000,19213000,1.7539759
103557290447000,19667000,2.2635298
103557310083000,19636000,1.727685
103557329482000,19399000,1.796937
103557349013000,19531000,3.2999039
103557368683000,19670000,3.9055624
103557388551000,19868000,2.8164053
103557407930000,19379000,2.3407373
103557427594000,19664000,3.5055633
103557447190000,19596000,3.9517517
103557466701000,19511000,2.8743668
103557486156000,19455000,1.5774722
103557505807000,19651000,0.44689465
103557525288000,19481000,-0.49084282
103557544919000,19631000,-1.016993
103557564650000,19731000,-0.8722267
103557584354000,19704000,-0.86853313
103557603620000,19266000,-1.68368
103557623302000,19682000,-2.581061
103557642893000,19591000,-3.705504
103557662549000,19656000,-4.436822
103557682408000,19859000,-5.1130385
103557702086000,19678000,-5.0205245
103557721137000,19051000,-4.1958528
103557740762000,19625000,-2.576707
103557760251000,19489000,-0.98804855
103557779862000,19611000,0.011452675
103557799796000,19934000,0.6458483
103557819010000,19214000,1.2842216
103557838830000,19820000,2.9136906
103557858125000,19295000,4.5811663
103557877865000,19740000,4.704052
103557897396000,19531000,2.828732
103557916840000,19444000,2.9473996
103557936388000,19548000,3.960092
103557955987000,19599000,4.2721915
103557975542000,19555000,2.9052396
103557995209000,19667000,2.311092
103558014700000,19491000,2.5515866
103558034327000,19627000,2.635563
103558053850000,19523000,2.398406
103558073605000,19755000,1.4062881
103558093075000,19470000,0.07117081
103558112599000,19524000,-1.828515
103558132222000,19623000,-3.6324906
103558152064000,19842000,-5.196516
103558171343000,19279000,-6.2785807
103558190897000,19554000,-6.924529
103558210511000,19614000,-6.395041
103558230146000,19635000,-4.5270467
103558249810000,19664000,-2.1374722
103558269269000,19459000,-0.08775139
103558288936000,19667000,0.8343878
103558308410000,19474000,1.00138
103558328460000,20050000,0.17370033
103558347717000,19257000,0.0746851
103558367540000,19823000,1.5927076
103558386942000,19402000,3.391492
103558406765000,19823000,3.3912525
103558426078000,19313000,3.1325302
103558445764000,19686000,3.2382507
103558465105000,19341000,2.400342
103558484705000,19600000,1.4955721
103558504286000,19581000,0.25572395
103558524159000,19873000,-0.41691875
103558543535000,19376000,-0.76248026
103558563057000,19522000,-0.92620325
103558582566000,19509000,-0.4957695
103558602332000,19766000,-0.32353878
103558621705000,19373000,-0.8972931
103558641320000,19615000,-2.2478423
103558660961000,19641000,-3.5256972
103558680520000,19559000,-4.13111
103558700044000,19524000,-4.288381
103558719698000,19654000,-3.6474414
103558739169000,19471000,-3.047781
103558758801000,19632000,-2.1612597
103558778293000,19492000,-1.0081768
103558797907000,19614000,0.42795277
103558817835000,19928000,1.5102253
103558837024000,19189000,1.9779406
103558856846000,19822000,2.8574705
103558876284000,19438000,3.9066048
103558896106000,19822000,4.2142153
103558915489000,19383000,2.8309474
103558934982000,19493000,3.1188426
103558954431000,19449000,5.090777
103558974031000,19600000,5.6393123
103558993794000,19763000,4.0336194
103559013236000,19442000,2.3433766
103559032722000,19486000,2.1023264
103559052338000,19616000,2.5290098
103559071872000,19534000,2.481614
103559091457000,19585000,1.4507666
103559111078000,19621000,-0.22943592
103559130818000,19740000,-1.7840714
103559150232000,19414000,-3.4127493
103559169769000,19537000,-4.6839037
103559189328000,19559000,-5.9119167
103559208927000,19599000,-6.932087
103559228521000,19594000,-7.197111
103559248093000,19572000,-6.7165093
103559267818000,19725000,-5.443746
103559287370000,19552000,-3.4333863
103559307275000,19905000,-1.1812887
103559326480000,19205000,0.72671986
103559346304000,19824000,1.2892561
103559366012000,19708000,0.8923893
103559385559000,19547000,1.0695257
103559404913000,19354000,3.1630592
103559424517000,19604000,4.1511116
103559443997000,19480000,3.0998182
103559463757000,19760000,2.6400495
103559483159000,19402000,3.4144816
103559502880000,19721000,3.0032225
103559522750000,19870000,1.882452
103559542000000,19250000,1.3781667
103559561436000,19436000,1.1870675
103559581128000,19692000,1.1615791
103559600734000,19606000,0.5259075
103559620192000,19458000,0.056661606
103559639838000,19646000,-1.1179333
103559659452000,19614000,-2.3937054
103559678954000,19502000,-3.281382
103559698608000,19654000,-4.00097
103559718064000,19456000,-4.3321433
103559737702000,19638000,-4.802356
103559757189000,19487000,-4.3895965
103559777284000,20095000,-3.5652719
103559796702000,19418000,-2.004201
103559815930000,19228000,0.17729473
103559835759000,19829000,1.9629784
103559855063000,19304000,2.7858658
103559874875000,19812000,3.4409409
103559894295000,19420000,4.582676
103559913866000,19571000,5.430439
103559933426000,19560000,4.6096516
103559953010000,19584000,2.8925729
103559972545000,19535000,2.759428
103559992031000,19486000,4.223822
103560011590000,19559000,5.214855
103560031270000,19680000,4.066209
103560050752000,19482000,2.467195
103560070357000,19605000,1.5899601
103560090024000,19667000,1.3836899
103560109532000,19508000,1.4177523
103560129208000,19676000,0.7818432
103560148669000,19461000,-0.5703182
103560168236000,19567000,-2.112102
103560187853000,19617000,-3.412313
103560207402000,19549000,-4.5949416
103560226996000,19594000,-5.6501203
103560246720000,19724000,-6.261652
103560266184000,19464000,-6.4024124
103560285848000,19664000,-6.1986046
103560305552000,19704000,-5.089747
103560325213000,19661000,-4.1469183
103560344646000,19433000,-2.8754086
103560364502000,19856000,-1.4305773
103560383778000,19276000,0.26979828
103560403727000,19949000,1.7205496
103560422924000,19197000,2.116725
103560442681000,19757000,2.6713734
103560462090000,19409000,2.888276
103560481976000,19886000,2.3896446
103560501201000,19225000,2.733676
103560521159000,19958000,3.9486523
103560540391000,19232000,4.843023
103560560157000,19766000,4.357822
103560579646000,19489000,3.1061273
103560599302000,19656000,2.2374187
103560618890000,19588000,1.5838633
103560638357000,19467000,0.98063374
103560657907000,19550000,0.49368572
103560677470000,19563000,-0.55594635
103560697401000,19931000,-1.3728886
103560716630000,19229000,-2.095777
103560736452000,19822000,-2.5615249
103560755872000,19420000,-3.065092
103560775436000,19564000,-3.1374397
103560795006000,19570000,-3.2113967
103560814666000,19660000,-2.706585
103560834152000,19486000,-1.773756
103560853778000,19626000,-1.3697796
103560873283000,19505000,-0.98066044
103560893131000,19848000,-0.6100178
103560912481000,19350000,-0.76515675
103560932163000,19682000,-0.83966446
103560951623000,19460000,-0.15305233
103560971263000,19640000,0.6553116
103560990841000,19578000,1.1755638
103561010541000,19700000,1.075264
103561029969000,19428000,1.19067
103561049608000,19639000,0.86544895
103561069197000,19589000,1.1876316
103561088643000,19446000,2.0210953
103561108229000,19586000,2.3877516
103561127769000,19540000,2.9769402
103561147399000,19630000,3.156434
103561166935000,19536000,2.4479666
103561186535000,19600000,0.9670553
103561206125000,19590000,0.01812172
103561225671000,19546000,-0.60575867
103561245283000,19612000,-0.78447723
103561264869000,19586000,-0.47297764
103561284435000,19566000,0.35491848
103561304046000,19611000,1.1499348
103561323610000,19564000,1.5910673
103561343201000,19591000,1.1635857
103561363829000,20628000,0.059562683
103561382747000,18918000,-0.993845
103561402122000,19375000,-1.9588103
103561421781000,19659000,-2.337041
103561441230000,19449000,-2.4530687
103561460886000,19656000,-1.7302198
103561480433000,19547000,-1.028676
103561500005000,19572000,-0.38564968
103561519947000,19942000,-0.049798965
103561539108000,19161000,0.7223253
103561558925000,19817000,0.9519291
103561578399000,19474000,0.8253803
103561598634000,20235000,0.4342909
103561617502000,18868000,0.21300888
103561637286000,19784000,-0.110075
103561656783000,19497000,-0.537776
103561676407000,19624000,-0.51603603
103561695821000,19414000,-0.6002283
103561715668000,19847000,-0.5788603
103561734963000,19295000,-0.77547836
103561754804000,19841000,-0.57527256
103561774104000,19300000,-0.20566654
103561793753000,19649000,0.8523693
103561813351000,19598000,1.3933372
103561832962000,19611000,0.67030907
103561852476000,19514000,0.0040302277
103561872163000,19687000,0.121237755
103561891962000,19799000,0.59972763
103561911229000,19267000,0.19423103
103561931125000,19896000,-0.55933
103561950483000,19358000,-0.43465137
103561970141000,19658000,0.20498371
103561989488000,19347000,1.0924969
103562009091000,19603000,1.9410858
103562028615000,19524000,2.5780048
103562048204000,19589000,2.4653625
103562067811000,19607000,1.447463
103562087418000,19607000,0.32621956
103562106943000,19525000,-0.24865341
103562126608000,19665000,-0.39229107
103562146113000,19505000,-0.6582937
103562165989000,19876000,-0.6037607
103562185281000,19292000,-0.6459379
103562204908000,19627000,-0.39851093
103562224417000,19509000,0.084280014
103562244002000,19585000,0.55576706
103562263583000,19581000,0.5382967
103562283182000,19599000,0.108501434
103562302859000,19677000,-0.23642349
103562322350000,19491000,-0.5743265
103562342059000,19709000,-0.54220295
103562361504000,19445000,-0.44736767
103562381177000,19673000,-0.5966406
103562400731000,19554000,-0.5498972
103562420290000,19559000,-0.36487865
103562439877000,19587000,-0.50155926
103562459766000,19889000,-0.9409628
103562479295000,19529000,-1.3005209
103562498722000,19427000,-0.62262535
103562518289000,19567000,0.36508656
103562538001000,19712000,1.087821
103562557524000,19523000,1.5634146
103562577207000,19683000,1.5215731
103562596715000,19508000,0.61453056
103562616336000,19621000,0.046031
103562635821000,19485000,-0.3583517
103562655489000,19668000,-0.8485098
103562675247000,19758000,-1.5195732
103562694617000,19370000,-2.350009
103562714123000,19506000,-2.857757
103562733703000,19580000,-2.8086114
103562753530000,19827000,-2.2741213
103562772815000,19285000,-1.4607735
103562792637000,19822000,-0.5750265
103562812093000,19456000,-0.43955326
103562831611000,19518000,-0.9204769
103562851202000,19591000,-0.8511734
103562870851000,19649000,-0.808939
103562890346000,19495000,-0.7014313
103562910098000,19752000,-0.60796547
103562929468000,19370000,0.023291588
103562949063000,19595000,0.09805298
103562968643000,19580000,0.11153126
103562988305000,19662000,0.8847809
103563007848000,19543000,1.6491928
103563027612000,19764000,1.8468742
103563047093000,19481000,2.2415562
103563067135000,20042000,1.968297
103563086524000,19389000,1.6195164
103563105831000,19307000,2.3239431
103563125400000,19569000,3.4865713
103563144978000,19578000,5.1070366
103563164639000,19661000,6.073411
103563183988000,19349000,5.4847355
103563203611000,19623000,2.9355164
103563223147000,19536000,-0.5408697
103563242749000,19602000,-3.0086079
103563262327000,19578000,-4.0211096
103563281968000,19641000,-2.7257094
103563301494000,19526000,-1.1782074
103563321144000,19650000,-2.0672946
103563340814000,19670000,-3.141788
103563360260000,19446000,-3.9153538
103563379840000,19580000,-3.9415312
103563399424000,19584000,-3.7526374
103563419055000,19631000,-3.5953307
103563438592000,19537000,-4.0252686
103563458176000,19584000,-3.9711437
103563477850000,19674000,-3.397222
103563497356000,19506000,-2.6343193
103563517067000,19711000,-2.0315042
103563537264000,20197000,-1.5166569
103563556358000,19094000,-0.94977665
103563576003000,19645000,0.047005653
103563595447000,19444000,1.1390686
103563615242000,19795000,1.6102581
103563634685000,19443000,1.7196536
103563654222000,19537000,1.459815
103563673783000,19561000,1.226716
103563693466000,19683000,1.9351826
103563712838000,19372000,3.985549
103563732599000,19761000,5.3452044
103563752050000,19451000,5.4969006
103563771652000,19602000,4.094032
103563791240000,19588000,2.5533514
103563810993000,19753000,1.7370381
103563830429000,19436000,1.5737514
103563850091000,19662000,1.7233644
103563869562000,19471000,0.83447075
103563889165000,19603000,-0.31910515
103563909979000,20814000,-1.2344499
103563928309000,18330000,-2.162537
103563948199000,19890000,-3.212975
103563967425000,19226000,-3.973752
103563987240000,19815000,-4.053197
103564006704000,19464000,-3.9612117
103564026337000,19633000,-3.748814
103564045829000,19492000,-3.1828523
103564065456000,19627000,-2.4913416
103564084985000,19529000,-1.2933025
103564104567000,19582000,0.4070959
103564124063000,19496000,1.7209787
103564144393000,20330000,1.4160843
103564163252000,18859000,0.18294907
103564182755000,19503000,-0.22525978
103564202409000,19654000,1.2159414
103564221898000,19489000,3.234126
103564241501000,19603000,4.864909
103564261385000,19884000,6.044057
103564280649000,19264000,5.674506
103564300237000,19588000,3.0023484
103564319813000,19576000,0.66682816
103564339448000,19635000,-0.6431074
103564359017000,19569000,-0.27158737
103564378746000,19729000,-0.10740185
103564398217000,19471000,-0.7900224
103564417726000,19509000,-1.9254642
103564437303000,19577000,-2.6408463
103564456924000,19621000,-2.6189103
103564476458000,19534000,-2.59662
103564496062000,19604000,-2.833715
103564515661000,19599000,-3.4195843
103564535235000,19574000,-3.7753797
103564554854000,19619000,-3.898501
103564574408000,19554000,-3.7500787
103564594023000,19615000,-3.1389961
103564614233000,20210000,-1.7392163
103564633432000,19199000,-0.9011345
103564652920000,19488000,0.13708115
103564672565000,19645000,1.5213327
103564692030000,19465000,2.8963804
103564711667000,19637000,3.275013
103564731185000,19518000,3.7179813
103564750946000,19761000,3.2564754
103564770674000,19728000,2.6466646
103564789892000,19218000,4.1423125
103564809838000,19946000,5.3804874
103564829182000,19344000,4.6562295
103564848825000,19643000,2.8672137
103564868529000,19704000,2.4850636
103564887932000,19403000,2.0020819
103564907404000,19472000,1.2514372
103564927193000,19789000,0.69923306
103564946585000,19392000,-0.5238781
103564966157000,19572000,-2.0828767
103564986277000,20120000,-3.4701648
103565005408000,19131000,-4.3267393
103565024865000,19457000,-4.680143
103565044529000,19664000,-4.519452
103565064020000,19491000,-4.0847
103565083788000,19768000,-3.7321262
103565103294000,19506000,-2.961297
103565122846000,19552000,-2.5378733
103565142365000,19519000,-2.1011796
103565161980000,19615000,-1.1585617
103565181505000,19525000,0.18540287
103565201116000,19611000,0.15899563
103565221464000,20348000,-0.15435886
103565240568000,19104000,0.53099155
103565259838000,19270000,2.4163885
103565279502000,19664000,3.233057
103565298892000,19390000,4.1595387
103565318513000,19621000,6.2409773
103565338090000,19577000,7.152025
103565357664000,19574000,5.946843
103565377235000,19571000,4.458071
103565396802000,19567000,2.969482
103565416438000,19636000,0.73395395
103565435962000,19524000,-1.246872
103565455557000,19595000,-2.5426497
103565475125000,19568000,-2.6034203
103565494775000,19650000,-2.467063
103565514316000,19541000,-2.5572486
103565533872000,19556000,-3.6442523
103565553454000,19582000,-4.91071
103565573045000,19591000,-5.6947184
103565592649000,19604000,-5.911069
103565612268000,19619000,-4.825491
103565631944000,19676000,-3.3151088
103565651477000,19533000,-1.5722504
103565671072000,19595000,0.22711563
103565691034000,19962000,1.0042706
103565710269000,19235000,0.89549255
103565729876000,19607000,1.5363379
103565749514000,19638000,3.1992264
103565769082000,19568000,3.9155712
103565788637000,19555000,3.2119808
103565808168000,19531000,1.8427172
103565827894000,19726000,2.2884474
103565847339000,19445000,3.931651
103565867013000,19674000,3.9919872
103565886485000,19472000,3.2173958
103565906272000,19787000,3.4276857
103565925728000,19456000,3.593862
103565945684000,19956000,2.7603102
103565964847000,19163000,1.6268797
103565984877000,20030000,0.27237415
103566004155000,19278000,-1.2909551
103566023654000,19499000,-2.9015741
103566045512000,21858000,-4.1336756
103566065131000,19619000,-4.6410546
103566084651000,19520000,-4.6410856
103566104277000,19626000,-4.275761
103566123835000,19558000,-3.6513252
103566143583000,19748000,-3.2019038
103566163505000,19922000,-2.2159886
103566183066000,19561000,-0.9081631
103566202411000,19345000,0.8300533
103566221870000,19459000,1.5160761
103566241513000,19643000,1.292613
103566261122000,19609000,1.3337193
103566280717000,19595000,2.5070486
103566300492000,19775000,3.7469206
103566319844000,19352000,4.1032057
103566339345000,19501000,3.7960281
103566358974000,19629000,4.291976
103566378480000,19506000,3.689457
103566398013000,19533000,2.5789814
103566417605000,19592000,1.668746
103566437181000,19576000,0.6362314
103566456788000,19607000,-0.41684532
103566476366000,19578000,-1.3474259
103566496001000,19635000,-2.202335
103566515534000,19533000,-2.4902177
103566535304000,19770000,-2.7163463
103566554718000,19414000,-3.270687
103566574280000,19562000,-4.066508
103566593857000,19577000,-5.018682
103566613439000,19582000,-5.086126
103566633098000,19659000,-4.7806616
103566652654000,19556000,-4.176335
103566672228000,19574000,-2.5828905
103566691998000,19770000,-0.80600643
103566711478000,19480000,0.5338135
103566731087000,19609000,1.5050297
103566750611000,19524000,2.2294722
103566770424000,19813000,2.8671274
103566790142000,19718000,3.8436937
103566809360000,19218000,4.2446947
103566829164000,19804000,3.349472
103566848659000,19495000,3.5425944
103566868411000,19752000,4.567285
103566888282000,19871000,3.890746
103566907522000,19240000,2.7215357
103566926860000,19338000,2.516101
103566946650000,19790000,2.7971973
103566966034000,19384000,2.7886438
103566985602000,19568000,1.788332
103567005288000,19686000,0.39804554
103567025031000,19743000,-0.9324608
103567044300000,19269000,-2.4977221
103567063834000,19534000,-3.828486
103567083367000,19533000,-4.951732
103567102950000,19583000,-5.6069193
103567122532000,19582000,-5.629671
103567142130000,19598000,-5.144253
103567161707000,19577000,-4.2008305
103567181359000,19652000,-2.488544
103567200941000,19582000,-0.35273933
103567220570000,19629000,1.838131
103567240099000,19529000,2.311696
103567259686000,19587000,1.6678305
103567279511000,19825000,1.5582981
103567298823000,19312000,2.8084507
103567318620000,19797000,3.1452484
103567338034000,19414000,2.1540651
103567357731000,19697000,2.794036
103567377178000,19447000,4.6567965
103567396790000,19612000,4.4624577
103567416346000,19556000,3.5114813
103567435952000,19606000,1.8033457
103567455467000,19515000,0.030358315
103567475001000,19534000,-2.0702453
103567494526000,19525000,-3.7040796
103567514114000,19588000,-3.7865362
103567533690000,19576000,-2.3414812
103567553274000,19584000,-1.8444953
103567573083000,19809000,-3.2599277
103567592440000,19357000,-4.816257
103567612015000,19575000,-5.4140854
103567631618000,19603000,-5.1435313
103567651241000,19623000,-4.8241835
103567670828000,19587000,-3.400899
103567690464000,19636000,-1.19981
103567709941000,19477000,1.1035528
103567729579000,19638000,1.5102463
103567749120000,19541000,0.7935076
103567768746000,19626000,1.0089798
103567788432000,19686000,2.2581968
103567808231000,19799000,3.2453804
103567827560000,19329000,2.5799499
103567847167000,19607000,2.0723543
103567866743000,19576000,3.880198
103567886459000,19716000,4.7809215
103567906313000,19854000,3.162673
103567925556000,19243000,1.9962487
103567945160000,19604000,1.9134097
103567964891000,19731000,2.4006257
103567984282000,19391000,2.546473
103568004273000,19991000,1.7230148
103568023401000,19128000,0.13344383
103568043099000,19698000,-1.7573271
103568062996000,19897000,-3.2703805
103568082737000,19741000,-4.4904943
103568102062000,19325000,-5.2719307
103568121311000,19249000,-4.9143395
103568141095000,19784000,-4.0388703
103568160557000,19462000,-3.4043102
103568180363000,19806000,-2.8318992
103568199695000,19332000,-1.7864666
103568219252000,19557000,0.34374142
103568238815000,19563000,1.6370554
103568258570000,19755000,1.9121256
103568277981000,19411000,1.3079281
103568297702000,19721000,1.0955639
103568317260000,19558000,2.2193718
103568337083000,19823000,3.1361313
103568356399000,19316000,2.112585
103568376019000,19620000,1.7461853
103568395525000,19506000,2.358049
103568415266000,19741000,2.4514093
103568434625000,19359000,2.1617794
103568454735000,20110000,1.6797485
103568474127000,19392000,1.0502539
103568493398000,19271000,-0.008869171
103568513229000,19831000,-0.6316271
103568532524000,19295000,-1.0767112
103568552055000,19531000,-1.4707956
103568571984000,19929000,-2.2848287
103568591195000,19211000,-3.1264553
103568610781000,19586000,-4.256295
103568630411000,19630000,-5.2838745
103568649938000,19527000,-5.2257023
103568669593000,19655000,-4.5925508
103568689150000,19557000,-3.0164356
103568708711000,19561000,-1.453136
103568728293000,19582000,0.21080112
103568747867000,19574000,0.9739208
103568767517000,19650000,0.9426346
103568787040000,19523000,1.3309851
103568806630000,19590000,2.9890862
103568826429000,19799000,4.0472226
103568845876000,19447000,2.9033413
103568865495000,19619000,2.5541058
103568885362000,19867000,4.6378837
103568904635000,19273000,5.6259913
103568924660000,20025000,4.1708612
103568943764000,19104000,3.24328
103568963571000,19807000,3.3565798
103568982895000,19324000,3.7884684
103569002680000,19785000,2.931953
103569022126000,19446000,0.9296484
103569041662000,19536000,-1.0811877
103569061262000,19600000,-2.9570193
103569080895000,19633000,-4.379503
103569100440000,19545000,-5.08564
103569120162000,19722000,-5.1761303
103569139599000,19437000,-4.962712
103569159128000,19529000,-4.356959
103569178811000,19683000,-3.8094711
103569198392000,19581000,-3.1820216
103569217843000,19451000,-1.8619499
103569237606000,19763000,-0.40635777
103569257439000,19833000,0.6984329
103569276544000,19105000,1.2646751
103569296165000,19621000,0.57396984
103569315603000,19438000,0.680151
103569335175000,19572000,3.0261269
103569354757000,19582000,4.5542574
103569374561000,19804000,4.4296474
103569393990000,19429000,4.212742
103569413625000,19635000,3.8563032
103569433201000,19576000,2.741692
103569453096000,19895000,1.6885176
103569472312000,19216000,1.0269809
103569492137000,19825000,0.5858717
103569511439000,19302000,0.6438637
103569531086000,19647000,0.15499973
103569550659000,19573000,-0.6975517
103569570352000,19693000,-1.7120485
103569589786000,19434000,-2.6857991
103569609641000,19855000,-4.011547
103569628959000,19318000,-5.3152046
103569648429000,19470000,-5.878876
103569667994000,19565000,-6.0960374
103569687544000,19550000,-5.365597
103569707151000,19607000,-3.7969055
103569726776000,19625000,-1.7133074
103569746286000,19510000,0.07812691
103569765884000,19598000,0.8437958
103569785504000,19620000,1.8948717
103569804991000,19487000,2.8915606
103569824936000,19945000,4.2035885
103569844135000,19199000,5.2956734
103569863736000,19601000,4.5254345
103569883315000,19579000,3.7562022
103569902874000,19559000,4.892504
103569922439000,19565000,5.322058
103569942023000,19584000,4.293778
103569961687000,19664000,3.3769393
103569981324000,19637000,4.3170347
103570000847000,19523000,4.2468233
103570020703000,19856000,2.7495785
103570039984000,19281000,0.8144922
103570059814000,19830000,-1.3033404
103570079283000,19469000,-2.9768772
103570098922000,19639000,-4.595584
103570118236000,19314000,-5.8945417
103570137775000,19539000,-6.9929895
103570157374000,19599000,-7.473541
103570176929000,19555000,-7.0161295
103570196561000,19632000,-6.126524
103570216092000,19531000,-4.836474
103570235690000,19598000,-1.9364891
103570255391000,19701000,0.885314
103570274841000,19450000,1.5486908
103570294448000,19607000,1.05552
103570314105000,19657000,0.13496304
103570333551000,19446000,1.4103422
103570353127000,19576000,3.3519363
103570372709000,19582000,3.9905882
103570392310000,19601000,4.5959044
103570412062000,19752000,5.443222
103570431553000,19491000,4.7424436
103570451175000,19622000,3.3292856
103570470721000,19546000,2.790915
103570490273000,19552000,1.8833389
103570509794000,19521000,0.49683285
103570529395000,19601000,-0.6518979
103570549433000,20038000,-0.9024186
103570568542000,19109000,-1.2702069
103570588230000,19688000,-1.897438
103570607665000,19435000,-2.884489
103570627482000,19817000,-4.2001724
103570646931000,19449000,-5.6603165
103570666551000,19620000,-6.46918
103570686039000,19488000,-6.311552
103570705648000,19609000,-5.122111
103570725042000,19394000,-2.8015203
103570744747000,19705000,0.09750652
103570764196000,19449000,1.5194063
103570783855000,19659000,1.4753313
103570803354000,19499000,1.8659487
103570823251000,19897000,3.0412617
103570842518000,19267000,4.5992537
103570862103000,19585000,4.3034315
103570881716000,19613000,2.2543192
103570901258000,19542000,1.4858713
103570920869000,19611000,2.7949924
103570940684000,19815000,4.1857905
103570960025000,19341000,3.9173636
103570979606000,19581000,3.6948805
103570999454000,19848000,3.8458128
103571018814000,19360000,3.0558348
103571038362000,19548000,1.2717514
103571057911000,19549000,-0.5993061
103571077477000,19566000,-2.223044
103571097061000,19584000,-3.4354806
103571116649000,19588000,-4.2815638
103571136301000,19652000,-5.0544505
103571155928000,19627000,-5.2619967
103571175780000,19852000,-4.7577486
103571195157000,19377000,-3.7823505
103571214692000,19535000,-3.3250136
103571234262000,19570000,-2.5406365
103571253829000,19567000,-0.9906111
103571273585000,19756000,1.6459389
103571293191000,19606000,2.4659615
103571312752000,19561000,1.7626505
103571332241000,19489000,1.8576822
103571351906000,19665000,3.1007156
103571371389000,19483000,4.022069
103571391044000,19655000,3.3074455
103571410487000,19443000,2.8626585
103571430169000,19682000,3.2739248
103571449607000,19438000,3.8295078
103571469235000,19628000,3.8187246
103571489194000,19959000,2.3983717
103571508576000,19382000,0.34110165
103571528261000,19685000,-1.0657668
103571547637000,19376000,-1.8502798
103571567284000,19647000,-2.1368036
103571586747000,19463000,-2.7165446
103571606392000,19645000,-2.9834924
103571625857000,19465000,-3.4426537
103571645505000,19648000,-3.2983985
103571665126000,19621000,-4.4386525
103571684611000,19485000,-5.5552325
103571704181000,19570000,-5.1687818
103571723889000,19708000,-3.793313
103571743303000,19414000,-2.5409918
103571762996000,19693000,-2.1786656
103571782756000,19760000,-1.9836793
103571801997000,19241000,-1.2964725
103571821546000,19549000,0.27804852
103571841098000,19552000,2.1357574
103571860679000,19581000,3.748148
103571880251000,19572000,4.145051
103571899901000,19650000,3.8308659
103571919414000,19513000,5.4941263
103571939012000,19598000,7.649348
103571958602000,19590000,7.0697556
103571978186000,19584000,4.782421
103571997782000,19596000,2.8705912
103572017768000,19986000,1.618834
103572036899000,19131000,0.5596833
103572056492000,19593000,0.44544077
103572076100000,19608000,0.33100033
103572095642000,19542000,-0.9372735
103572115311000,19669000,-2.7706432
103572135106000,19795000,-4.0628405
103572154499000,19393000,-5.3922663
103572174214000,19715000,-5.692089
103572193654000,19440000,-5.6780396
103572213334000,19680000,-5.186029
103572232860000,19526000,-3.6925044
103572252766000,19906000,-1.3263235
103572272050000,19284000,0.5657244
103572291722000,19672000,1.5964689
103572311172000,19450000,2.0015955
103572330828000,19656000,1.8248549
103572350397000,19569000,1.6813993
103572369955000,19558000,2.7237377
103572389776000,19821000,2.6396294
103572409039000,19263000,1.5894737
103572428613000,19574000,2.3608541
103572448244000,19631000,3.3775167
103572469693000,21449000,2.5622692
103572487455000,17762000,1.5949373
103572511772000,24317000,0.869462
103572531325000,19553000,0.053124428
103572550901000,19576000,-0.80984306
103572570487000,19586000,-1.2327914
103572590112000,19625000,-1.3791575
103572609694000,19582000,-1.8522654
103572629241000,19547000,-3.1409302
103572648940000,19699000,-4.068322
103572668563000,19623000,-4.607364
103572688050000,19487000,-4.808599
103572707948000,19898000,-4.7606006
103572727561000,19613000,-3.6745734
103572746829000,19268000,-1.6646752
103572766720000,19891000,0.6968441
103572785918000,19198000,2.4053736
103572805819000,19901000,2.7279577
103572825179000,19360000,2.5116224
103572844653000,19474000,3.3905487
103572864253000,19600000,4.5085783
103572883737000,19484000,4.876026
103572903295000,19558000,3.4282217
103572922892000,19597000,2.742023
103572942572000,19680000,3.233076
103572962032000,19460000,3.7896414
103572981589000,19557000,3.6269865
103573001230000,19641000,3.284212
103573020737000,19507000,3.11168
103573040391000,19654000,1.7929754
103573059913000,19522000,0.50443745
103573079476000,19563000,-0.63090134
103573099049000,19573000,-1.6226487
103573118618000,19569000,-2.977388
103573138248000,19630000,-4.1861243
103573157792000,19544000,-4.777793
103573177357000,19565000,-5.2970715
103573197158000,19801000,-5.58052
103573216620000,19462000,-5.965919
103573236267000,19647000,-5.6805434
103573255737000,19470000,-3.8412166
103573275369000,19632000,-0.71517086
103573295284000,19915000,1.3581705
103573314478000,19194000,1.2534189
103573334306000,19828000,0.13020897
103573353602000,19296000,-0.22918606
103573373540000,19938000,1.3892059
103573392967000,19427000,2.288888
103573412522000,19555000,2.3056974
103573431951000,19429000,3.402954
103573451771000,19820000,4.2509127
103573471094000,19323000,3.9060478
103573490883000,19789000,3.3969917
103573510328000,19445000,2.780623
103573529847000,19519000,1.1952043
103573549563000,19716000,-0.30324936
103573569036000,19473000,-1.0554433
103573588548000,19512000,-1.1288304
103573608238000,19690000,-1.9875808
103573627693000,19455000,-3.0440297
103573647335000,19642000,-3.807643
103573667133000,19798000,-4.324136
103573686448000,19315000,-4.64043
103573706054000,19606000,-4.3831854
103573725688000,19634000,-3.411377
103573747547000,21859000,-2.592496
103573767178000,19631000,-1.5355625
103573786641000,19463000,-0.18641376
103573806210000,19569000,0.7793474
103573825800000,19590000,1.1230869
103573845322000,19522000,1.5805206
103573864918000,19596000,2.9444256
103573884497000,19579000,3.555399
103573904078000,19581000,2.86553
103573923693000,19615000,3.71833
103573943195000,19502000,5.9713936
103573962786000,19591000,6.1892757
103573982366000,19580000,5.7265472
103574001950000,19584000,4.9815574
103574021518000,19568000,3.761229
103574041060000,19542000,2.0670185
103574060725000,19665000,0.5349026
103574080223000,19498000,-0.88312006
103574099804000,19581000,-2.655033
103574119367000,19563000,-4.4602017
103574138959000,19592000,-5.555004
103574158525000,19566000,-6.0566697
103574178289000,19764000,-5.795557
103574197767000,19478000,-5.19803
103574217528000,19761000,-4.15623
103574236983000,19455000,-2.2819977
103574256601000,19618000,-0.66468525
103574276105000,19504000,0.28850174
103574295763000,19658000,0.512022
103574315211000,19448000,1.1024761
103574334824000,19613000,1.126689
103574354329000,19505000,2.0627556
103574374011000,19682000,3.3027391
103574393489000,19478000,3.4727573
103574413088000,19599000,4.533784
103574432998000,19910000,5.4025173
103574452218000,19220000,4.4443645
103574471881000,19663000,3.203371
103574491477000,19596000,2.8838835
103574511273000,19796000,1.5129223
103574530582000,19309000,-0.6912956
103574550238000,19656000,-2.7269392
103574569704000,19466000,-3.3554368
103574589347000,19643000,-3.3677468
103574608854000,19507000,-3.398965
103574628803000,19949000,-4.143185
103574648008000,19205000,-5.1270185
103574667549000,19541000,-5.4389114
103574687141000,19592000,-5.2041163
103574706835000,19694000,-4.3587127
103574726300000,19465000,-2.8053331
103574746270000,19970000,-0.8865347
103574765542000,19272000,0.468462
103574785017000,19475000,1.2715254
103574804653000,19636000,1.2815266
103574824364000,19711000,2.0549784
103574843642000,19278000,3.3074856
103574863220000,19578000,3.83852
103574882798000,19578000,3.2521114
103574902453000,19655000,1.0968041
103574922012000,19559000,1.4257684
103574941570000,19558000,3.7565374
103574961131000,19561000,4.640993
103574980833000,19702000,4.156372
103575000339000,19506000,3.627317
103575019855000,19516000,2.7501888
103575039433000,19578000,2.46737
103575059059000,19626000,2.2479553
103575078581000,19522000,1.5629387
103575098130000,19549000,-0.28903008
103575117720000,19590000,-2.5911012
103575137271000,19551000,-4.6248717
103575156867000,19596000,-5.766424
103575176447000,19580000,-5.486227
103575196080000,19633000,-4.384745
103575215579000,19499000,-3.734869
103575235179000,19600000,-3.3181462
103575254778000,19599000,-2.3076057
103575274337000,19559000,-0.5702276
103575293950000,19613000,1.1614962
103575313510000,19560000,1.5375452
103575333103000,19593000,1.4079485
103575352687000,19584000,1.5633087
103575372365000,19678000,2.9093094
103575392011000,19646000,3.6896677
103575411863000,19852000,2.973156
103575431107000,19244000,3.3167562
103575450765000,19658000,4.1951056
103575470236000,19471000,3.6309557
103575490043000,19807000,2.884552
103575509458000,19415000,1.6704845
103575529147000,19689000,0.50726795
103575548623000,19476000,-0.90457153
103575568158000,19535000,-1.9056292
103575587797000,19639000,-2.6195178
103575607502000,19705000,-3.2254095
103575626915000,19413000,-4.226849
103575646636000,19721000,-4.558277
103575666049000,19413000,-4.8405247
103575686312000,20263000,-4.9472485
103575705272000,18960000,-4.396401
103575724855000,19583000,-3.1616144
103575744478000,19623000,-2.2184339
103575763977000,19499000,-1.3785591
103575783574000,19597000,-0.24506283
103575803758000,20184000,0.6398983
103575822706000,18948000,1.6795797
103575842360000,19654000,2.2524214
103575862187000,19827000,2.9585047
103575881453000,19266000,3.1134415
103575901158000,19705000,2.5338182
103575920561000,19403000,1.3828621
103575940541000,19980000,2.0856004
103575959691000,19150000,3.6070814
103575979497000,19806000,3.684236
103575998883000,19386000,2.9712095
103576018613000,19730000,2.9052129
103576038356000,19743000,2.5705347
103576057507000,19151000,1.4575872
103576077064000,19557000,0.7766962
103576096671000,19607000,-0.039841652
103576116227000,19556000,-1.1943517
103576135795000,19568000,-2.2565908
103576155342000,19547000,-3.0638475
103576174964000,19622000,-3.9896321
103576194505000,19541000,-4.411565
103576214100000,19595000,-3.957047
103576233639000,19539000,-2.676591
103576253208000,19569000,-0.7571573
103576272804000,19596000,0.595541
103576292356000,19552000,0.9757681
103576312002000,19646000,0.6258631
103576331520000,19518000,0.30185223
103576351118000,19598000,0.22351074
103576370895000,19777000,0.76431084
103576390418000,19523000,1.7615767
103576410498000,20080000,1.6949196
103576429494000,18996000,0.998188
103576449095000,19601000,1.6391239
103576469048000,19953000,3.3649387
103576488244000,19196000,3.0912457
103576508244000,20000000,1.8873568
103576527351000,19107000,0.7514744
103576547476000,20125000,-1.0270023
103576566659000,19183000,-2.2151723
103576586279000,19620000,-2.4251657
103576605753000,19474000,-2.2802649
103576625850000,20097000,-2.4040384
103576644883000,19033000,-2.8629375
103576664641000,19758000,-3.6489472
103576684054000,19413000,-3.8362308
103576703765000,19711000,-3.3612804
103576723201000,19436000,-2.393485
103576742896000,19695000,-1.849628
103576762475000,19579000,-1.501234
103576781987000,19512000,-1.0261974
103576801599000,19612000,-0.27605152
103576821214000,19615000,0.35936832
103576840720000,19506000,1.4848061
103576860319000,19599000,2.766409
103576879829000,19510000,3.8309774
103576899442000,19613000,3.405098
103576919181000,19739000,1.843585
103576938592000,19411000,2.8935528
103576958521000,19929000,4.9589853
103576977831000,19310000,4.6868787
103576997521000,19690000,3.4530048
103577017126000,19605000,2.942964
103577036628000,19502000,2.9864416
103577056182000,19554000,2.494934
103577075684000,19502000,1.3782005
103577095249000,19565000,0.23634815
103577115008000,19759000,-1.6511197
103577134282000,19274000,-3.5065465
103577153907000,19625000,-4.7265353
103577173518000,19611000,-5.586072
103577193033000,19515000,-5.631954
103577212636000,19603000,-5.254438
103577232188000,19552000,-4.6736016
103577251772000,19584000,-3.365394
103577271347000,19575000,-1.8059082
103577291051000,19704000,0.19543457
103577310536000,19485000,1.3665924
103577330204000,19668000,1.6215229
103577349707000,19503000,1.0988264
103577369407000,19700000,0.97213554
103577388878000,19471000,2.5863476
103577408421000,19543000,3.6689415
103577428588000,20167000,3.2128735
103577447864000,19276000,3.5267887
103577467333000,19469000,3.4732704
103577486970000,19637000,2.855771
103577506555000,19585000,2.0367203
103577526305000,19750000,1.2272758
103577545840000,19535000,0.47102642
103577565508000,19668000,-0.5515747
103577584767000,19259000,-1.6383142
103577604460000,19693000,-1.8038988
103577624029000,19569000,-1.8026133
103577643566000,19537000,-2.4851384
103577663178000,19612000,-3.6497855
103577682688000,19510000,-5.0002446
103577702285000,19597000,-5.532482
103577721951000,19666000,-4.9520583
103577741571000,19620000,-3.349453
103577761074000,19503000,-2.0055451
103577780552000,19478000,-1.0358162
103577800294000,19742000,-0.0025186539
103577820053000,19759000,0.6267433
103577839277000,19224000,0.6091919
103577859106000,19829000,1.6407728
103577878413000,19307000,2.941471
103577898056000,19643000,3.6960592
103577917631000,19575000,2.0737123
103577937935000,20304000,1.6459947
103577956780000,18845000,3.4997692
103577976428000,19648000,4.5451183
103577995905000,19477000,3.918511
103578016224000,20319000,3.2820354
103578035060000,18836000,3.3905258
103578054847000,19787000,2.9962964
103578074199000,19352000,2.0867653
103578093930000,19731000,0.47399616
103578113531000,19601000,-1.3549433
103578133066000,19535000,-2.7776089
103578152626000,19560000,-3.5341392
103578172147000,19521000,-4.1868544
103578191730000,19583000,-4.5126944
103578211123000,19393000,-4.844873
103578231073000,19950000,-4.3487954
103578250386000,19313000,-3.3828006
103578270010000,19624000,-1.76898
103578289410000,19400000,0.5108099
103578309147000,19737000,1.9984474
103578328624000,19477000,1.4193516
103578348491000,19867000,0.27643585
103578367744000,19253000,1.5225344
103578387300000,19556000,4.111783
103578406869000,19569000,4.680193
103578426504000,19635000,4.0397835
103578446113000,19609000,3.2717896
103578465688000,19575000,2.0233335
103578485239000,19551000,1.2857533
103578504939000,19700000,1.1342497
103578524356000,19417000,1.1707544
103578544263000,19907000,0.28771305
103578563663000,19400000,-1.3132253
103578583208000,19545000,-1.9765272
103578602758000,19550000,-1.4238687
103578622649000,19891000,-1.46492
103578641939000,19290000,-2.8550086
103578661560000,19621000,-4.110986
103578681197000,19637000,-4.7847333
103578700710000,19513000,-4.486726
103578720448000,19738000,-3.3257594
103578739979000,19531000,-2.180163
103578759449000,19470000,-0.9154339
103578779083000,19634000,-0.28041077
103578798861000,19778000,0.56230354
103578818188000,19327000,1.1615067
103578838135000,19947000,1.2605515
103578857292000,19157000,2.110011
103578877124000,19832000,3.1262226
103578896437000,19313000,2.498023
103578916230000,19793000,1.3275709
103578935656000,19426000,2.5582
103578955339000,19683000,4.0016356
103578974803000,19464000,3.434433
103578994816000,20013000,3.247942
103579013992000,19176000,3.7906942
103579033554000,19562000,4.1046276
103579053107000,19553000,3.0047665
103579072834000,19727000,0.9343109
103579092245000,19411000,-1.1999688
103579112145000,19900000,-3.0482464
103579131553000,19408000,-4.406852
103579151055000,19502000,-5.532263
103579170652000,19597000,-5.9705873
103579190321000,19669000,-5.5356245
103579209762000,19441000,-4.7133713
103579229399000,19637000,-4.1448946
103579248888000,19489000,-3.1740122
103579268512000,19624000,-1.0708151
103579288520000,20008000,1.857048
103579307550000,19030000,2.9515924
103579327137000,19587000,2.0509815
103579346703000,19566000,1.5912523
103579366321000,19618000,2.7249298
103579385909000,19588000,4.383584
103579405437000,19528000,3.71937
103579425021000,19584000,2.5791903
103579444637000,19616000,2.8318644
103579464174000,19537000,2.5576334
103579484013000,19839000,1.7157803
103579503311000,19298000,1.460185
103579522878000,19567000,1.1428356
103579542449000,19571000,0.34926605
103579562100000,19651000,-0.107943535
103579581624000,19524000,-0.35293102
103579601400000,19776000,-1.4876933
103579620852000,19452000,-2.8121276
103579640500000,19648000,-3.6085348
103579660115000,19615000,-4.4805956
103579679702000,19587000,-5.0365424
103579699233000,19531000,-5.268657
103579718885000,19652000,-4.461407
103579738347000,19462000,-3.3006473
103579757987000,19640000,-1.5540161
103579777831000,19844000,-0.4674387
103579797450000,19619000,0.50724983
103579816577000,19127000,1.2245607
103579836194000,19617000,2.001667
103579855678000,19484000,2.8827744
103579875306000,19628000,4.046727
103579895171000,19865000,3.8143845
103579914493000,19322000,2.097331
103579934335000,19842000,2.2758722
103579953732000,19397000,4.479275
103579973461000,19729000,4.3938417
103579992682000,19221000,2.9595094
103580012605000,19923000,1.7636032
103580031804000,19199000,1.3307209
103580051714000,19910000,1.2797489
103580071071000,19357000,1.027935
103580090639000,19568000,-0.14483166
103580110165000,19526000,-1.7117829
103580129766000,19601000,-2.6290202
103580149272000,19506000,-3.4415808
103580168767000,19495000,-3.8711915
103580188320000,19553000,-4.521182
103580207887000,19567000,-5.114864
103580227447000,19560000,-5.013173
103580247051000,19604000,-3.9809923
103580266611000,19560000,-2.3606954
103580286188000,19577000,-0.2486248
103580305748000,19560000,1.6801062
103580325345000,19597000,2.018736
103580344895000,19550000,0.8698158
103580364526000,19631000,0.097117424
103580384040000,19514000,1.3918886
103580403680000,19640000,3.6321726
103580423160000,19480000,4.337302
103580442726000,19566000,3.326273
103580462304000,19578000,2.5263166
103580481869000,19565000,2.679473
103580501607000,19738000,2.8444424
103580521037000,19430000,2.2569933
103580540651000,19614000,1.6085663
103580560221000,19570000,1.248991
103580579893000,19672000,0.66716385
103580599356000,19463000,-0.31977272
103580619022000,19666000,-0.6506443
103580638552000,19530000,-1.1970024
103580658364000,19812000,-2.007873
103580677852000,19488000,-3.15064
103580697471000,19619000,-4.464078
103580716898000,19427000,-5.46186
103580736581000,19683000,-5.983118
103580756037000,19456000,-5.3132586
103580775690000,19653000,-3.6187105
103580795146000,19456000,-1.6831417
103580814800000,19654000,-0.55985355
103580834347000,19547000,0.16668701
103580854041000,19694000,0.9481697
103580873465000,19424000,1.7142572
103580893014000,19549000,3.0082846
103580912619000,19605000,3.7252188
103580932272000,19653000,2.8558311
103580951703000,19431000,1.3267288
103580971389000,19686000,1.8867121
103580990840000,19451000,3.8794332
103581010603000,19763000,4.179158
103581030317000,19714000,2.9960117
103581049570000,19253000,1.9991527
103581069166000,19596000,1.7449265
103581088732000,19566000,1.7212315
103581108990000,20258000,2.0081244
103581127739000,18749000,1.9688673
103581147812000,20073000,0.57063866
103581166908000,19096000,-0.8921337
103581186478000,19570000,-2.5095239
103581206231000,19753000,-3.679871
103581226048000,19817000,-4.508874
103581245479000,19431000,-5.063524
103581265519000,20040000,-4.931678
103581284425000,18906000,-4.39535
103581304342000,19917000,-3.502624
103581323557000,19215000,-2.1390667
103581343364000,19807000,-1.1831522
103581362755000,19391000,0.009410858
103581382400000,19645000,0.9727278
103581401897000,19497000,1.6762781
103581421444000,19547000,1.6675634
103581440939000,19495000,1.8912802
103581460622000,19683000,2.6036806
103581480077000,19455000,2.3187847
103581499734000,19657000,1.4682407
103581519227000,19493000,1.5782661
103581538845000,19618000,3.2963505
103581558386000,19541000,5.089237
103581577969000,19583000,5.596674
103581597538000,19569000,4.607958
103581618198000,20660000,2.214078
103581636729000,18531000,-0.15489578
103581656251000,19522000,-1.7534056
103581675860000,19609000,-2.382296
103581695422000,19562000,-2.52815
103581715039000,19617000,-2.178317
103581734573000,19534000,-1.5114021
103581754144000,19571000,-1.5315475
103581773790000,19646000,-1.9429569
103581793440000,19650000,-2.3186212
103581813120000,19680000,-2.5979352
103581832754000,19634000,-2.3012223
103581852263000,19509000,-1.8510723
103581872017000,19754000,-1.5554161
103581891381000,19364000,-1.6304483
103581911036000,19655000,-1.4096031
103581930447000,19411000,-0.91873646
103581950147000,19700000,-0.641778
103581969596000,19449000,-0.33679867
103581989183000,19587000,0.18202114
103582008734000,19551000,0.41077042
103582028517000,19783000,0.6507778
103582047914000,19397000,-0.09898758
103582067632000,19718000,-0.25229073
103582087085000,19453000,0.954834
103582106861000,19776000,2.0845613
103582126188000,19327000,2.313139
103582145872000,19684000,1.926733
103582165338000,19466000,1.672081
103582185050000,19712000,0.85901546
103582204588000,19538000,0.40816593
103582224695000,20107000,0.013916016
103582243660000,18965000,-0.16445446
103582263296000,19636000,-0.29673386
103582282811000,19515000,-0.22467613
103582302416000,19605000,-0.6331425
103582321929000,19513000,-0.5981808
103582342130000,20201000,-0.5183201
103582361441000,19311000,-0.6965904
103582380666000,19225000,-0.15398026
103582400576000,19910000,0.59402275
103582419796000,19220000,0.5699568
103582439600000,19804000,0.2328186
103582458994000,19394000,0.42274475
103582478956000,19962000,-0.1265583
103582498174000,19218000,-0.786088
103582517635000,19461000,-0.96385765
103582537176000,19541000,-0.7375679
103582556802000,19626000,-0.41401386
103582576311000,19509000,-0.22306728
103582595984000,19673000,0.39078617
103582615474000,19490000,0.12471485
103582635085000,19611000,0.03153515
103582654621000,19536000,0.68491554
103582674206000,19585000,0.6856041
103582693773000,19567000,-0.71450424
103582713720000,19947000,-1.8115435
103582732979000,19259000,-1.628345
103582752502000,19523000,-0.8339081
103582772124000,19622000,0.19075298
103582791673000,19549000,0.91102886
103582811238000,19565000,-2.3114734
103582831117000,19879000,-2.1404338
103582850889000,19772000,-0.011735916
103582870138000,19249000,1.259553
103582889971000,19833000,-0.069018364
103582909490000,19519000,-0.68531513
103582929033000,19543000,-0.9547982
103582948263000,19230000,-0.7447624
103582967880000,19617000,-0.53446484
103582987400000,19520000,-0.841372
103583007020000,19620000,-0.3630514
103583026578000,19558000,0.30666065
103583046119000,19541000,1.6271
103583065713000,19594000,1.4711456
103583085335000,19622000,0.41145897
103583104884000,19549000,-0.38579464
103583124539000,19655000,-0.5199814
103583144034000,19495000,-0.259552
103583163938000,19904000,-0.15950966
103583183204000,19266000,0.1840334
103583202769000,19565000,0.19770718
103583222441000,19672000,0.53395367
103583241937000,19496000,0.44676304
103583261549000,19612000,0.49207687
103583281116000,19567000,0.34452248
103583300671000,19555000,0.23400688
103583320251000,19580000,0.48616505
103583340084000,19833000,0.5071955
103583359645000,19561000,0.7185669
103583379054000,19409000,0.52644634
103583399048000,19994000,0.42839622
103583418248000,19200000,0.21393204
103583437757000,19509000,0.03614998
103583457355000,19598000,0.24007225
103583476952000,19597000,0.32822514
103583496549000,19597000,0.22456646
103583516162000,19613000,0.15944862
103583535615000,19453000,0.26742268
103583555255000,19640000,0.10826588
103583574805000,19550000,0.2377348
103583594363000,19558000,0.081419945
103583613996000,19633000,0.23320007
103583633675000,19679000,0.34834576
103583653108000,19433000,0.17779636
103583672700000,19592000,0.0086603165
103583692255000,19555000,-0.15923023
103583711857000,19602000,-0.13438511
103583731411000,19554000,0.29398537
103583751330000,19919000,-0.0040721893
103583770572000,19242000,-0.109163284
103583790145000,19573000,-0.1745367
103583809743000,19598000,-0.06609535
103583829419000,19676000,-0.05192089
103583848909000,19490000,-0.05537319
103583868527000,19618000,-0.1339159
103583888045000,19518000,-0.11523914
103583907639000,19594000,-0.13348866
103583927196000,19557000,-0.15044689
103583946835000,19639000,-0.12788296
103583966395000,19560000,-0.18082428
103583986458000,20063000,0.016317368
103584005525000,19067000,0.08015728
103584025049000,19524000,0.06800938
103584044636000,19587000,-0.26943302
103584064250000,19614000,-0.3578434
103584083802000,19552000,-0.19733524
103584103449000,19647000,0.13554287
103584122926000,19477000,0.3152132
103584142555000,19629000,-0.09896183
103584162072000,19517000,-0.053803444
103584181669000,19597000,0.029061317
103584201214000,19545000,-0.15697575
103584220786000,19572000,-0.037353516
103584240430000,19644000,0.10066128
103584259945000,19515000,-0.030161858
103584279543000,19598000,0.106523514
103584299101000,19558000,0.24257469
103584318675000,19574000,0.26300716
103584338245000,19570000,0.32087994
103584358263000,20018000,0.14774418
103584377392000,19129000,-0.06499004
103584397110000,19718000,-0.16429424
103584416531000,19421000,-0.28402424
103584436134000,19603000,-0.25140667
103584455713000,19579000,-0.29565144
103584475495000,19782000,-0.16705036
103584494849000,19354000,0.24996853
103584514491000,19642000,0.668499
103584534002000,19511000,0.494668
103584553630000,19628000,0.3599825
103584573174000,19544000,-0.13861084
103584592722000,19548000,-0.29313374
103584612312000,19590000,-0.065608025
103584631897000,19585000,0.25671577
103584651500000,19603000,0.59739685
103584671037000,19537000,0.3435583
103584690616000,19579000,0.14623356
103584710390000,19774000,-0.033151627
103584729761000,19371000,0.05440426
103584749348000,19587000,0.27488995
103584768932000,19584000,0.20714664
103584788495000,19563000,-0.07199001
103584808114000,19619000,-0.006846428
103584827650000,19536000,0.03897953
103584847224000,19574000,0.19990063
103584866795000,19571000,0.32296276
103584886380000,19585000,0.15928173
103584905946000,19566000,-0.25285816
103584925529000,19583000,-0.1090107
103584945210000,19681000,-0.04111576
103584964840000,19630000,0.027671814
103584984395000,19555000,0.078398705
103585004320000,19925000,-0.0420599
103585023647000,19327000,-0.16134548
103585043316000,19669000,0.084451675
103585062797000,19481000,0.33133316
103585082423000,19626000,0.27265644
103585101887000,19464000,0.09957218
103585121532000,19645000,-0.28412533
103585141079000,19547000,-0.22751045
103585160762000,19683000,0.0012254715
103585180157000,19395000,-0.15319729
103585199894000,19737000,-0.020180702
103585219317000,19423000,0.20893002
103585238856000,19539000,-0.00207901
103585258420000,19564000,0.03627968
103585278284000,19864000,-0.059170723
103585297558000,19274000,0.13281918
103585317394000,19836000,0.018389702
103585336851000,19457000,0.07626152
103585356365000,19514000,-0.076750755
103585375966000,19601000,-0.17255688
103585395586000,19620000,-0.13449955
103585415093000,19507000,-0.24971485
103585434746000,19653000,-0.07741356
103585454169000,19423000,-0.019553185
103585473788000,19619000,-0.19082832
103585493299000,19511000,-0.054821014
103585512961000,19662000,-0.16690731
103585532431000,19470000,0.028351784
103585552060000,19629000,0.30105686
103585571735000,19675000,0.2678938
103585591171000,19436000,0.100782394
103585611084000,19913000,-0.1816206
103585630286000,19202000,-0.21579838
103585650098000,19812000,-0.23174286
103585669539000,19441000,0.115447044
103585689208000,19669000,0.327981
103585708651000,19443000,0.11866093
103585728266000,19615000,-0.26356983
103585747756000,19490000,-0.6271839
103585767433000,19677000,0.42622852
103585786817000,19384000,1.288023
103585806456000,19639000,0.94288445
103585825925000,19469000,-0.30348015
103585845573000,19648000,-0.4599924
103585865080000,19507000,0.051636696
103585884683000,19603000,0.42714214
103585904278000,19595000,0.37964153
103585923810000,19532000,-0.28204823
103585943383000,19573000,-0.52331066
103585962948000,19565000,-0.20950222
103585982513000,19565000,-0.010197639
103586002080000,19567000,-0.07782173
103586021703000,19623000,0.14366817
103586041253000,19550000,0.5779152
103586061064000,19811000,0.22882175
103586082669000,21605000,0.015398979
103586100046000,17377000,-0.40804958
103586119729000,19683000,0.33719444
103586139347000,19618000,0.14399052
103586158739000,19392000,-0.29829025
103586178255000,19516000,0.8106384
103586197857000,19602000,-0.7239952
103586217440000,19583000,-0.38197517
103586236980000,19540000,-0.25081158
103586256608000,19628000,0.9149246
103586276116000,19508000,0.108389854
103586296643000,20527000,-0.2571497
103586315292000,18649000,-0.52672195
103586334849000,19557000,-0.37472153
103586354437000,19588000,-0.5669565
103586374036000,19599000,0.60175705
103586393644000,19608000,1.2738132
103586413161000,19517000,0.1272726
103586432706000,19545000,-0.69350624
103586452373000,19667000,-0.6912565
103586471865000,19492000,-0.5364332
103586491472000,19607000,-0.28599072
103586511011000,19539000,0.673686
103586530601000,19590000,0.65748596
103586550179000,19578000,-0.31559944
103586569753000,19574000,-0.694602
103586589352000,19599000,-0.30741024
103586608887000,19535000,0.079935074
103586628769000,19882000,0.122945786
103586648336000,19567000,0.1281271
103586667751000,19415000,0.4400692
103586687405000,19654000,-0.18655682
103586706874000,19469000,-0.41141415
103586726526000,19652000,-0.11978817
103586746019000,19493000,-0.07775402
103586765625000,19606000,0.17457485
103586785558000,19933000,0.31172085
103586804745000,19187000,-0.4516449
103586824559000,19814000,-0.67901707
103586843769000,19210000,-0.21695042
103586863583000,19814000,0.47532845
103586882946000,19363000,0.57447433
103586902508000,19562000,0.5783415
103586922106000,19598000,0.27560806
103586941701000,19595000,-0.008942604
103586961302000,19601000,-0.08446026
103586980856000,19554000,-0.27686214
103587000405000,19549000,-0.27958012
103587020006000,19601000,-0.41774845
103587039539000,19533000,-0.19261646
103587059149000,19610000,0.26255322
103587078698000,19549000,0.31631947
103587098345000,19647000,0.25622463
103587117846000,19501000,0.15872097
103587137513000,19667000,-0.09146118
103587157039000,19526000,-0.07330227
103587176819000,19780000,0.15550709
103587196349000,19530000,0.21177006
103587215971000,19622000,0.26773167
103587235410000,19439000,0.07420826
103587255176000,19766000,-0.19664097
103587274535000,19359000,-0.23836136
103587294199000,19664000,0.0066490173
103587314022000,19823000,0.2705536
103587333311000,19289000,-0.1358614
103587353097000,19786000,-0.542037
103587372865000,19768000,-0.39222622
103587392298000,19433000,-0.24142551
103587411533000,19235000,-0.14658833
103587431336000,19803000,-0.0114450455
103587450757000,19421000,-0.14236546
103587470373000,19616000,-0.17543793
103587490206000,19833000,-0.07251263
103587509555000,19349000,-0.044703484
103587528988000,19433000,0.099191666
103587548664000,19676000,0.18638325
103587568275000,19611000,0.06306553
103587587774000,19499000,-0.04152584
103587607749000,19975000,0.14025974
103587627018000,19269000,-0.19641685
103587646437000,19419000,-0.2855997
103587666323000,19886000,-0.12726116
103587685561000,19238000,0.049067497
103587705687000,20126000,-0.005326271
103587724685000,18998000,0.26530075
103587744272000,19587000,0.114050865
103587763827000,19555000,0.36448002
103587783480000,19653000,0.19279003
103587803077000,19597000,-0.056502342
103587822592000,19515000,-0.11542225
103587842190000,19598000,-0.118042946
103587861846000,19656000,-0.02583599
103587881270000,19424000,0.18072128
103587900965000,19695000,0.09968662
103587920387000,19422000,-0.23039627
103587939843000,19456000,-0.119823456
103587959432000,19589000,-0.028058052
103587979159000,19727000,-0.12722301
103587998699000,19540000,-0.1680975
103588018186000,19487000,-0.13134193
103588037719000,19533000,-0.15086937
103588057311000,19592000,-0.054183006
103588076893000,19582000,0.31195545
103588096470000,19577000,0.25783825
103588116110000,19640000,0.03205967
103588135596000,19486000,0.18951893
103588155171000,19575000,0.2316885
103588174780000,19609000,0.11977959
103588194381000,19601000,-0.1274414
103588213928000,19547000,-0.26116467
103588233466000,19538000,-0.281291
103588253093000,19627000,-0.16829205
103588272920000,19827000,0.23158932
103588292331000,19411000,0.24845982
103588311995000,19664000,0.3038969
103588331629000,19634000,-0.15761852
103588351080000,19451000,-0.35093784
103588370610000,19530000,-0.06538868
103588390254000,19644000,0.0096616745
103588409747000,19493000,0.41069508
103588429328000,19581000,0.39073086
103588449351000,20023000,0.17935085
103588468641000,19290000,0.12089348
103588488043000,19402000,0.119172096
103588507736000,19693000,0.19301414
