35771635639000,-1321925047000,2.2566757,0.01074195,-0.044156794
35771671080000,-1321887228000,1.6770865,-0.51164967,0.052844957
35771635639000,-1321908309000,1.349423,-0.51164967,0.052844957
35771671080000,-1321867637000,1.3495417,-0.51159006,0.0529188
35771635639000,-1321891731000,1.020575,-0.51159006,0.0529188
35771671080000,-1321848117000,1.0206084,-0.511574,0.052942403
35771635639000,-1321874949000,0.76081663,-0.511574,0.052942403
35771671080000,-1321828768000,0.76082057,-0.51157194,0.052945863
35771635639000,-1322009170000,1.6860802,-0.51157194,0.052945863
35771671080000,-1321965726000,1.6840891,-0.5129177,0.052125815
35771635639000,-1321992121000,1.6802623,-0.5129177,0.052125815
35771671080000,-1321945932000,1.6809537,-0.512422,0.052298985
35771635639000,-1321975333000,1.6953117,-0.512422,0.052298985
35771671080000,-1321926353000,1.6958553,-0.5120461,0.05250516
35771635639000,-1321958488000,1.688939,-0.5120461,0.05250516
35771671080000,-1321906841000,1.6893332,-0.5117922,0.05270155
35771635639000,-1321941817000,1.6736311,-0.5117922,0.05270155
35771671080000,-1322043789000,1.6684556,-0.51559937,0.051922992
35771635639000,-1322075929000,1.6839739,-0.51559937,0.051922992
35771671080000,-1322024175000,1.6848711,-0.5148805,0.051927138
35771635639000,-1322059055000,1.6771272,-0.5148805,0.051927138
35771635639000,-1322042531000,1.6631128,-0.5148805,0.051927138
35771671080000,-1322004716000,1.664032,-0.5141743,0.05194587
35771635639000,-1322025797000,1.6679333,-0.5141743,0.05194587
35771671080000,-1321985059000,1.6688112,-0.51350856,0.052007034
35771635639000,-1322159470000,1.6866237,-0.51350856,0.052007034
35771671080000,-1322122087000,1.6804044,-0.51825356,0.051294614
35771635639000,-1322142709000,1.6624167,-0.51825356,0.051294614
35771671080000,-1322102514000,1.663297,-0.51765037,0.051615205
35771635639000,-1322126003000,1.6690288,-0.51765037,0.051615205
35771671080000,-1322082979000,1.6699302,-0.51699686,0.051805105
35771635639000,-1322109482000,1.672753,-0.51699686,0.051805105
35771671080000,-1322063323000,1.6736423,-0.5163089,0.051895775
35771635639000,-1322095096000,1.6762233,-0.5163089,0.051895775
35771671080000,-1322141674000,1.6727927,-0.51878726,0.050821174
35771635639000,-1322176255000,1.6795553,-0.51878726,0.050821174
35771635639000,-1322193337000,1.687287,-0.51878726,0.050821174
35771671080000,-1322161215000,1.686499,-0.51923347,0.050183754
35771635639000,-1322210126000,1.6821105,-0.51923347,0.050183754
35771671080000,-1322180877000,1.6813706,-0.51957834,0.04937497
35771635639000,-1322227259000,1.6741849,-0.51957834,0.04937497
35771671080000,-1322200426000,1.6735129,-0.5198155,0.04840236
35771635639000,-1322243891000,1.6711733,-0.5198155,0.04840236
35771671080000,-1322219968000,1.6705809,-0.5199427,0.047283623
35771635639000,-1322260750000,1.6683514,-0.5199427,0.047283623
35771671080000,-1322239473000,1.6678454,-0.5199606,0.046048757
35771635639000,-1322277782000,1.6733438,-0.5199606,0.046048757
35771635639000,-1322294317000,1.676185,-0.5199606,0.046048757
35771671080000,-1322259347000,1.6757889,-0.5198685,0.044718612
35771635639000,-1322311201000,1.6842046,-0.5198685,0.044718612
35771671080000,-1322278638000,1.6839273,-0.51967824,0.04333102
35771635639000,-1322328487000,1.6800207,-0.51967824,0.04333102
35771671080000,-1322298242000,1.6798444,-0.5193923,0.041896317
35771635639000,-1322345374000,1.6754407,-0.5193923,0.041896317
35771671080000,-1322317889000,1.6753575,-0.5190213,0.040436078
35771635639000,-1322362518000,1.6797684,-0.5190213,0.040436078
35771671080000,-1322337374000,1.6797802,-0.5185843,0.038980268
35771635639000,-1322379272000,1.6851902,-0.5185843,0.038980268
35771671080000,-1322356948000,1.685285,-0.5181062,0.037554044
35771635639000,-1322396057000,1.6860586,-0.5181062,0.037554044
35771671080000,-1322376474000,1.6861992,-0.51761687,0.036184143
35771635639000,-1322412767000,1.6837234,-0.51761687,0.036184143
35771635639000,-1322429490000,1.667184,-0.51761687,0.036184143
35771671080000,-1322396074000,1.667334,-0.5171385,0.034895074
35771635639000,-1322446291000,1.6566625,-0.5171385,0.034895074
35771671080000,-1322415696000,1.6568192,-0.51668185,0.033709172
35771635639000,-1322462957000,1.6490762,-0.51668185,0.033709172
35771671080000,-1322435212000,1.6492344,-0.5162493,0.032648493
35771635639000,-1322479724000,1.6446594,-0.5162493,0.032648493
35771671080000,-1322454761000,1.6448464,-0.51583713,0.03174074
35771635639000,-1322496490000,1.656041,-0.51583713,0.03174074
35771671080000,-1322474344000,1.6562937,-0.51543766,0.031015333
35771635639000,-1322513221000,1.6597492,-0.51543766,0.031015333
35771671080000,-1322493951000,1.6600701,-0.5150418,0.030488625
35771635639000,-1322530520000,1.6500057,-0.5150418,0.030488625
35771635639000,-1322547433000,1.6459086,-0.5150418,0.030488625
35771671080000,-1322513817000,1.6463255,-0.51464003,0.030162187
35771635639000,-1322564096000,1.6468334,-0.51464003,0.030162187
35771671080000,-1322533241000,1.6473424,-0.51422757,0.030014923
35771635639000,-1322580830000,1.6418021,-0.51422757,0.030014923
35771671080000,-1322552638000,1.6423846,-0.5137989,0.030024495
35771635639000,-1322597912000,1.6489649,-0.5137989,0.030024495
35771671080000,-1322572214000,1.6496184,-0.513354,0.03016623
35771635639000,-1322614355000,1.6496184,-0.513354,0.03016623
35771671080000,-1322591801000,1.650323,-0.5129009,0.030409796
35771635639000,-1322631085000,1.6498045,-0.5129009,0.030409796
35771671080000,-1322611328000,1.6505278,-0.51245093,0.030724708
35771635639000,-1322648605000,1.6409259,-0.51245093,0.030724708
35771635639000,-1322664674000,1.6480818,-0.51245093,0.030724708
35771671080000,-1322630923000,1.6488247,-0.51201385,0.031089157
35771635639000,-1322681365000,1.665828,-0.51201385,0.031089157
35771671080000,-1322650456000,1.6665401,-0.5115967,0.031491898
35771635639000,-1322698036000,1.6638811,-0.5115967,0.031491898
35771671080000,-1322670080000,1.6645811,-0.5112032,0.031929877
35771635639000,-1322714802000,1.6620576,-0.5112032,0.031929877
35771671080000,-1322689697000,1.6627191,-0.51083964,0.032398235
35771635639000,-1322731947000,1.6588302,-0.51083964,0.032398235
35771671080000,-1322709378000,1.6594572,-0.51051253,0.03289412
35771635639000,-1322748844000,1.6600373,-0.51051253,0.03289412
35771671080000,-1322728759000,1.6606258,-0.51022387,0.033419237
35771635639000,-1322765808000,1.6671128,-0.51022387,0.033419237
35771635639000,-1322782188000,1.6812028,-0.51022387,0.033419237
35771671080000,-1322748312000,1.6817529,-0.5099678,0.03398202
35771635639000,-1322799131000,1.6905042,-0.5099678,0.03398202
35771671080000,-1322767980000,1.6910267,-0.5097352,0.0345786
35771635639000,-1322815656000,1.6855437,-0.5097352,0.0345786
35771671080000,-1322787430000,1.6860597,-0.5095158,0.035189655
35771635639000,-1322832349000,1.6746339,-0.5095158,0.035189655
35771671080000,-1322806987000,1.6751447,-0.50929934,0.03580118
35771635639000,-1322849203000,1.6771661,-0.50929934,0.03580118
35771671080000,-1322826572000,1.6776801,-0.50908,0.036407925
35771635639000,-1322865865000,1.6776801,-0.50908,0.036407925
35771671080000,-1322846154000,1.6781894,-0.5088613,0.037006106
35771635639000,-1322882613000,1.6728865,-0.5088613,0.037006106
35771635639000,-1322900057000,1.6696256,-0.5088613,0.037006106
35771671080000,-1322865800000,1.6701167,-0.5086564,0.037583277
35771635639000,-1322916206000,1.6632926,-0.5086564,0.037583277
35771671080000,-1322885371000,1.6637267,-0.50848275,0.038121294
35771635639000,-1322933287000,1.6561475,-0.50848275,0.038121294
35771671080000,-1322904908000,1.6565049,-0.5083554,0.038611732
35771635639000,-1322949618000,1.6609919,-0.5083554,0.038611732
35771671080000,-1322924399000,1.6612546,-0.5082855,0.03905862
35771635639000,-1322966441000,1.6753032,-0.5082855,0.03905862
35771671080000,-1322944021000,1.6754619,-0.5082783,0.039466064
35771635639000,-1322983195000,1.6792531,-0.5082783,0.039466064
35771671080000,-1322963542000,1.6793158,-0.50832903,0.03982823
35771635639000,-1323000218000,1.6822414,-0.50832903,0.03982823
35771635639000,-1323016778000,1.6776475,-0.50832903,0.03982823
35771671080000,-1322983145000,1.6776313,-0.50842553,0.040136855
35771635639000,-1323036885000,1.6757733,-0.50842553,0.040136855
35771671080000,-1323004541000,1.6757021,-0.5085534,0.04039495
35771635639000,-1323050348000,1.6714948,-0.5085534,0.04039495
35771671080000,-1323022234000,1.6714267,-0.5086757,0.040626686
35771635639000,-1323067064000,1.6640935,-0.5086757,0.040626686
35771671080000,-1323041818000,1.6640615,-0.50877166,0.04086012
35771635639000,-1323083723000,1.6611238,-0.50877166,0.04086012
35771671080000,-1323061358000,1.661146,-0.50883037,0.041108057
35771635639000,-1323100657000,1.662666,-0.50883037,0.041108057
35771671080000,-1323080963000,1.6627324,-0.50885594,0.04136667
35771635639000,-1323117382000,1.6618878,-0.50885594,0.04136667
35771635639000,-1323133920000,1.6555514,-0.50885594,0.04136667
35771671080000,-1323100501000,1.6556422,-0.5088641,0.0416265
35771635639000,-1323150629000,1.6461415,-0.5088641,0.0416265
35771671080000,-1323120105000,1.646229,-0.5088754,0.041882012
35771635639000,-1323167351000,1.6382258,-0.5088754,0.041882012
35771671080000,-1323139704000,1.638282,-0.50891143,0.042129356
35771635639000,-1323184115000,1.6284542,-0.50891143,0.042129356
35771671080000,-1323159366000,1.6284581,-0.5089877,0.042365674
35771635639000,-1323201110000,1.6375611,-0.5089877,0.042365674
35771671080000,-1323179508000,1.6375009,-0.5091112,0.0425941
35771635639000,-1323217633000,1.6562842,-0.5091112,0.0425941
35771671080000,-1323198843000,1.656173,-0.50927025,0.042823795
35771635639000,-1323234964000,1.6556854,-0.50927025,0.042823795
35771635639000,-1323252787000,1.664185,-0.50927025,0.042823795
35771671080000,-1323218444000,1.6640475,-0.50945497,0.043071948
35771635639000,-1323270105000,1.6545664,-0.50945497,0.043071948
35771671080000,-1323239959000,1.6544149,-0.5096607,0.043359637
35771635639000,-1323284677000,1.6433973,-0.5096607,0.043359637
35771671080000,-1323259569000,1.6432564,-0.509869,0.04366847
35771635639000,-1323301584000,1.6443684,-0.509869,0.04366847
35771671080000,-1323279145000,1.6442344,-0.51006985,0.04398725
35771635639000,-1323318782000,1.642972,-0.51006985,0.04398725
35771671080000,-1323298666000,1.6428633,-0.5102513,0.04430688
35771635639000,-1323335461000,1.6540295,-0.5102513,0.04430688
35771635639000,-1323352140000,1.6566265,-0.5102513,0.04430688
35771671080000,-1323318238000,1.6565624,-0.51039976,0.04462272
35771635639000,-1323369173000,1.6453813,-0.51039976,0.04462272
35771671080000,-1323338043000,1.6453778,-0.51050216,0.044932038
35771635639000,-1323385796000,1.652207,-0.51050216,0.044932038
35771671080000,-1323357371000,1.6522609,-0.5105532,0.045229
35771635639000,-1323402624000,1.6552358,-0.5105532,0.045229
35771671080000,-1323377720000,1.6553562,-0.51054597,0.04551099
35771635639000,-1323419237000,1.6598564,-0.51054597,0.04551099
35771671080000,-1323396522000,1.6600308,-0.5104889,0.045773193
35771635639000,-1323435956000,1.6748003,-0.5104889,0.045773193
35771671080000,-1323416089000,1.675031,-0.5103781,0.046019424
35771635639000,-1323452684000,1.6794053,-0.5103781,0.046019424
35771635639000,-1323469499000,1.6794053,-0.5103781,0.046019424
35771671080000,-1323435775000,1.6796879,-0.5102209,0.046251602
35771635639000,-1323486084000,1.6759701,-0.5102209,0.046251602
35771671080000,-1323455338000,1.6762856,-0.5100361,0.046469927
35771635639000,-1323503006000,1.6667234,-0.5100361,0.046469927
35771671080000,-1323474809000,1.6670419,-0.50985104,0.04667931
35771635639000,-1323519583000,1.6554646,-0.50985104,0.04667931
35771671080000,-1323494373000,1.655757,-0.50969225,0.046893872
35771635639000,-1323536744000,1.6606675,-0.50969225,0.046893872
35771671080000,-1323514020000,1.6609148,-0.50957507,0.047133505
35771635639000,-1323553301000,1.6684625,-0.50957507,0.047133505
35771671080000,-1323533481000,1.6686711,-0.50949734,0.047413405
35771635639000,-1323570031000,1.6785403,-0.50949734,0.047413405
35771635639000,-1323586942000,1.6695594,-0.50949734,0.047413405
35771671080000,-1323553094000,1.6697481,-0.5094466,0.0477398
35771635639000,-1323603574000,1.6543614,-0.5094466,0.0477398
35771671080000,-1323572647000,1.6545559,-0.5094063,0.048100907
35771635639000,-1323620383000,1.6584698,-0.5094063,0.048100907
35771671080000,-1323592229000,1.6586729,-0.5093611,0.04847261
35771635639000,-1323636917000,1.6542832,-0.5093611,0.04847261
35771671080000,-1323611764000,1.6545004,-0.5093016,0.048828218
35771635639000,-1323654041000,1.6633474,-0.5093016,0.048828218
35771671080000,-1323631342000,1.66357,-0.5092251,0.049148373
35771635639000,-1323670436000,1.6675105,-0.5092251,0.049148373
35771671080000,-1323651019000,1.6677344,-0.5091321,0.04941998
35771635639000,-1323687419000,1.6572949,-0.5091321,0.04941998
35771635639000,-1323703924000,1.6578048,-0.5091321,0.04941998
35771671080000,-1323670462000,1.6580291,-0.5090252,0.049631882
35771635639000,-1323720640000,1.6676574,-0.5090252,0.049631882
35771671080000,-1323690083000,1.6678615,-0.50891215,0.049774498
35771635639000,-1323737440000,1.6684552,-0.50891215,0.049774498
35771671080000,-1323709827000,1.6686184,-0.50881135,0.049848586
35771635639000,-1323754466000,1.6763769,-0.50881135,0.049848586
35771671080000,-1323729297000,1.6764728,-0.50874555,0.049866594
35771635639000,-1323770913000,1.672709,-0.50874555,0.049866594
35771671080000,-1323748752000,1.6727126,-0.508734,0.049834527
35771635639000,-1323787742000,1.6702201,-0.508734,0.049834527
35771671080000,-1323768356000,1.670114,-0.5087881,0.049743496
35771635639000,-1323804701000,1.6732446,-0.5087881,0.049743496
35771635639000,-1323821264000,1.670114,-0.5087881,0.049743496
35771671080000,-1323788034000,1.6698946,-0.50890714,0.049581528
35771635639000,-1323838015000,1.6763858,-0.50890714,0.049581528
35771671080000,-1323807489000,1.6760775,-0.5090758,0.049351707
35771635639000,-1323854759000,1.6649703,-0.5090758,0.049351707
35771671080000,-1323827028000,1.6646004,-0.5092727,0.049068615
35771635639000,-1323871474000,1.6604153,-0.5092727,0.049068615
35771671080000,-1323846595000,1.6600306,-0.50947404,0.048752557
35771635639000,-1323888248000,1.6520904,-0.50947404,0.048752557
35771671080000,-1323866248000,1.6517197,-0.5096606,0.048421312
35771635639000,-1323905113000,1.6416664,-0.5096606,0.048421312
35771671080000,-1323885723000,1.6413243,-0.5098209,0.04809651
35771635639000,-1323922097000,1.6588042,-0.5098209,0.04809651
35771635639000,-1323938771000,1.6603888,-0.5098209,0.04809651
35771671080000,-1323905350000,1.6601053,-0.5099511,0.04780941
35771635639000,-1323955302000,1.6632152,-0.5099511,0.04780941
35771671080000,-1323925018000,1.6630006,-0.51005095,0.04759691
35771635639000,-1323971969000,1.6741354,-0.51005095,0.04759691
35771671080000,-1323944441000,1.6740063,-0.5101162,0.047482967
35771635639000,-1323988694000,1.6659752,-0.5101162,0.047482967
35771671080000,-1323964307000,1.6659484,-0.51013535,0.047480077
35771635639000,-1324005573000,1.66479,-0.51013535,0.047480077
35771671080000,-1323983792000,1.6648765,-0.510099,0.047581147
35771635639000,-1324022375000,1.6539148,-0.510099,0.047581147
35771671080000,-1324003140000,1.6541215,-0.5100008,0.04777502
35771635639000,-1324039436000,1.6388394,-0.5100008,0.04777502
35771635639000,-1324056036000,1.6274154,-0.5100008,0.04777502
35771671080000,-1324022675000,1.6277415,-0.5098391,0.048042588
35771635639000,-1324072552000,1.6354542,-0.5098391,0.048042588
35771671080000,-1324042283000,1.6358638,-0.50962037,0.048344202
35771635639000,-1324089355000,1.6547607,-0.50962037,0.048344202
35771671080000,-1324061791000,1.6552111,-0.5093573,0.048624948
35771635639000,-1324106099000,1.6654292,-0.5093573,0.048624948
35771671080000,-1324081327000,1.6658854,-0.50906277,0.048834655
35771635639000,-1324122735000,1.6715454,-0.50906277,0.048834655
35771671080000,-1324100938000,1.6719943,-0.5087482,0.04894202
35771635639000,-1324139671000,1.6705076,-0.5087482,0.04894202
35771671080000,-1324120599000,1.6709286,-0.50842416,0.048935935
35771635639000,-1324156678000,1.673964,-0.50842416,0.048935935
35771635639000,-1324173261000,1.6721642,-0.50842416,0.048935935
35771671080000,-1324140048000,1.672551,-0.50810087,0.048820093
35771635639000,-1324189730000,1.6791067,-0.50810087,0.048820093
35771671080000,-1324159650000,1.6794378,-0.5077824,0.04859902
35771635639000,-1324207156000,1.6808143,-0.5077824,0.04859902
35771671080000,-1324179179000,1.6811125,-0.50746953,0.0482851
35771635639000,-1324223510000,1.6630236,-0.50746953,0.0482851
35771671080000,-1324198745000,1.6632823,-0.50716203,0.04789857
35771635639000,-1324240250000,1.6655071,-0.50716203,0.04789857
35771671080000,-1324218302000,1.6657324,-0.50685984,0.047473073
35771635639000,-1324257038000,1.6519942,-0.50685984,0.047473073
35771671080000,-1324237904000,1.6522233,-0.50655967,0.04705106
35771635639000,-1324273870000,1.6443596,-0.50655967,0.04705106
35771635639000,-1324290715000,1.6367338,-0.50655967,0.04705106
35771671080000,-1324257462000,1.6369601,-0.5062585,0.04667389
35771635639000,-1324307236000,1.6403527,-0.5062585,0.04667389
35771671080000,-1324277007000,1.6406152,-0.50595945,0.046371575
35771635639000,-1324323996000,1.6470785,-0.50595945,0.046371575
35771671080000,-1324296573000,1.6473644,-0.50567156,0.046163365
35771635639000,-1324340667000,1.6508392,-0.50567156,0.046163365
35771671080000,-1324316121000,1.6511477,-0.5054044,0.046064086
35771635639000,-1324357526000,1.6755824,-0.5054044,0.046064086
35771671080000,-1324335671000,1.6759026,-0.50516415,0.046085045
35771635639000,-1324374272000,1.6766981,-0.50516415,0.046085045
35771671080000,-1324355210000,1.6770202,-0.50495327,0.04622692
35771635639000,-1324391090000,1.676366,-0.50495327,0.04622692
35771635639000,-1324407601000,1.6739861,-0.50495327,0.04622692
35771671080000,-1324374796000,1.6743089,-0.5047727,0.046479218
35771635639000,-1324424372000,1.6672404,-0.5047727,0.046479218
35771671080000,-1324394357000,1.6675677,-0.5046202,0.046825867
35771635639000,-1324441204000,1.6598617,-0.5046202,0.046825867
35771671080000,-1324413911000,1.6601956,-0.5044888,0.047250576
35771635639000,-1324457964000,1.6615144,-0.5044888,0.047250576
35771671080000,-1324433503000,1.661849,-0.504372,0.04773096
35771635639000,-1324474785000,1.6676428,-0.504372,0.04773096
35771671080000,-1324453063000,1.6679608,-0.5042701,0.048231624
35771635639000,-1324491376000,1.6649194,-0.5042701,0.048231624
35771671080000,-1324472624000,1.6652036,-0.50418967,0.04871289
35771635639000,-1324508472000,1.6550014,-0.50418967,0.04871289
35771635639000,-1324524850000,1.6649855,-0.50418967,0.04871289
35771671080000,-1324492151000,1.6652163,-0.5041371,0.04914589
35771635639000,-1324541605000,1.6626904,-0.5041371,0.04914589
35771671080000,-1324511737000,1.6628613,-0.5041146,0.049520683
35771635639000,-1324558371000,1.6698186,-0.5041146,0.049520683
35771671080000,-1324531280000,1.6699318,-0.5041192,0.049842842
35771635639000,-1324575078000,1.6839002,-0.5041192,0.049842842
35771671080000,-1324550841000,1.6839677,-0.5041455,0.050126813
35771635639000,-1324592121000,1.677223,-0.5041455,0.050126813
35771671080000,-1324570418000,1.6772672,-0.5041879,0.050391305
35771635639000,-1324608766000,1.6660576,-0.5041879,0.050391305
35771635639000,-1324625353000,1.6728489,-0.5041879,0.050391305
35771671080000,-1324590180000,1.6728803,-0.504242,0.050656814
35771635639000,-1324642139000,1.6721069,-0.504242,0.050656814
35771671080000,-1324609584000,1.6721313,-0.5043059,0.050939977
35771635639000,-1324658799000,1.6719517,-0.5043059,0.050939977
35771671080000,-1324629180000,1.671966,-0.50438493,0.05125413
35771635639000,-1324675582000,1.6807595,-0.50438493,0.05125413
35771671080000,-1324648705000,1.6807486,-0.50448805,0.051600773
35771635639000,-1324692332000,1.6613326,-0.50448805,0.051600773
35771671080000,-1324668251000,1.6613013,-0.5046222,0.051973414
35771635639000,-1324708985000,1.6620798,-0.5046222,0.051973414
35771671080000,-1324687849000,1.6620172,-0.5047886,0.052363556
35771635639000,-1324725793000,1.6573735,-0.5047886,0.052363556
35771635639000,-1324742559000,1.654725,-0.5047886,0.052363556
35771671080000,-1324707412000,1.654636,-0.5049835,0.05276396
35771635639000,-1324759215000,1.6681827,-0.5049835,0.05276396
35771671080000,-1324727020000,1.6680545,-0.50520575,0.053169273
35771635639000,-1324776014000,1.6541846,-0.50520575,0.053169273
35771671080000,-1324746542000,1.6540219,-0.5054556,0.05357431
35771635639000,-1324792706000,1.6584824,-0.5054556,0.05357431
35771671080000,-1324766129000,1.6582704,-0.5057313,0.053974237
35771635639000,-1324809559000,1.643134,-0.5057313,0.053974237
35771671080000,-1324785674000,1.6429056,-0.5060215,0.054363582
35771635639000,-1324826355000,1.6290419,-0.5060215,0.054363582
35771671080000,-1324805276000,1.6288223,-0.5063079,0.05474229
35771635639000,-1324842949000,1.6285748,-0.5063079,0.05474229
35771635639000,-1324859710000,1.6253074,-0.5063079,0.05474229
35771671080000,-1324824827000,1.6251252,-0.50657237,0.055115156
35771635639000,-1324876428000,1.6452106,-0.50657237,0.055115156
35771671080000,-1324844378000,1.6450629,-0.5068036,0.055486057
35771635639000,-1324893215000,1.6484307,-0.5068036,0.055486057
35771671080000,-1324863925000,1.6483232,-0.50699884,0.055855792
35771635639000,-1324909968000,1.6456995,-0.50699884,0.055855792
35771671080000,-1324883491000,1.6456316,-0.5071643,0.056224644
35771635639000,-1324926677000,1.6381471,-0.5071643,0.056224644
35771671080000,-1324903090000,1.6381044,-0.50731504,0.056590352
35771635639000,-1324943422000,1.6392223,-0.50731504,0.056590352
35771671080000,-1324922626000,1.6391695,-0.5074712,0.05694578
35771635639000,-1324960149000,1.638855,-0.5074712,0.05694578
35771635639000,-1324976841000,1.6516281,-0.5074712,0.05694578
35771671080000,-1324942190000,1.6515415,-0.5076487,0.05728508
35771635639000,-1324993649000,1.6589876,-0.5076487,0.05728508
35771671080000,-1324961936000,1.6588544,-0.50785315,0.05760918
35771635639000,-1325010517000,1.6389562,-0.50785315,0.05760918
35771671080000,-1324981370000,1.6387984,-0.5080789,0.057922117
35771635639000,-1325027503000,1.635273,-0.5080789,0.057922117
35771671080000,-1325000943000,1.6350873,-0.5083221,0.058229253
35771635639000,-1325044135000,1.6320238,-0.5083221,0.058229253
35771671080000,-1325020515000,1.631807,-0.50858194,0.05853502
35771635639000,-1325060858000,1.6354464,-0.50858194,0.05853502
35771671080000,-1325040109000,1.6352189,-0.5088553,0.0588482
35771635639000,-1325077503000,1.6479464,-0.5088553,0.0588482
35771635639000,-1325094500000,1.6623312,-0.5088553,0.0588482
35771671080000,-1325059595000,1.6621096,-0.50913215,0.05918287
35771635639000,-1325110938000,1.6687907,-0.50913215,0.05918287
35771671080000,-1325079204000,1.6686065,-0.50939584,0.05955379
35771635639000,-1325127767000,1.6643533,-0.50939584,0.05955379
35771671080000,-1325098720000,1.664226,-0.509628,0.05996417
35771635639000,-1325144556000,1.6647168,-0.509628,0.05996417
35771671080000,-1325118298000,1.664656,-0.5098148,0.060407054
35771635639000,-1325161431000,1.6641678,-0.5098148,0.060407054
35771671080000,-1325137849000,1.664181,-0.50995,0.060870018
35771635639000,-1325178035000,1.6567228,-0.50995,0.060870018
35771671080000,-1325157450000,1.6568041,-0.510035,0.06134353
35771635639000,-1325194732000,1.6568041,-0.510035,0.06134353
35771635639000,-1325211459000,1.646819,-0.510035,0.06134353
35771671080000,-1325177079000,1.6469582,-0.5100766,0.061816715
35771635639000,-1325228269000,1.6434484,-0.5100766,0.061816715
35771671080000,-1325196630000,1.6436236,-0.51008373,0.062268883
35771635639000,-1325245157000,1.6442846,-0.51008373,0.062268883
35771671080000,-1325216129000,1.6444732,-0.5100644,0.06267266
35771635639000,-1325261747000,1.6409525,-0.5100644,0.06267266
35771671080000,-1325235722000,1.6411388,-0.51002616,0.06300692
35771635639000,-1325278570000,1.654401,-0.51002616,0.06300692
35771671080000,-1325255316000,1.6545638,-0.5099789,0.06326495
35771635639000,-1325295184000,1.6516093,-0.5099789,0.06326495
35771671080000,-1325274825000,1.651742,-0.50993234,0.063447766
35771635639000,-1325311973000,1.6526113,-0.50993234,0.063447766
35771635639000,-1325328798000,1.6496506,-0.50993234,0.063447766
35771671080000,-1325294418000,1.6497401,-0.5098944,0.06355124
35771635639000,-1325345562000,1.6535709,-0.5098944,0.06355124
35771671080000,-1325313953000,1.653605,-0.5098715,0.06356479
35771635639000,-1325362465000,1.642978,-0.5098715,0.06356479
35771671080000,-1325333516000,1.6429448,-0.5098694,0.06347739
35771635639000,-1325379095000,1.6417732,-0.5098694,0.06347739
35771671080000,-1325353061000,1.6416682,-0.50989205,0.0632909
35771635639000,-1325395923000,1.6560069,-0.50989205,0.0632909
35771671080000,-1325372692000,1.6558386,-0.50994253,0.063025296
35771635639000,-1325412699000,1.6482375,-0.50994253,0.063025296
35771671080000,-1325392230000,1.6480095,-0.510024,0.06271578
35771635639000,-1325429653000,1.648741,-0.510024,0.06271578
35771635639000,-1325446341000,1.6594441,-0.510024,0.06271578
35771671080000,-1325411767000,1.6591713,-0.51013964,0.06239685
35771635639000,-1325463363000,1.6660069,-0.51013964,0.06239685
35771671080000,-1325431415000,1.6656929,-0.51029414,0.0620959
35771635639000,-1325480260000,1.6710045,-0.51029414,0.0620959
35771671080000,-1325450916000,1.6706533,-0.5104919,0.06183427
35771635639000,-1325497181000,1.682486,-0.5104919,0.06183427
35771671080000,-1325470513000,1.6820982,-0.5107408,0.061626133
35771635639000,-1325514075000,1.6753775,-0.5107408,0.061626133
35771671080000,-1325490028000,1.6749349,-0.51104933,0.06147386
35771635639000,-1325530722000,1.6601156,-0.51104933,0.06147386
35771671080000,-1325509602000,1.6596018,-0.51142657,0.061368138
35771635639000,-1325547505000,1.6720039,-0.51142657,0.061368138
35771635639000,-1325564192000,1.6757385,-0.51142657,0.061368138
35771671080000,-1325529166000,1.6751553,-0.51187724,0.06129566
35771635639000,-1325580946000,1.668571,-0.51187724,0.06129566
35771671080000,-1325548737000,1.667909,-0.5123996,0.061246675
35771635639000,-1325597652000,1.6792741,-0.5123996,0.061246675
35771671080000,-1325568334000,1.6785346,-0.51298463,0.06121491
35771635639000,-1325614374000,1.6555424,-0.51298463,0.06121491
35771671080000,-1325587870000,1.6547332,-0.5136187,0.061196577
35771635639000,-1325631136000,1.6479359,-0.5136187,0.061196577
35771671080000,-1325607447000,1.6470884,-0.51428825,0.061191227
35771635639000,-1325648151000,1.667452,-0.51428825,0.061191227
35771671080000,-1325627005000,1.6665806,-0.5149778,0.061202247
35771635639000,-1325664679000,1.6563619,-0.5149778,0.061202247
35771635639000,-1325681409000,1.6641889,-0.5149778,0.061202247
35771671080000,-1325646630000,1.663297,-0.5156699,0.061238304
35771635639000,-1325698096000,1.6713502,-0.5156699,0.061238304
35771671080000,-1325666145000,1.6704865,-0.5163391,0.061313666
35771635639000,-1325715006000,1.6568506,-0.5163391,0.061313666
35771671080000,-1325685755000,1.656076,-0.5169566,0.06144703
35771635639000,-1325731847000,1.655032,-0.5169566,0.06144703
35771671080000,-1325705275000,1.6543846,-0.5174937,0.0616525
35771635639000,-1325749003000,1.649521,-0.5174937,0.0616525
35771671080000,-1325724858000,1.649052,-0.5179295,0.061938684
35771635639000,-1325765597000,1.6417412,-0.5179295,0.061938684
35771671080000,-1325744411000,1.6414667,-0.5182511,0.0623067
35771635639000,-1325782334000,1.6483941,-0.5182511,0.0623067
35771635639000,-1325798993000,1.6358291,-0.5182511,0.0623067
35771671080000,-1325763990000,1.6357502,-0.5184536,0.06275265
35771635639000,-1325815846000,1.6533284,-0.5184536,0.06275265
35771671080000,-1325783530000,1.6534183,-0.5185433,0.06326727
35771635639000,-1325832599000,1.6682994,-0.5185433,0.06326727
35771671080000,-1325803102000,1.6685275,-0.51853716,0.06383749
35771635639000,-1325849403000,1.6651027,-0.51853716,0.06383749
35771671080000,-1325822767000,1.665442,-0.5184573,0.06444547
35771635639000,-1325866048000,1.6779416,-0.5184573,0.06444547
35771671080000,-1325842408000,1.678341,-0.5183264,0.0650681
35771635639000,-1325882984000,1.6658511,-0.5183264,0.0650681
35771671080000,-1325861884000,1.6662974,-0.5181622,0.06567927
35771635639000,-1325899572000,1.6476232,-0.5181622,0.06567927
35771635639000,-1325916423000,1.6426651,-0.5181622,0.06567927
35771671080000,-1325881532000,1.6431488,-0.51797456,0.066256605
35771635639000,-1325933072000,1.6395023,-0.51797456,0.066256605
35771671080000,-1325900991000,1.639989,-0.5177727,0.06678514
35771635639000,-1325950012000,1.6472255,-0.5177727,0.06678514
35771671080000,-1325920555000,1.6477003,-0.51756215,0.067262806
35771635639000,-1325966874000,1.6450691,-0.51756215,0.067262806
35771671080000,-1325940099000,1.6455349,-0.5173451,0.06769412
35771635639000,-1325983891000,1.6495509,-0.5173451,0.06769412
35771671080000,-1325959702000,1.6500094,-0.51711863,0.06808571
35771635639000,-1326001247000,1.6695722,-0.51711863,0.06808571
35771671080000,-1325979228000,1.6700236,-0.51688033,0.06844636
35771635639000,-1326017528000,1.6610181,-0.51688033,0.06844636
35771671080000,-1325998805000,1.6614766,-0.51663244,0.06878878
35771635639000,-1326035028000,1.6531419,-0.51663244,0.06878878
35771635639000,-1326051544000,1.650206,-0.51663244,0.06878878
35771671080000,-1326018370000,1.650662,-0.5163871,0.069127336
35771635639000,-1326068118000,1.6286352,-0.5163871,0.069127336
35771671080000,-1326037980000,1.6290718,-0.5161644,0.069476396
35771635639000,-1326084853000,1.630428,-0.5161644,0.069476396
35771671080000,-1326057495000,1.6308208,-0.5159832,0.069848634
35771635639000,-1326101727000,1.6422348,-0.5159832,0.069848634
35771671080000,-1326077143000,1.642571,-0.51585406,0.0702544
35771635639000,-1326118537000,1.6385736,-0.51585406,0.0702544
35771671080000,-1326096669000,1.638856,-0.5157782,0.07069409
35771635639000,-1326135492000,1.6431522,-0.5157782,0.07069409
35771671080000,-1326116247000,1.643377,-0.5157537,0.07116342
35771635639000,-1326152331000,1.6427798,-0.5157537,0.07116342
35771635639000,-1326168834000,1.6392734,-0.5157537,0.07116342
35771671080000,-1326135835000,1.6394475,-0.5157779,0.07165372
35771635639000,-1326185549000,1.6360477,-0.5157779,0.07165372
35771671080000,-1326155356000,1.6361705,-0.5158476,0.07214744
35771635639000,-1326202283000,1.6559361,-0.5158476,0.07214744
35771671080000,-1326174890000,1.6559843,-0.51596147,0.07261544
35771635639000,-1326218962000,1.6531413,-0.51596147,0.07261544
35771671080000,-1326194479000,1.6531149,-0.5161183,0.07302258
35771635639000,-1326235700000,1.6521468,-0.5161183,0.07302258
35771671080000,-1326214052000,1.6520321,-0.51631534,0.07333965
35771635639000,-1326252477000,1.6563746,-0.51631534,0.07333965
35771671080000,-1326233701000,1.6561623,-0.5165462,0.073551476
35771635639000,-1326269893000,1.634829,-0.5165462,0.073551476
35771635639000,-1326285976000,1.6239688,-0.5165462,0.073551476
35771671080000,-1326253168000,1.623682,-0.51679826,0.0736592
35771635639000,-1326302675000,1.6345458,-0.51679826,0.0736592
35771671080000,-1326272799000,1.6342076,-0.5170599,0.07366627
35771635639000,-1326319398000,1.6487025,-0.5170599,0.07366627
35771671080000,-1326292311000,1.648333,-0.51732,0.073577486
35771635639000,-1326336104000,1.6448196,-0.51732,0.073577486
35771671080000,-1326311887000,1.6444376,-0.5175663,0.07339988
35771635639000,-1326353016000,1.6483139,-0.5175663,0.07339988
35771671080000,-1326331457000,1.6479406,-0.51778424,0.073152326
35771635639000,-1326369594000,1.6394304,-0.51778424,0.073152326
35771635639000,-1326386540000,1.6358634,-0.51778424,0.073152326
35771671080000,-1326351433000,1.6355163,-0.51796275,0.07285896
35771635639000,-1326403180000,1.646588,-0.51796275,0.07285896
35771671080000,-1326370689000,1.646284,-0.5181033,0.072552435
35771635639000,-1326419902000,1.6640927,-0.5181033,0.072552435
35771671080000,-1326390233000,1.6638308,-0.5182166,0.07225241
35771635639000,-1326436640000,1.670234,-0.5182166,0.07225241
35771671080000,-1326409776000,1.6699898,-0.51832074,0.07197221
35771635639000,-1326453688000,1.658422,-0.51832074,0.07197221
35771671080000,-1326429338000,1.6581768,-0.5184311,0.07171939
35771635639000,-1326470449000,1.6577611,-0.5184311,0.07171939
35771671080000,-1326448897000,1.6575166,-0.51855093,0.07149724
35771635639000,-1326487013000,1.6390326,-0.51855093,0.07149724
35771635639000,-1326503887000,1.6452819,-0.51855093,0.07149724
35771671080000,-1326468757000,1.6450483,-0.51867193,0.07130334
35771635639000,-1326520833000,1.641899,-0.51867193,0.07130334
35771671080000,-1326488027000,1.6416879,-0.51878464,0.071134664
35771635639000,-1326537390000,1.635197,-0.51878464,0.071134664
35771671080000,-1326507569000,1.6350117,-0.51888597,0.07099801
35771635639000,-1326554072000,1.6466237,-0.51888597,0.07099801
35771671080000,-1326527158000,1.6464775,-0.5189716,0.07090967
35771635639000,-1326570833000,1.6289877,-0.5189716,0.07090967
35771671080000,-1326546710000,1.6289034,-0.519027,0.070881866
35771635639000,-1326587538000,1.6389445,-0.519027,0.070881866
35771671080000,-1326566327000,1.6389555,-0.51902974,0.07091703
35771635639000,-1326604307000,1.6321247,-0.51902974,0.07091703
35771671080000,-1326586068000,1.632258,-0.51896036,0.07101423
35771635639000,-1326621421000,1.6240988,-0.51896036,0.07101423
35771635639000,-1326637803000,1.6240988,-0.51896036,0.07101423
35771671080000,-1326605769000,1.6243706,-0.51880854,0.07117178
35771635639000,-1326654631000,1.6101276,-0.51880854,0.07117178
35771671080000,-1326625048000,1.6105301,-0.5185749,0.07137918
35771635639000,-1326671650000,1.6310588,-0.5185749,0.07137918
35771671080000,-1326644689000,1.6315717,-0.51825845,0.071617864
35771635639000,-1326688489000,1.6325866,-0.51825845,0.071617864
35771671080000,-1326664176000,1.6331776,-0.5178762,0.07185513
35771635639000,-1326705332000,1.6358749,-0.5178762,0.07185513
35771671080000,-1326684043000,1.6365073,-0.51745015,0.07206116
35771635639000,-1326722260000,1.6409545,-0.51745015,0.07206116
35771635639000,-1326738882000,1.6304419,-0.51745015,0.07206116
35771671080000,-1326703713000,1.6310883,-0.5170095,0.0722135
35771635639000,-1326755582000,1.637872,-0.5170095,0.0722135
35771671080000,-1326722848000,1.6384712,-0.51657796,0.072293594
35771635639000,-1326772287000,1.6394796,-0.51657796,0.072293594
35771671080000,-1326742419000,1.6399993,-0.51616967,0.072272174
35771635639000,-1326789411000,1.632015,-0.51616967,0.072272174
35771671080000,-1326762040000,1.6324352,-0.51580155,0.07212711
35771635639000,-1326805849000,1.6391573,-0.51580155,0.07212711
35771671080000,-1326781549000,1.6394539,-0.5154882,0.07186023
35771635639000,-1326822750000,1.6496451,-0.5154882,0.07186023
35771671080000,-1326801176000,1.649817,-0.5152368,0.07149267
35771635639000,-1326839486000,1.6595436,-0.5152368,0.07149267
35771635639000,-1326856385000,1.6591283,-0.5152368,0.07149267
35771671080000,-1326821290000,1.6591918,-0.51505,0.071048334
35771635639000,-1326873535000,1.6459813,-0.51505,0.071048334
35771671080000,-1326840290000,1.6459371,-0.51493007,0.07056253
35771635639000,-1326889922000,1.6317343,-0.51493007,0.07056253
35771671080000,-1326859841000,1.6315593,-0.5148973,0.07004621
35771635639000,-1326906457000,1.6175613,-0.5148973,0.07004621
35771671080000,-1326879424000,1.6172345,-0.51497084,0.069520496
35771635639000,-1326923295000,1.6391578,-0.51497084,0.069520496
35771671080000,-1326898979000,1.6387026,-0.51515704,0.069010355
35771635639000,-1326940316000,1.6453289,-0.51515704,0.069010355
35771671080000,-1326918664000,1.6447595,-0.5154457,0.06853583
35771635639000,-1326956958000,1.6415071,-0.5154457,0.06853583
35771635639000,-1326973541000,1.6534113,-0.5154457,0.06853583
35771671080000,-1326938356000,1.6527601,-0.5158127,0.0681075
35771635639000,-1326990184000,1.6487523,-0.5158127,0.0681075
35771671080000,-1326957693000,1.648053,-0.5162272,0.0677285
35771635639000,-1327006972000,1.6416435,-0.5162272,0.0677285
35771671080000,-1326977245000,1.6409198,-0.5166669,0.067399494
35771635639000,-1327023678000,1.6398895,-0.5166669,0.067399494
35771671080000,-1326996879000,1.6391715,-0.5171111,0.067119375
35771635639000,-1327040663000,1.6277653,-0.5171111,0.067119375
35771671080000,-1327016380000,1.6270802,-0.5175438,0.06688281
35771635639000,-1327057312000,1.6238894,-0.5175438,0.06688281
35771671080000,-1327035974000,1.6232549,-0.51795584,0.06668239
35771635639000,-1327074230000,1.6399912,-0.51795584,0.06668239
35771635639000,-1327090859000,1.6658515,-0.51795584,0.06668239
35771671080000,-1327055697000,1.6652725,-0.5183452,0.06651125
35771635639000,-1327107531000,1.6739048,-0.5183452,0.06651125
35771671080000,-1327075288000,1.673364,-0.51871765,0.06636339
35771635639000,-1327124264000,1.6808407,-0.51871765,0.06636339
35771671080000,-1327094760000,1.6803111,-0.5190841,0.066234015
35771635639000,-1327141435000,1.6716546,-0.5190841,0.066234015
35771671080000,-1327114336000,1.6711339,-0.51945287,0.06612003
35771635639000,-1327158021000,1.6537836,-0.51945287,0.06612003
35771671080000,-1327133863000,1.6532558,-0.519825,0.06601767
35771635639000,-1327174448000,1.646302,-0.519825,0.06601767
35771671080000,-1327153355000,1.6457772,-0.520197,0.06592204
35771635639000,-1327191203000,1.6278334,-0.520197,0.06592204
35771635639000,-1327207901000,1.6248753,-0.520197,0.06592204
35771671080000,-1327172970000,1.624364,-0.52056086,0.06583177
35771635639000,-1327224735000,1.6277065,-0.52056086,0.06583177
35771671080000,-1327192469000,1.6272202,-0.5209004,0.065750696
35771635639000,-1327241500000,1.6338065,-0.5209004,0.065750696
35771671080000,-1327212090000,1.6333883,-0.52119744,0.065682635
35771635639000,-1327258306000,1.6376861,-0.52119744,0.065682635
35771671080000,-1327231622000,1.6373491,-0.52143687,0.065629676
35771635639000,-1327275253000,1.6476737,-0.52143687,0.065629676
35771671080000,-1327251233000,1.6474297,-0.5216093,0.06559736
35771635639000,-1327292272000,1.6576961,-0.5216093,0.06559736
35771671080000,-1327270830000,1.6575613,-0.52171177,0.06559633
35771635639000,-1327308896000,1.6579981,-0.52171177,0.06559633
35771635639000,-1327325527000,1.6573112,-0.52171177,0.06559633
35771671080000,-1327290371000,1.6572824,-0.52174467,0.06563541
35771635639000,-1327342121000,1.6613715,-0.52174467,0.06563541
35771671080000,-1327309877000,1.6614469,-0.52171236,0.06571746
35771635639000,-1327359047000,1.6548156,-0.52171236,0.06571746
35771671080000,-1327329464000,1.6549797,-0.52162796,0.065842815
35771635639000,-1327376062000,1.6584138,-0.52162796,0.065842815
35771671080000,-1327349025000,1.6586417,-0.52151,0.066010505
35771635639000,-1327392645000,1.6503203,-0.52151,0.066010505
35771671080000,-1327368612000,1.6505941,-0.52136856,0.06621987
35771635639000,-1327409306000,1.6325406,-0.52136856,0.06621987
35771671080000,-1327388232000,1.632875,-0.5211991,0.06647277
35771635639000,-1327426385000,1.6366589,-0.5211991,0.06647277
35771671080000,-1327407724000,1.6370627,-0.5209886,0.06677206
35771635639000,-1327443623000,1.6234642,-0.5209886,0.06677206
35771635639000,-1327460274000,1.6461067,-0.5209886,0.06677206
35771671080000,-1327427347000,1.6466035,-0.5207234,0.06711967
35771635639000,-1327477150000,1.6537163,-0.5207234,0.06711967
35771671080000,-1327447184000,1.6543086,-0.5203982,0.067511715
35771635639000,-1327493970000,1.6353854,-0.5203982,0.067511715
35771671080000,-1327466746000,1.63608,-0.5200236,0.067936115
35771635639000,-1327510815000,1.6382986,-0.5200236,0.067936115
35771671080000,-1327486007000,1.6390336,-0.5196172,0.06838039
35771635639000,-1327527673000,1.6281173,-0.5196172,0.06838039
35771671080000,-1327505582000,1.6288884,-0.519195,0.06883333
35771635639000,-1327544713000,1.636247,-0.519195,0.06883333
35771671080000,-1327525158000,1.6370083,-0.5187766,0.06927411
35771635639000,-1327561257000,1.6266214,-0.5187766,0.06927411
35771635639000,-1327577868000,1.623897,-0.5187766,0.06927411
35771671080000,-1327544698000,1.6246172,-0.5183777,0.06967777
35771635639000,-1327594542000,1.6212642,-0.5183777,0.06967777
35771671080000,-1327564279000,1.6219152,-0.51800287,0.07002342
35771635639000,-1327611207000,1.6076506,-0.51800287,0.07002342
35771671080000,-1327583808000,1.6082462,-0.5176453,0.07030001
35771635639000,-1327628035000,1.6292406,-0.5176453,0.07030001
35771671080000,-1327603621000,1.6297908,-0.51729316,0.07050495
35771635639000,-1327645341000,1.6287794,-0.51729316,0.07050495
35771671080000,-1327622940000,1.6293051,-0.5169433,0.07064713
35771635639000,-1327662779000,1.6327289,-0.5169433,0.07064713
35771671080000,-1327642487000,1.6332438,-0.51659465,0.070742965
35771635639000,-1327679142000,1.6332402,-0.51659465,0.070742965
35771635639000,-1327695930000,1.6263148,-0.51659465,0.070742965
35771671080000,-1327662036000,1.6268309,-0.5162451,0.0708184
35771635639000,-1327712627000,1.6305043,-0.5162451,0.0708184
35771671080000,-1327681595000,1.6310178,-0.51588684,0.07089792
35771635639000,-1327729650000,1.623985,-0.51588684,0.07089792
35771671080000,-1327701235000,1.6245373,-0.5155103,0.07099921
35771635639000,-1327746151000,1.624667,-0.5155103,0.07099921
35771671080000,-1327720744000,1.6252613,-0.51511276,0.071135804
35771635639000,-1327762856000,1.6321546,-0.51511276,0.071135804
35771671080000,-1327740323000,1.6327926,-0.5146938,0.07131967
35771635639000,-1327779633000,1.6358262,-0.5146938,0.07131967
35771671080000,-1327759926000,1.6365184,-0.5142513,0.07155091
35771635639000,-1327796346000,1.6455135,-0.5142513,0.07155091
35771635639000,-1327813376000,1.6482025,-0.5142513,0.07155091
35771671080000,-1327779430000,1.6489245,-0.5137815,0.07181034
35771635639000,-1327829968000,1.6459149,-0.5137815,0.07181034
35771671080000,-1327798969000,1.6466717,-0.5132817,0.072069146
35771635639000,-1327846920000,1.6439565,-0.5132817,0.072069146
35771671080000,-1327818550000,1.644738,-0.51275575,0.07230287
35771635639000,-1327863518000,1.6440903,-0.51275575,0.07230287
35771671080000,-1327838133000,1.6448886,-0.51221484,0.07249528
35771635639000,-1327880185000,1.6455213,-0.51221484,0.07249528
35771671080000,-1327857686000,1.6462797,-0.5116748,0.072630055
35771635639000,-1327896939000,1.6397642,-0.5116748,0.072630055
35771671080000,-1327877212000,1.6404811,-0.51115096,0.07268848
35771635639000,-1327913669000,1.6439071,-0.51115096,0.07268848
35771635639000,-1327930362000,1.6290611,-0.51115096,0.07268848
35771671080000,-1327896771000,1.6296965,-0.51065683,0.07265419
35771635639000,-1327947265000,1.6296965,-0.51065683,0.07265419
35771671080000,-1327916565000,1.6302261,-0.5102086,0.072510935
35771635639000,-1327963874000,1.6410819,-0.5102086,0.072510935
35771671080000,-1327935960000,1.6414728,-0.5098268,0.072251916
35771635639000,-1327980714000,1.6372392,-0.5098268,0.072251916
35771671080000,-1327955585000,1.6374651,-0.5095318,0.07187146
35771635639000,-1327997433000,1.6417017,-0.5095318,0.07187146
35771671080000,-1327975051000,1.6417632,-0.50933427,0.07139046
35771635639000,-1328014047000,1.6457471,-0.50933427,0.07139046
35771671080000,-1327994675000,1.6456528,-0.5092369,0.07084262
35771635639000,-1328030993000,1.6562251,-0.5092369,0.07084262
35771635639000,-1328047691000,1.6753956,-0.5092369,0.07084262
35771671080000,-1328014146000,1.6751939,-0.50922984,0.07027043
35771635639000,-1328064253000,1.6786157,-0.50922984,0.07027043
35771671080000,-1328034076000,1.6783198,-0.50929934,0.069706336
35771635639000,-1328081227000,1.675473,-0.50929934,0.069706336
35771671080000,-1328053279000,1.675125,-0.50941896,0.0691867
35771635639000,-1328097853000,1.6629143,-0.50941896,0.0691867
35771671080000,-1328072870000,1.6625435,-0.50957364,0.068743594
35771635639000,-1328114700000,1.6332717,-0.50957364,0.068743594
35771671080000,-1328092427000,1.6328979,-0.50975084,0.06840207
35771635639000,-1328131425000,1.6324688,-0.50975084,0.06840207
35771671080000,-1328112017000,1.6321118,-0.5099432,0.0681664
35771635639000,-1328148341000,1.6345114,-0.5099432,0.0681664
35771635639000,-1328165001000,1.6283518,-0.5099432,0.0681664
35771671080000,-1328131529000,1.6280204,-0.51015025,0.06802119
35771635639000,-1328181618000,1.6424179,-0.51015025,0.06802119
35771671080000,-1328151133000,1.6420807,-0.51038384,0.067950256
35771635639000,-1328198286000,1.6632961,-0.51038384,0.067950256
35771671080000,-1328170654000,1.6629356,-0.51066136,0.06794361
35771635639000,-1328215059000,1.6715115,-0.51066136,0.06794361
35771671080000,-1328190417000,1.671086,-0.5109969,0.06799446
35771635639000,-1328232030000,1.6695938,-0.5109969,0.06799446
35771671080000,-1328209921000,1.6691155,-0.511383,0.068089135
35771635639000,-1328248632000,1.6646205,-0.511383,0.068089135
35771671080000,-1328229461000,1.664114,-0.5118013,0.068216406
35771635639000,-1328265429000,1.6424563,-0.5118013,0.068216406
35771635639000,-1328282531000,1.6320728,-0.5118013,0.068216406
35771671080000,-1328248907000,1.631573,-0.51222754,0.06836953
35771635639000,-1328299133000,1.6216204,-0.51222754,0.06836953
35771671080000,-1328268695000,1.6211498,-0.5126411,0.06854564
35771635639000,-1328315522000,1.6329656,-0.5126411,0.06854564
35771671080000,-1328288099000,1.6325523,-0.51302314,0.068733945
35771635639000,-1328332404000,1.646277,-0.51302314,0.068733945
35771671080000,-1328307579000,1.6459175,-0.5133615,0.06891857
35771635639000,-1328349183000,1.6479675,-0.5133615,0.06891857
35771671080000,-1328327195000,1.6476548,-0.51364946,0.069078915
35771635639000,-1328365928000,1.6395128,-0.51364946,0.069078915
35771671080000,-1328346689000,1.6392492,-0.51388425,0.06919551
35771635639000,-1328382679000,1.6246909,-0.51388425,0.06919551
35771635639000,-1328399447000,1.5998958,-0.51388425,0.06919551
35771671080000,-1328366341000,1.599682,-0.51406324,0.06925457
35771635639000,-1328416459000,1.5829086,-0.51406324,0.06925457
35771671080000,-1328386031000,1.5827471,-0.5141844,0.06925073
35771635639000,-1328432914000,1.6043751,-0.5141844,0.06925073
35771671080000,-1328405423000,1.6042594,-0.51425016,0.06918741
35771635639000,-1328449745000,1.6042594,-0.51425016,0.06918741
35771671080000,-1328424950000,1.6041876,-0.51426524,0.06907308
35771635639000,-1328466639000,1.6422905,-0.51426524,0.06907308
35771671080000,-1328444554000,1.6422687,-0.5142359,0.06892726
35771635639000,-1328483355000,1.6564901,-0.5142359,0.06892726
35771671080000,-1328464278000,1.6565213,-0.5141643,0.06877602
35771635639000,-1328500469000,1.6329895,-0.5141643,0.06877602
35771635639000,-1328517215000,1.6363947,-0.5141643,0.06877602
35771671080000,-1328483656000,1.6364828,-0.5140519,0.06864362
35771635639000,-1328533568000,1.6111844,-0.5140519,0.06864362
35771671080000,-1328503211000,1.6113433,-0.5138984,0.06854787
35771635639000,-1328550382000,1.61547,-0.5138984,0.06854787
35771671080000,-1328522766000,1.6157006,-0.51370955,0.068501696
35771635639000,-1328567096000,1.64188,-0.51370955,0.068501696
35771671080000,-1328542574000,1.6421773,-0.51349515,0.06851281
35771635639000,-1328583976000,1.6382015,-0.51349515,0.06851281
35771671080000,-1328561878000,1.6385256,-0.51327,0.068577975
35771635639000,-1328600684000,1.6354617,-0.51327,0.068577975
35771671080000,-1328581569000,1.6358062,-0.51304543,0.068698116
35771635639000,-1328618259000,1.6277711,-0.51304543,0.068698116
35771635639000,-1328634363000,1.6164751,-0.51304543,0.068698116
35771671080000,-1328600996000,1.6168246,-0.51283634,0.068872444
35771635639000,-1328650823000,1.6239537,-0.51283634,0.068872444
35771671080000,-1328620635000,1.624287,-0.51265866,0.069103286
35771635639000,-1328667830000,1.6212336,-0.51265866,0.069103286
35771671080000,-1328640131000,1.62153,-0.51252514,0.06938476
35771635639000,-1328684385000,1.6255065,-0.51252514,0.06938476
35771671080000,-1328659787000,1.6257532,-0.5124416,0.06970687
35771635639000,-1328701423000,1.6407381,-0.5124416,0.06970687
35771671080000,-1328679252000,1.6409285,-0.5124046,0.0700534
35771635639000,-1328718013000,1.6329738,-0.5124046,0.0700534
35771671080000,-1328698850000,1.6331218,-0.5124051,0.070407994
35771635639000,-1328734898000,1.643479,-0.5124051,0.070407994
35771635639000,-1328751650000,1.6431724,-0.5124051,0.070407994
35771671080000,-1328718346000,1.6432794,-0.5124282,0.07074544
35771635639000,-1328768194000,1.639041,-0.5124282,0.07074544
35771671080000,-1328737970000,1.6391193,-0.5124593,0.07103395
35771635639000,-1328784915000,1.6648058,-0.5124593,0.07103395
35771671080000,-1328757646000,1.6648512,-0.51248664,0.071244255
35771635639000,-1328801685000,1.6539822,-0.51248664,0.071244255
35771671080000,-1328777101000,1.6540116,-0.5124987,0.071358
35771635639000,-1328818536000,1.6618322,-0.5124987,0.071358
35771671080000,-1328796928000,1.661856,-0.51248056,0.07135777
35771635639000,-1328835418000,1.636013,-0.51248056,0.07135777
35771671080000,-1328816185000,1.6360434,-0.51242167,0.07123914
35771635639000,-1328852895000,1.6283752,-0.51242167,0.07123914
35771635639000,-1328869639000,1.6283752,-0.51242167,0.07123914
35771671080000,-1328836064000,1.6284096,-0.5123144,0.0709887
35771635639000,-1328886250000,1.60673,-0.5123144,0.0709887
35771671080000,-1328855314000,1.6067597,-0.5121681,0.07062283
35771635639000,-1328902964000,1.6310577,-0.5121681,0.07062283
35771671080000,-1328874995000,1.6310904,-0.51199,0.07015028
35771635639000,-1328919953000,1.6247044,-0.51199,0.07015028
35771671080000,-1328894516000,1.6247358,-0.5117892,0.06959693
35771635639000,-1328936491000,1.6391326,-0.5117892,0.06959693
35771671080000,-1328913988000,1.6391654,-0.5115728,0.06899243
35771635639000,-1328953250000,1.6534988,-0.5115728,0.06899243
35771671080000,-1328933550000,1.6535372,-0.5113499,0.068369545
35771635639000,-1328970300000,1.6505635,-0.5113499,0.068369545
35771635639000,-1328986878000,1.6292684,-0.5113499,0.068369545
35771671080000,-1328953150000,1.6292892,-0.5111346,0.06776113
35771635639000,-1329003609000,1.6216142,-0.5111346,0.06776113
35771671080000,-1328972639000,1.6216228,-0.5109434,0.06719595
35771635639000,-1329020199000,1.6341794,-0.5109434,0.06719595
35771671080000,-1328992265000,1.6341774,-0.5107909,0.06670169
35771635639000,-1329036959000,1.6264743,-0.5107909,0.06670169
35771671080000,-1329011780000,1.6264573,-0.5106825,0.06630978
35771635639000,-1329053832000,1.6447885,-0.5106825,0.06630978
35771671080000,-1329031402000,1.6447783,-0.5106132,0.06604956
35771635639000,-1329070506000,1.6460675,-0.5106132,0.06604956
35771671080000,-1329050873000,1.6460758,-0.5105724,0.06593228
35771635639000,-1329087243000,1.6329905,-0.5105724,0.06593228
35771635639000,-1329103893000,1.6397985,-0.5105724,0.06593228
35771671080000,-1329070450000,1.6398317,-0.5105535,0.06595171
35771635639000,-1329120683000,1.6431594,-0.5105535,0.06595171
35771671080000,-1329090007000,1.643209,-0.5105578,0.06608745
35771635639000,-1329137394000,1.6531506,-0.5105578,0.06608745
35771671080000,-1329109605000,1.6531962,-0.51059145,0.0663156
35771635639000,-1329154137000,1.6469698,-0.51059145,0.0663156
35771671080000,-1329129127000,1.6469972,-0.5106578,0.06660559
35771635639000,-1329170892000,1.6402575,-0.5106578,0.06660559
35771671080000,-1329148734000,1.6402547,-0.51075524,0.06691968
35771635639000,-1329187812000,1.6333992,-0.51075524,0.06691968
35771671080000,-1329168305000,1.6333523,-0.5108814,0.06721628
35771635639000,-1329204592000,1.6260089,-0.5108814,0.06721628
35771635639000,-1329221193000,1.6368464,-0.5108814,0.06721628
35771671080000,-1329188008000,1.6367437,-0.5110375,0.067465715
35771635639000,-1329237993000,1.6467167,-0.5110375,0.067465715
35771671080000,-1329207478000,1.6465597,-0.51122105,0.06765945
35771635639000,-1329254605000,1.6491836,-0.51122105,0.06765945
35771671080000,-1329226925000,1.6489835,-0.5114225,0.06780317
35771635639000,-1329271357000,1.6482921,-0.5114225,0.06780317
35771671080000,-1329246519000,1.6480769,-0.51162624,0.06790556
35771635639000,-1329288052000,1.6552712,-0.51162624,0.06790556
35771671080000,-1329266086000,1.6550622,-0.51181793,0.0679753
35771635639000,-1329304861000,1.6562556,-0.51181793,0.0679753
35771671080000,-1329285645000,1.6560557,-0.5119903,0.06802129
35771635639000,-1329321689000,1.6538893,-0.5119903,0.06802129
35771635639000,-1329338277000,1.6467268,-0.5119903,0.06802129
35771671080000,-1329305184000,1.6465373,-0.5121442,0.068052866
35771635639000,-1329355018000,1.6317728,-0.5121442,0.068052866
35771671080000,-1329324762000,1.6315937,-0.5122866,0.06807924
35771635639000,-1329371723000,1.6173004,-0.5122866,0.06807924
35771671080000,-1329344330000,1.6171334,-0.51242316,0.068109274
35771635639000,-1329388541000,1.6130161,-0.51242316,0.068109274
35771671080000,-1329363881000,1.6128579,-0.5125587,0.06815078
35771635639000,-1329405260000,1.6205573,-0.5125587,0.06815078
35771671080000,-1329383587000,1.6204022,-0.51270056,0.06821132
35771635639000,-1329422565000,1.613454,-0.51270056,0.06821132
35771671080000,-1329403024000,1.6132947,-0.51285625,0.068296574
35771635639000,-1329439751000,1.6125349,-0.51285625,0.068296574
35771635639000,-1329455868000,1.5987687,-0.51285625,0.068296574
35771671080000,-1329422695000,1.5985899,-0.5130325,0.068410076
35771635639000,-1329472326000,1.5986357,-0.5130325,0.068410076
35771671080000,-1329442133000,1.5984397,-0.5132318,0.06854735
35771635639000,-1329488973000,1.6122283,-0.5132318,0.06854735
35771671080000,-1329461688000,1.6119962,-0.5134597,0.068700664
35771635639000,-1329505677000,1.6079612,-0.5134597,0.068700664
35771671080000,-1329481259000,1.6076934,-0.51372194,0.06885593
35771635639000,-1329522511000,1.6292076,-0.51372194,0.06885593
35771671080000,-1329500806000,1.6288761,-0.51402277,0.06898849
35771635639000,-1329539228000,1.6329913,-0.51402277,0.06898849
35771671080000,-1329520385000,1.6325802,-0.5143654,0.069064595
35771635639000,-1329556533000,1.6255071,-0.5143654,0.069064595
35771635639000,-1329572683000,1.6473422,-0.5143654,0.069064595
35771671080000,-1329539999000,1.6468405,-0.5147528,0.06905298
35771635639000,-1329589579000,1.65767,-0.5147528,0.06905298
35771671080000,-1329559486000,1.6570734,-0.51518494,0.06894147
35771635639000,-1329606512000,1.6472509,-0.51518494,0.06894147
35771671080000,-1329579101000,1.6465462,-0.5156572,0.06873678
35771635639000,-1329623199000,1.6576474,-0.5156572,0.06873678
35771671080000,-1329598617000,1.6568866,-0.516153,0.0684573
35771635639000,-1329639932000,1.6520721,-0.516153,0.0684573
35771671080000,-1329618233000,1.6512887,-0.5166503,0.068115376
35771635639000,-1329656945000,1.6298211,-0.5166503,0.068115376
35771671080000,-1329637869000,1.6290236,-0.51712453,0.06772423
35771635639000,-1329673897000,1.6435604,-0.51712453,0.06772423
35771635639000,-1329690216000,1.6392934,-0.51712453,0.06772423
35771671080000,-1329657286000,1.6385648,-0.5175529,0.067306876
35771635639000,-1329706868000,1.6275133,-0.5175529,0.067306876
35771671080000,-1329676822000,1.6268628,-0.51791626,0.06688498
35771635639000,-1329723609000,1.640997,-0.51791626,0.06688498
35771671080000,-1329696395000,1.6404662,-0.5182004,0.06647079
35771635639000,-1329740296000,1.6264695,-0.5182004,0.06647079
35771671080000,-1329715948000,1.626046,-0.51840264,0.06606851
35771635639000,-1329757092000,1.6261752,-0.51840264,0.06606851
35771671080000,-1329735578000,1.6258458,-0.51853424,0.065685764
35771635639000,-1329774076000,1.628685,-0.51853424,0.065685764
35771635639000,-1329790527000,1.635339,-0.51853424,0.065685764
35771671080000,-1329755383000,1.635092,-0.5186139,0.06533854
35771635639000,-1329807434000,1.6416303,-0.5186139,0.06533854
35771671080000,-1329774673000,1.6414474,-0.51866007,0.065043025
35771635639000,-1329824078000,1.6280315,-0.51866007,0.065043025
35771671080000,-1329794212000,1.6279056,-0.5186795,0.064809814
35771635639000,-1329840976000,1.6211802,-0.5186795,0.064809814
35771671080000,-1329813914000,1.6211255,-0.51866794,0.06465052
35771635639000,-1329857744000,1.6072956,-0.51866794,0.06465052
35771671080000,-1329833330000,1.6073312,-0.51861674,0.06458012
35771635639000,-1329874568000,1.6112666,-0.51861674,0.06458012
35771671080000,-1329852881000,1.6114104,-0.5185172,0.06461222
35771635639000,-1329891137000,1.6284369,-0.5185172,0.06461222
35771635639000,-1329907887000,1.6397146,-0.5185172,0.06461222
35771671080000,-1329872780000,1.6399759,-0.51836246,0.06474474
35771635639000,-1329924616000,1.6316731,-0.51836246,0.06474474
35771671080000,-1329892231000,1.6320395,-0.5181527,0.0649481
35771635639000,-1329942078000,1.6325133,-0.5181527,0.0649481
35771671080000,-1329911622000,1.6329777,-0.517885,0.06518797
35771635639000,-1329958694000,1.6265398,-0.517885,0.06518797
35771671080000,-1329931172000,1.6270748,-0.5175568,0.0654283
35771635639000,-1329975382000,1.6310718,-0.5175568,0.0654283
35771671080000,-1329950754000,1.6316636,-0.5171711,0.065634236
35771635639000,-1329992183000,1.6506346,-0.5171711,0.065634236
35771671080000,-1329970279000,1.651253,-0.5167364,0.06577875
35771635639000,-1330009167000,1.6436279,-0.5167364,0.06577875
35771671080000,-1329989891000,1.6442508,-0.5162653,0.06584537
35771635639000,-1330026073000,1.6403214,-0.5162653,0.06584537
35771635639000,-1330042764000,1.6332096,-0.5162653,0.06584537
35771671080000,-1330009492000,1.6338141,-0.5157797,0.065830715
35771635639000,-1330059293000,1.6125145,-0.5157797,0.065830715
35771671080000,-1330029009000,1.6130794,-0.51531,0.06574322
35771635639000,-1330076731000,1.6171391,-0.51531,0.06574322
35771671080000,-1330048549000,1.61762,-0.5148876,0.06559793
35771635639000,-1330093097000,1.6178569,-0.5148876,0.06559793
35771671080000,-1330068125000,1.6182369,-0.5145373,0.06541612
35771635639000,-1330109817000,1.6213137,-0.5145373,0.06541612
35771671080000,-1330087682000,1.621575,-0.5142768,0.06522388
35771635639000,-1330126819000,1.6438874,-0.5142768,0.06522388
35771671080000,-1330107227000,1.6440208,-0.51411974,0.06504473
35771635639000,-1330143573000,1.6390002,-0.51411974,0.06504473
35771635639000,-1330160228000,1.6582216,-0.51411974,0.06504473
35771671080000,-1330126874000,1.6582229,-0.5140747,0.0648957
35771635639000,-1330177031000,1.6699023,-0.5140747,0.0648957
35771671080000,-1330146371000,1.6697805,-0.51413655,0.06479057
35771635639000,-1330193924000,1.6606743,-0.51413655,0.06479057
35771671080000,-1330165964000,1.6604468,-0.5142953,0.06474343
35771635639000,-1330210541000,1.667942,-0.5142953,0.06474343
35771671080000,-1330185667000,1.6676372,-0.5145368,0.06476352
35771635639000,-1330227371000,1.6303167,-0.5145368,0.06476352
35771671080000,-1330205069000,1.62996,-0.5148404,0.064847626
35771635639000,-1330244061000,1.6258619,-0.5148404,0.064847626
35771671080000,-1330224683000,1.6254743,-0.5151881,0.06498844
35771635639000,-1330260938000,1.6264186,-0.5151881,0.06498844
35771635639000,-1330277519000,1.6225305,-0.5151881,0.06498844
35771671080000,-1330244196000,1.622138,-0.5155573,0.065171584
35771635639000,-1330294608000,1.6500176,-0.5155573,0.065171584
35771671080000,-1330263864000,1.6496338,-0.5159282,0.06538001
35771635639000,-1330311386000,1.6396873,-0.5159282,0.06538001
35771671080000,-1330283303000,1.6393359,-0.51628363,0.06559361
35771635639000,-1330327776000,1.6318846,-0.51628363,0.06559361
35771671080000,-1330302876000,1.6315521,-0.51661503,0.065796085
35771635639000,-1330344460000,1.638314,-0.51661503,0.065796085
35771671080000,-1330322418000,1.637998,-0.5169229,0.06597185
35771635639000,-1330361220000,1.6382688,-0.5169229,0.06597185
35771671080000,-1330342269000,1.6379479,-0.51721776,0.066103905
35771635639000,-1330378060000,1.6523137,-0.51721776,0.066103905
35771635639000,-1330394936000,1.6596572,-0.51721776,0.066103905
35771671080000,-1330361565000,1.6592952,-0.5175147,0.06617715
35771635639000,-1330411516000,1.6493806,-0.5175147,0.06617715
35771671080000,-1330381396000,1.6489619,-0.5178347,0.06617367
35771635639000,-1330428213000,1.6572087,-0.5178347,0.06617367
35771671080000,-1330400738000,1.6567063,-0.5181861,0.06609349
35771635639000,-1330445063000,1.6407701,-0.5181861,0.06609349
35771671080000,-1330420248000,1.6401932,-0.51857555,0.06595121
35771635639000,-1330461686000,1.6548625,-0.51857555,0.06595121
35771671080000,-1330439824000,1.654234,-0.51900387,0.06578015
35771635639000,-1330478532000,1.6616502,-0.51900387,0.06578015
35771671080000,-1330459413000,1.6609846,-0.51946026,0.065620795
35771635639000,-1330495461000,1.660523,-0.51946026,0.065620795
35771635639000,-1330512079000,1.6749116,-0.51946026,0.065620795
35771671080000,-1330479018000,1.6742785,-0.51992005,0.065513074
35771635639000,-1330528732000,1.6609615,-0.51992005,0.065513074
35771671080000,-1330498555000,1.660392,-0.52035797,0.06548834
35771635639000,-1330545547000,1.657139,-0.52035797,0.06548834
35771671080000,-1330518114000,1.656654,-0.5207669,0.065562434
35771635639000,-1330562572000,1.6609629,-0.5207669,0.065562434
35771671080000,-1330537658000,1.6605343,-0.5211617,0.06573645
35771635639000,-1330579103000,1.6589985,-0.5211617,0.06573645
35771671080000,-1330557215000,1.6585844,-0.5215688,0.066007435
35771635639000,-1330595670000,1.6569618,-0.5215688,0.066007435
35771671080000,-1330576786000,1.6565211,-0.52201825,0.06637209
35771635639000,-1330612754000,1.6635761,-0.52201825,0.06637209
35771635639000,-1330629144000,1.6512651,-0.52201825,0.06637209
35771671080000,-1330596352000,1.6507834,-0.522538,0.066819474
35771635639000,-1330645959000,1.6536684,-0.522538,0.066819474
35771671080000,-1330615904000,1.65309,-0.52314734,0.06732709
35771635639000,-1330662747000,1.6527066,-0.52314734,0.06732709
35771671080000,-1330635487000,1.6520259,-0.5238541,0.06786816
35771635639000,-1330679581000,1.6455282,-0.5238541,0.06786816
35771671080000,-1330655041000,1.6447313,-0.5246533,0.06841629
35771635639000,-1330696395000,1.6447313,-0.5246533,0.06841629
35771671080000,-1330674591000,1.643821,-0.52553415,0.06893919
35771635639000,-1330712970000,1.633164,-0.52553415,0.06893919
35771671080000,-1330694228000,1.632123,-0.5264876,0.06939054
35771635639000,-1330730270000,1.6282591,-0.5264876,0.06939054
35771635639000,-1330746720000,1.6201131,-0.5264876,0.06939054
35771671080000,-1330713708000,1.6189113,-0.5275058,0.06972479
