53005686590000,-4769423000,0.0,0.0,0.0
53005706157000,-19567000,-0.095762685,-0.15322018,0.5362711
53005784238000,-78081000,0.36456603,-0.24689579,0.16639805
53005764702000,19536000,0.115302905,-0.15230799,0.07381344
53005745185000,19517000,0.09592734,-0.15291262,0.22882462
53005726061000,19124000,-0.03826326,-0.17230606,0.42112064
53005862502000,-136441000,-0.09984438,-0.1750431,0.5590067
53005842780000,19722000,0.13290125,-0.3336401,0.530344
53005823257000,19523000,0.21098605,-0.08873987,0.30847645
53005803767000,19490000,0.4795864,-0.20661736,0.18078232
53005920849000,-117082000,0.41919556,-0.07481623,0.28893566
53005901334000,19515000,0.10059591,-0.21798801,0.53434086
53005881877000,19457000,-0.008490473,-0.13011312,0.58596706
53005998842000,-116965000,0.4763415,0.12335539,-0.064305305
53005979480000,19362000,0.3149694,0.11189222,0.05466175
53005959878000,19602000,0.3057524,0.0046811104,0.15329456
53005944247000,15631000,0.41043836,-0.06377411,0.09683323
53006018389000,-74142000,0.5023766,0.2684741,-0.1646328
53006037905000,-19516000,0.50782967,-0.06618309,-0.16882515
53006057421000,-19516000,0.37757468,0.057449818,-0.36326408
53006076931000,-19510000,0.1306161,0.006987095,-0.2873459
53006096494000,-19563000,-0.003200259,-0.10278416,0.0023069382
53006115970000,-19476000,-0.023547295,-0.15687752,0.008302689
53006135634000,-19664000,-0.06401247,-0.21253872,-0.039204597
53006155073000,-19439000,-0.21954197,-0.02034998,-0.48509216
53006174672000,-19599000,-0.31695226,-0.28853893,-0.62080574
53006194168000,-19496000,-0.25955927,-0.1738553,-0.46565056
53006213598000,-19430000,-0.3146429,-0.058907986,-0.36441422
53006233273000,-19675000,-0.2707308,-0.039063454,-0.04886341
53006252708000,-19435000,-0.31881344,0.13488913,0.040135384
53006272146000,-19438000,-0.4968158,-0.14992046,0.036159515
53006291657000,-19511000,-0.47888428,0.04494381,-0.08068085
53006311352000,-19695000,-0.4180742,-0.027664185,-0.2537508
53006330721000,-19369000,-0.46779728,0.09169674,-0.44564438
53006350304000,-19583000,-0.49400485,0.26871443,-0.19717026
53006369966000,-19662000,-0.592688,0.2349019,-0.17900085
53006389251000,-19285000,-0.9367497,0.39204836,-0.46795082
53006408813000,-19562000,-0.8175469,0.47149134,-0.7191887
53006428345000,-19532000,-0.80981755,0.54927826,-0.9516177
53006447893000,-19548000,-0.6645894,0.5864911,-0.647521
53006467376000,-19483000,-0.7075961,0.65916014,-0.17009068
53006487063000,-19687000,-0.7281813,0.57512426,0.308959
53006506486000,-19423000,-0.70769596,0.35323668,0.5980654
53006525961000,-19475000,-0.6655956,0.20396852,0.8115816
53006545441000,-19480000,-0.41075656,0.18492651,0.7375908
53006565055000,-19614000,-0.42244613,0.14330673,0.25957394
53006584497000,-19442000,-0.14600131,0.19490385,-0.1068964
53006604010000,-19513000,-0.080168664,0.20649242,-0.36291027
53006623565000,-19555000,-0.053486973,0.06404257,-0.47050095
53006643044000,-19479000,0.0862242,0.2664237,-0.60157776
53006662666000,-19622000,0.29968894,0.16309786,-0.6018944
53006682259000,-19593000,0.45182168,0.21432734,-0.16353798
53006701789000,-19530000,0.6565623,0.36302757,0.1403532
53006721199000,-19410000,0.721441,0.43697166,0.11936188
53006740645000,-19446000,0.70302343,0.4360566,0.23378181
53006760300000,-19655000,0.27487275,0.43656063,0.34966373
53006779686000,-19386000,0.35613725,0.4572115,0.121910095
53006799215000,-19529000,0.19980842,0.40170097,0.009716034
53006818773000,-19558000,0.03630185,0.38444042,0.03168869
53006838325000,-19552000,0.03903383,0.4241581,0.41722202
53006857807000,-19482000,-0.2502681,0.42477798,1.0509548
53006877385000,-19578000,-0.4469816,0.4243431,1.6448975
53006896874000,-19489000,-0.5109433,0.46104908,2.331935
53006916382000,-19508000,-0.70840716,0.6497202,2.4206495
53006935941000,-19559000,-0.57779443,0.7029481,1.7745094
53006955395000,-19454000,-0.17486092,1.0036993,0.98494816
53006974975000,-19580000,0.3484524,0.70887804,0.4906149
53006994454000,-19479000,1.5288626,-0.12430143,0.9424238
53007013968000,-19514000,1.7567922,-0.5573602,1.8238516
53007033497000,-19529000,0.7430332,-1.2408955,2.10184
53007053250000,-19753000,-0.5381278,-1.9244614,2.2751827
53007072582000,-19332000,-1.0928842,-2.4330716,2.59439
53007092091000,-19509000,-1.1712005,-2.610277,2.4656105
53007111568000,-19477000,-0.98330414,-2.758824,1.1802502
53007131095000,-19527000,-0.6426972,-2.4152303,-0.47617435
53007150642000,-19547000,0.17797762,-2.2274354,-1.3722076
53007170154000,-19512000,0.7331016,-1.8293228,-1.428093
53007189670000,-19516000,1.1572291,-1.6029794,-1.4246073
53007209386000,-19716000,1.4114593,-1.5483129,-1.5673141
53007228683000,-19297000,1.3791224,-1.7256103,-2.214767
53007248238000,-19555000,0.9622201,-1.6002526,-2.4045982
53007267731000,-19493000,-0.07138884,-1.252033,-1.6924038
53007287502000,-19771000,-0.7083651,-1.0474727,-1.2432451
53007306768000,-19266000,-0.94882905,-0.7230725,-1.6505661
53007326365000,-19597000,-0.84957767,-0.6454282,-2.3390622
53007345790000,-19425000,-0.6000947,-0.32026935,-2.735837
53007365351000,-19561000,-0.1789056,-0.07619715,-2.2292771
53007384837000,-19486000,0.43537003,0.2752974,-2.0090947
53007404454000,-19617000,0.38235155,0.48265886,-2.4410753
53007423886000,-19432000,0.27556157,0.8499613,-2.6472344
53007443530000,-19644000,0.2106905,1.0112913,-1.9974127
53007462952000,-19422000,-0.023577452,1.2907166,-1.0502691
53007482457000,-19505000,-0.1597831,1.7252157,-0.5170145
53007501962000,-19505000,-0.14109561,2.0456755,-0.22864628
53007521488000,-19526000,-0.42762852,2.4045498,-0.15076447
53007541023000,-19535000,-0.55987066,2.648,0.17211342
53007561007000,-19984000,-0.6334141,2.640582,1.0618925
53007580084000,-19077000,-0.39905,2.9013522,2.3030863
53007599530000,-19446000,-0.23929802,3.0461998,3.4705663
53007619071000,-19541000,-0.4219108,2.366578,3.3724747
53007638623000,-19552000,-0.69768906,1.8210943,2.3299556
53007658082000,-19459000,-0.07059935,1.7756774,1.6227002
53007678069000,-19987000,0.76995903,0.98639727,2.68369
53007697141000,-19072000,0.3290556,0.18748522,3.0444837
53007716680000,-19539000,-0.8003093,-0.9055655,2.3020844
53007736196000,-19516000,-1.5848196,-1.6361864,1.2055807
53007755794000,-19598000,-1.7182547,-1.6344903,0.21759844
53007775382000,-19588000,-1.0466545,-1.2961848,0.032505035
53007794863000,-19481000,-0.06673586,-1.2281356,0.38860226
53007814265000,-19402000,0.34150642,-1.1191599,0.5074415
53007833875000,-19610000,0.5232436,-1.2914519,0.7780485
53007853334000,-19459000,0.5542421,-1.3222928,0.74660873
53007872965000,-19631000,0.35647824,-1.8623948,-0.042443275
53007892791000,-19826000,0.25373456,-1.9354162,-1.1645126
53007911860000,-19069000,0.18659222,-2.1577504,-2.157032
53007931468000,-19608000,0.38349888,-2.204158,-3.036499
53007951003000,-19535000,0.173051,-1.7897716,-3.0146356
53007970450000,-19447000,0.03351569,-1.5876198,-3.0843253
53007990017000,-19567000,-0.15021259,-1.5234671,-3.1849117
53008009957000,-19940000,-0.052327096,-1.1589725,-3.0641932
53008029313000,-19356000,0.09839624,-0.8629689,-2.6844153
53008048541000,-19228000,0.3029399,-0.35169506,-1.9118638
53008068052000,-19511000,0.025803804,0.14209938,-1.6280007
53008087582000,-19530000,0.07226604,0.5955086,-0.51435757
53008107099000,-19517000,0.3089837,0.79393315,0.79213524
53008126662000,-19563000,0.602448,1.0591674,1.8829947
53008146187000,-19525000,0.26345825,1.4450645,2.7693157
53008165662000,-19475000,7.842779E-4,1.1823859,2.6950054
53008185183000,-19521000,0.06343156,1.3604057,2.206294
53008204691000,-19508000,-0.046464026,1.4795225,2.3672295
53008224229000,-19538000,0.39916605,1.5964057,1.983397
53008243779000,-19550000,1.2472607,1.1939652,1.5289702
53008263275000,-19496000,1.4441596,0.80949736,1.6914072
53008282962000,-19687000,0.8740729,0.31029344,2.565968
53008302359000,-19397000,-0.023565412,0.06366372,2.6422968
53008321910000,-19551000,-0.13887864,-0.38687205,2.516261
53008341366000,-19456000,0.5087559,-0.46230054,1.8083992
53008360911000,-19545000,1.0768137,-0.48382378,1.0393229
53008380414000,-19503000,1.4316032,-0.6384022,-0.24590492
53008399929000,-19515000,1.4581795,-0.65377855,-1.3330417
53008419458000,-19529000,1.2518276,-0.8520808,-1.7365322
53008438980000,-19522000,1.2332025,-0.92411447,-1.4487386
53008458503000,-19523000,0.40564895,-0.59978247,-0.73010635
53008478028000,-19525000,-0.19677168,-0.70158625,-0.72308636
53008497551000,-19523000,-0.24790138,-0.65468264,-1.4417572
53008517656000,-20105000,-0.14906967,-0.6504307,-2.5756674
53008536597000,-18941000,0.06446019,-0.21282291,-3.5689783
53008556233000,-19636000,-0.046314307,-0.012883663,-3.9972596
53008575810000,-19577000,-0.077229194,0.25346136,-3.8975072
53008595145000,-19335000,-0.5055424,0.5449202,-3.575675
53008614754000,-19609000,-1.0044054,1.0119891,-2.9152656
53008634292000,-19538000,-1.2087264,1.2682312,-1.7448916
53008653736000,-19444000,-1.1364846,1.5592144,-0.8334217
53008673269000,-19533000,-0.80561584,1.9390306,0.25576878
53008692811000,-19542000,-1.000529,1.8873129,0.96092033
53008712350000,-19539000,-1.4526417,2.052422,1.0250721
53008731887000,-19537000,-1.5298167,2.0489702,0.86080456
53008751351000,-19464000,-1.0790536,2.0286934,1.4744682
53008770999000,-19648000,-1.09643,2.2010655,2.5902376
53008790428000,-19429000,-1.3914418,2.0493581,3.262658
53008810052000,-19624000,-1.6965734,1.8609736,2.2598782
53008829527000,-19475000,-1.1894964,1.8099523,1.2439151
53008848962000,-19435000,-0.19692956,1.2469878,1.8594966
53008868485000,-19523000,-0.4247688,0.38497496,2.918486
53008888036000,-19551000,-1.4342781,-0.5430813,3.1580057
53008907537000,-19501000,-1.6951387,-1.0732617,2.0441952
53008927126000,-19589000,-1.1512046,-1.3922765,0.47993803
53008946699000,-19573000,-0.090662,-1.5903051,-0.362082
53008966205000,-19506000,0.4322202,-1.4893851,-0.62904024
53008985671000,-19466000,0.18641365,-1.735791,-0.23709011
53009005149000,-19478000,0.013066947,-1.9999018,0.15096378
53009024765000,-19616000,0.37014604,-1.9721582,-0.013397217
53009044176000,-19411000,0.93035096,-2.0533714,-0.4174404
53009063871000,-19695000,1.5197723,-1.9740665,-1.037508
53009083530000,-19659000,1.6005116,-1.9263217,-1.6592698
53009102732000,-19202000,1.1520642,-1.8361547,-2.2419176
53009122262000,-19530000,0.65159416,-1.6280525,-2.4955935
53009141863000,-19601000,0.48138744,-1.4196553,-2.6864715
53009161328000,-19465000,0.086471915,-1.0999138,-2.7559485
53009180852000,-19524000,0.1767469,-0.82571435,-2.4157534
53009200355000,-19503000,0.2372436,-0.50546455,-2.3171635
53009219876000,-19521000,0.15564835,-0.21998072,-1.8481779
53009239561000,-19685000,-0.14202178,0.27574015,-1.3551106
53009258923000,-19362000,0.094314635,0.45995808,-0.5166321
53009278621000,-19698000,0.04333067,0.94205475,0.62575626
53009297978000,-19357000,-0.06274676,1.2011526,1.4334097
53009317472000,-19494000,0.0075774193,1.4448617,1.6128826
53009337021000,-19549000,0.21722358,1.4023795,1.3102427
53009356626000,-19605000,0.3179046,1.3589661,1.801609
53009376057000,-19431000,0.46294293,1.2945385,1.7589674
53009395672000,-19615000,1.1307507,0.748858,1.2345982
53009415106000,-19434000,1.7647111,0.20196462,1.9681683
53009434765000,-19659000,1.2521076,-0.019004107,3.4975634
53009454144000,-19379000,-0.2752614,-0.63814783,3.6197834
53009473754000,-19610000,-1.6126937,-1.2495961,3.6934853
53009493209000,-19455000,-2.0903296,-1.082067,2.856989
53009512744000,-19535000,-1.266495,-0.8965957,2.0297832
53009532267000,-19523000,-0.26882046,-0.6498523,0.4858179
53009551907000,-19640000,1.0010076,-0.70152926,-0.6416831
53009571338000,-19431000,1.778248,-0.5122843,-1.3462019
53009590812000,-19474000,1.354014,-0.63567495,-1.1416249
53009610347000,-19535000,0.12884343,-0.7452626,-0.11541271
53009629867000,-19520000,-0.78862417,-0.93695855,0.15090752
53009649523000,-19656000,-0.95956534,-0.80910325,-0.18279362
53009668950000,-19427000,-0.44201684,-0.5355654,-1.8202558
53009688425000,-19475000,0.17057875,-0.117773294,-2.9959311
53009707993000,-19568000,0.43829435,0.32751465,-3.4770222
53009727497000,-19504000,0.32318205,0.5487392,-3.682181
53009747002000,-19505000,0.15080452,0.84943867,-3.627859
53009766556000,-19554000,-0.25150388,1.2264082,-3.0819201
53009786047000,-19491000,-0.5966543,1.4655535,-2.369113
53009805550000,-19503000,-0.7313061,1.5827026,-1.7197146
53009825065000,-19515000,-0.59746206,1.9578128,-1.3850164
53009844591000,-19526000,-0.5007374,2.032678,-0.5263872
53009864072000,-19481000,-0.3253225,1.9583285,-0.43297577
53009883655000,-19583000,-0.33861768,1.7329853,-2.603531E-4
53009903251000,-19596000,-0.42527056,1.7388866,1.0900011
53009922668000,-19417000,-1.2938527,1.8041024,2.0445566
53009942203000,-19535000,-1.9672226,2.0249405,2.2623425
53009961670000,-19467000,-1.4105008,1.7900605,2.1190329
53009981195000,-19525000,0.109155536,0.5648508,3.4275608
53010000753000,-19558000,0.10245383,0.17127943,4.6498604
53010020415000,-19662000,-1.3732404,-0.6325314,4.669874
53010039822000,-19407000,-2.11627,-1.8417964,3.1969147
53010059305000,-19483000,-1.0927845,-1.6703241,1.1666217
53010078786000,-19481000,0.2988453,-1.4723985,0.18792868
53010098317000,-19531000,0.92819655,-1.4148929,-0.48298645
53010117819000,-19502000,0.6215008,-1.3590317,-0.30309296
53010137449000,-19630000,-0.08713031,-1.9141412,-0.1451807
53010156996000,-19547000,-0.4341961,-2.1587718,0.019921303
53010176377000,-19381000,-0.4601339,-2.2836504,-0.35362625
53010195936000,-19559000,-0.05124283,-2.1731493,-1.0474153
53010215503000,-19567000,0.31307447,-1.9235411,-1.8820953
53010235100000,-19597000,0.6134492,-1.7467632,-2.5835805
53010254529000,-19429000,0.8114343,-1.3772914,-3.3000774
53010274032000,-19503000,0.9066986,-0.817775,-3.31843
53010293678000,-19646000,0.7838228,-0.33966875,-3.2093067
53010313086000,-19408000,0.74899125,0.22436762,-2.9133315
53010332620000,-19534000,0.667783,0.90802956,-2.6587758
53010352137000,-19517000,0.42535108,1.3228135,-2.2930002
53010371610000,-19473000,0.46270287,1.6737704,-1.3203869
53010391139000,-19529000,0.4932871,2.0703666,-0.07021332
53010410721000,-19582000,0.7288273,2.1244023,1.0497494
53010430231000,-19510000,0.28950465,2.1763015,1.3230419
53010449909000,-19678000,-0.344751,1.973459,1.3351269
53010469395000,-19486000,-0.2721411,1.7057159,1.6891842
53010488769000,-19374000,-0.3145448,1.717468,2.4339132
53010508337000,-19568000,0.16180229,1.9514751,2.2592907
53010527845000,-19508000,1.5606842,1.375612,2.6528797
53010547372000,-19527000,1.2013257,0.5673437,3.782062
53010566868000,-19496000,-0.49515778,-0.5076747,3.9194984
53010586440000,-19572000,-1.2693233,-1.1168463,2.8518968
53010605960000,-19520000,-1.1404811,-0.9475477,1.4404435
53010625455000,-19495000,-0.47183728,-0.7018657,1.0845861
53010645047000,-19592000,-0.31564164,-0.56511235,0.88723755
53010664684000,-19637000,-0.57505035,-0.7233918,0.0112257
53010683987000,-19303000,-0.5025935,-0.96197844,-1.0752535
53010703570000,-19583000,-0.0787307,-1.2013736,-2.0393739
53010723045000,-19475000,0.12162393,-1.095325,-2.4119587
53010742553000,-19508000,0.36589193,-1.2560825,-2.2794013
53010762100000,-19547000,0.6336336,-0.9368508,-2.2073312
53010781966000,-19866000,0.5784428,-0.9042752,-2.34102
53010801114000,-19148000,0.54270864,-0.81682324,-2.6371207
53010820986000,-19872000,0.44792426,-0.73281956,-2.726315
53010840232000,-19246000,0.2922628,-0.46478987,-2.7232966
53010859741000,-19509000,-0.19377875,-0.32164574,-2.4927526
53010879237000,-19496000,-0.12978572,-0.07673216,-2.1509476
53010898915000,-19678000,0.0053769946,0.36271334,-1.5658765
53010918349000,-19434000,-0.09400016,0.5717945,-1.1066494
53010937808000,-19459000,-0.38867015,0.87302685,-0.14633942
53010957333000,-19525000,-0.6859232,1.1485062,0.21719551
53010976837000,-19504000,-0.44801658,1.0889807,1.0684528
53010996328000,-19491000,-0.24800819,1.2858024,2.0741158
53011015899000,-19571000,-0.14194304,1.1815565,3.092288
53011035426000,-19527000,-0.64589673,0.6601362,3.5593824
53011055063000,-19637000,-1.3951318,0.9659662,3.007844
53011074755000,-19692000,-0.49266982,0.85445046,1.8711905
53011094018000,-19263000,0.5871247,0.9020481,1.8883629
53011113641000,-19623000,0.92524374,0.19041967,3.2474513
53011133008000,-19367000,0.11846793,-0.6457567,3.6507015
53011152722000,-19714000,-0.9534727,-1.1253023,3.0021439
53011172092000,-19370000,-0.87487084,-1.2824211,1.6884756
53011191645000,-19553000,-0.31688213,-1.2472095,0.49749136
53011211038000,-19393000,0.18384278,-1.3792233,-0.6416793
53011230717000,-19679000,0.41648728,-1.2148211,-0.49743748
53011250119000,-19402000,-0.09832835,-1.3254766,0.11592579
53011269661000,-19542000,-0.84403837,-1.5554843,-0.03854084
53011289154000,-19493000,-1.0357187,-1.9034438,-0.6082268
53011308766000,-19612000,-0.57738054,-1.6214406,-1.4143386
53011328335000,-19569000,-0.004659176,-1.4564695,-2.4130645
53011347659000,-19324000,0.54898065,-1.352129,-3.1976395
53011367329000,-19670000,0.64326787,-1.0982196,-3.495432
53011386704000,-19375000,0.79477155,-0.7165179,-3.5905695
53011406235000,-19531000,0.7917615,-0.38156343,-3.2498589
53011425801000,-19566000,0.7477631,-0.11554861,-2.6246119
53011445251000,-19450000,0.73797494,0.34596395,-1.1979351
53011464902000,-19651000,0.47377753,0.520658,-0.08188152
53011484288000,-19386000,0.56736505,0.6150861,1.0627251
53011503804000,-19516000,0.7309362,0.6065943,2.0189123
53011523364000,-19560000,0.5813846,0.5303333,2.5479908
53011542853000,-19489000,0.11909938,0.17320395,2.5820303
53011562380000,-19527000,-0.17641163,0.10833621,2.168086
53011581933000,-19553000,0.25144678,0.35444832,1.6030426
53011601391000,-19458000,0.9062066,0.14599633,1.3198929
53011621029000,-19638000,1.5400426,-0.3819058,2.3476048
53011640465000,-19436000,1.0237043,-0.7291658,3.4580994
53011659948000,-19483000,-0.45122546,-0.9699569,3.6924648
53011679503000,-19555000,-1.0076458,-1.5034705,3.7014751
53011699066000,-19563000,-0.14681345,-1.1386659,2.5853739
53011718544000,-19478000,0.6961594,-0.54233193,0.7865553
53011738114000,-19570000,1.5991223,-0.42004585,-0.9834151
53011757601000,-19487000,2.0070128,-0.0035510063,-2.2779288
53011777139000,-19538000,2.3211715,0.5549164,-2.571776
53011796629000,-19490000,2.0799224,1.0060213,-2.5633311
53011816141000,-19512000,0.9550395,0.73537827,-1.9545565
53011835688000,-19547000,-0.23227066,0.16204286,-1.5399075
53011855347000,-19659000,-1.1960123,0.2411282,-1.2537766
53011874887000,-19540000,-1.3991244,0.26159644,-1.722887
53011894277000,-19390000,-1.2413359,0.31745172,-2.6956882
53011914028000,-19751000,-0.96841717,0.48400617,-3.3849716
53011933300000,-19272000,-0.9402194,0.7797048,-3.6966639
53011952908000,-19608000,-1.1724641,0.878201,-3.3238316
53011972331000,-19423000,-1.5283296,1.1238797,-2.536666
53011991923000,-19592000,-1.3351827,1.2863209,-1.6430917
53012011366000,-19443000,-1.0897349,1.4992442,-0.91534996
53012030903000,-19537000,-0.84863967,1.7811837,-0.08978748
53012050427000,-19524000,-0.19079912,1.9783347,0.92294884
53012069961000,-19534000,0.30789044,1.8601894,1.9046535
53012089512000,-19551000,-0.06359154,1.7900312,2.6745272
53012109050000,-19538000,-1.2892011,1.7866323,2.8213844
53012128501000,-19451000,-1.3992745,1.25634,2.2790298
53012148057000,-19556000,-0.9323147,0.9081094,3.0892205
53012167587000,-19530000,-0.92414224,-0.042109728,3.9626226
53012187236000,-19649000,-2.0075893,-0.50067663,3.1707191
53012206596000,-19360000,-2.0762553,-1.2685008,1.8035421
53012226110000,-19514000,-1.3976983,-1.365103,1.1816187
53012245653000,-19543000,-0.43071115,-1.3223181,1.192111
53012265157000,-19504000,0.05915147,-1.5569594,1.3035116
53012284649000,-19492000,-0.081514955,-1.8925385,0.94748974
53012304251000,-19602000,-0.106648445,-1.8850188,0.39887714
53012323713000,-19462000,0.11611271,-1.9916577,-0.4875965
53012343230000,-19517000,0.3551957,-2.0957468,-1.4364095
53012362813000,-19583000,0.70456743,-1.947392,-2.2867522
53012382307000,-19494000,0.6835447,-1.8725829,-3.0498695
53012401785000,-19478000,0.67349434,-1.5850813,-3.2776585
53012421338000,-19553000,0.94107497,-1.2780991,-3.4418583
53012440883000,-19545000,0.91055554,-0.8777578,-3.0767398
53012460354000,-19471000,0.7344948,-0.6174989,-2.6185732
53012480428000,-20074000,0.2971412,-0.25093627,-2.2928724
53012499379000,-18951000,-0.016792297,-0.033973694,-1.5292645
53012518937000,-19558000,0.06117034,0.41338277,-0.63371944
53012538459000,-19522000,0.28387165,0.7036083,0.1591568
53012558013000,-19554000,0.42357576,1.0240879,0.86200905
53012577548000,-19535000,0.25259018,1.0453837,1.0068426
53012597019000,-19471000,0.09848344,1.0324087,0.7376766
53012616530000,-19511000,0.32680118,1.0209742,1.3289766
53012636081000,-19551000,0.19193542,1.0669374,2.159688
53012655555000,-19474000,-0.055978417,1.3230124,1.3839407
53012675158000,-19603000,0.73305964,0.5250993,1.6966038
53012694911000,-19753000,1.2761663,0.053144455,3.3805351
53012714265000,-19354000,0.8836534,-0.22404361,4.728847
53012733723000,-19458000,-0.19627821,-0.6100898,4.953596
53012753181000,-19458000,-0.29813004,-0.92873454,4.18663
53012772659000,-19478000,0.46271706,-0.7350781,2.330453
53012792234000,-19575000,1.339153,-0.9631951,0.47640133
53012811755000,-19521000,1.7946162,-0.91925144,-1.0468755
53012831316000,-19561000,1.6366452,-0.84859157,-1.5823135
53012850789000,-19473000,1.1510606,-0.6143472,-1.293056
53012870291000,-19502000,0.33619612,-0.6168928,-1.1647806
53012889947000,-19656000,0.20591772,-0.4147458,-1.5319428
53012909367000,-19420000,0.28135437,-0.21907091,-2.4419088
53012929099000,-19732000,0.31379837,-0.10714555,-3.0245337
53012948392000,-19293000,0.18991756,-0.21539068,-3.7327971
53012967883000,-19491000,0.15991735,0.3927772,-3.9095864
53012987421000,-19538000,-0.13862687,0.7188482,-3.9143949
53013006960000,-19539000,-0.32107514,0.951489,-3.054891
53013026608000,-19648000,-0.21351308,1.2025647,-1.9618173
53013046703000,-20095000,-0.4656996,1.4880347,-0.74971104
53013065641000,-18938000,-0.5973954,1.5367291,-0.1370573
53013085010000,-19369000,-0.51171684,1.5564649,0.35095787
53013104524000,-19514000,-0.437622,1.8704529,0.49588394
53013124092000,-19568000,-0.048986733,2.0938098,0.72886467
53013143735000,-19643000,0.36689687,1.9762037,1.2701626
53013163525000,-19790000,0.004983008,2.0912797,2.0532198
53013182606000,-19081000,-1.1555393,1.7891164,2.2072544
53013202133000,-19527000,-1.5448757,1.9118037,1.1892519
53013221678000,-19545000,-0.55071366,1.847441,1.1199598
53013241189000,-19511000,0.5626174,1.0613892,2.838984
53013260758000,-19569000,0.18589774,0.11111641,3.7781758
53013280292000,-19534000,-1.3561805,-0.84708,3.2093363
53013299753000,-19461000,-1.7278905,-2.0580196,1.956409
53013319272000,-19519000,-1.3126221,-1.8119924,0.78643227
53013338802000,-19530000,-0.41645813,-1.5396078,0.066140175
53013358336000,-19534000,0.36736387,-1.4839861,-0.008060455
53013377876000,-19540000,0.42590752,-1.6209614,0.22555828
53013397377000,-19501000,-0.26084965,-2.0234818,-0.030053139
53013416973000,-19596000,-0.56413007,-1.9611802,-0.49971962
53013436519000,-19546000,-0.40863854,-1.9692864,-1.2531686
53013455953000,-19434000,0.22381759,-1.8373067,-2.226696
53013475573000,-19620000,0.7005137,-1.5848577,-3.2423067
53013495028000,-19455000,1.0397362,-1.0994809,-3.9306588
53013514614000,-19586000,1.0296377,-0.90082836,-4.2288857
53013534079000,-19465000,0.8411933,-0.26516628,-3.6535668
53013553601000,-19522000,0.2814647,-0.039510727,-2.7753663
53013573109000,-19508000,0.077358425,0.03935027,-1.9371037
53013592734000,-19625000,-0.13531339,0.3304608,-1.0046558
53013612183000,-19449000,-0.3748845,0.6179848,-0.020201683
53013631708000,-19525000,-0.42932463,0.8209789,1.0110245
53013651213000,-19505000,-0.16259927,0.99305725,1.7938166
53013670759000,-19546000,-0.089728475,0.9203825,2.0698643
53013690277000,-19518000,-0.20867491,0.868804,1.8479977
53013709926000,-19649000,0.018526554,0.68359303,1.7696066
53013729357000,-19431000,0.056850553,0.8818271,2.4195547
53013748844000,-19487000,0.40504387,0.9276726,2.4309864
53013768362000,-19518000,1.2164993,0.43930793,3.2735677
53013787889000,-19527000,0.92006063,0.18479252,4.1776423
53013807583000,-19694000,-0.60036296,-0.61885834,4.278545
53013826948000,-19365000,-1.6795806,-1.2783127,3.3272452
53013846448000,-19500000,-1.2644458,-0.7172644,2.1658616
53013865979000,-19531000,-0.19691098,-0.4828694,1.4855719
53013885548000,-19569000,0.22188318,-0.14968467,0.61981964
53013905029000,-19481000,0.5866007,-0.4039669,-0.46316338
53013924617000,-19588000,0.6100558,-0.38155842,-1.5452013
53013944113000,-19496000,0.6936736,-0.50260353,-2.3483748
53013963770000,-19657000,0.08917761,-0.57494044,-2.6520877
53013983150000,-19380000,-0.4004706,-0.828696,-2.349657
53014002808000,-19658000,-0.43156004,-0.88093853,-2.8107467
53014022282000,-19474000,-0.1960612,-0.48349333,-3.2804165
53014041657000,-19375000,0.114578485,-0.38426208,-3.7336445
53014061177000,-19520000,0.3473906,-0.39264345,-3.9934697
53014080720000,-19543000,0.17694533,-0.10780239,-4.1913896
53014100266000,-19546000,-0.03282416,0.3345213,-3.6944504
53014120133000,-19867000,-0.5692577,0.72192955,-2.7701044
53014139387000,-19254000,-0.57017523,0.8602152,-1.8073068
53014158827000,-19440000,-0.3606661,1.130131,-0.6179533
53014178405000,-19578000,-0.22726023,1.6057372,0.19811916
53014197870000,-19465000,0.022319496,1.8056176,0.9572363
53014217499000,-19629000,0.40772793,1.8612356,1.4010048
53014237016000,-19517000,0.6608044,1.7129371,2.0354662
53014256582000,-19566000,-0.023388445,1.4929373,2.486329
53014275971000,-19389000,-1.3008364,1.2196286,2.2267265
53014295529000,-19558000,-1.716183,0.85428023,2.187119
53014315024000,-19495000,-0.96243924,0.43627477,4.1235294
53014334593000,-19569000,-0.5514539,-0.07086468,5.4647813
53014354059000,-19466000,-0.78833985,-1.0853343,4.637329
53014373649000,-19590000,-1.0590553,-1.454195,2.232192
53014393113000,-19464000,-0.6543259,-1.1342134,0.8162446
53014412742000,-19629000,0.0049164295,-0.752547,0.35308266
53014432191000,-19449000,0.5734902,-0.7450211,0.6198902
53014451718000,-19527000,0.8971759,-1.0122437,1.7203369
53014471204000,-19486000,0.5334889,-1.0537875,1.5377188
53014490924000,-19720000,0.2079354,-1.251059,0.29066372
53014510286000,-19362000,-0.0054239035,-1.4124577,-1.0157375
53014529811000,-19525000,0.12139046,-1.4420576,-1.8766174
53014549368000,-19557000,0.37645376,-1.4170558,-2.5911956
53014569115000,-19747000,0.6249503,-1.2041116,-2.97994
53014588402000,-19287000,0.54111993,-0.9013791,-2.9787612
53014607887000,-19485000,0.18218601,-0.8933563,-2.9840064
53014627509000,-19622000,-0.29852843,-0.7798598,-2.818716
53014646962000,-19453000,-0.28732562,-0.35308695,-2.500062
53014666551000,-19589000,-0.49175632,-0.05607629,-1.7206249
53014685974000,-19423000,-0.3162986,0.51027393,-0.8275175
53014705709000,-19735000,0.0683769,0.5579426,0.31072044
53014725032000,-19323000,0.108621955,0.60061264,1.3031425
53014744616000,-19584000,-0.25179958,0.6354847,1.8938112
53014764087000,-19471000,-0.30334568,0.41104627,1.7281189
53014783711000,-19624000,0.14610505,0.50001764,0.9688673
53014803136000,-19425000,0.25404835,0.80568886,0.660059
53014822812000,-19676000,0.34605712,0.3889711,1.1966343
53014842202000,-19390000,0.7088278,-0.30897927,1.8264627
53014861934000,-19732000,0.40297544,-0.9043498,2.5074244
53014881231000,-19297000,-0.93657064,-1.1646832,2.452876
53014900807000,-19576000,-1.4717951,-1.5086011,2.465495
53014920308000,-19501000,-1.0493438,-1.1661227,1.6834049
53014939843000,-19535000,-0.07046318,-0.66960764,0.33735657
53014959388000,-19545000,0.814788,-0.47521162,-0.80389595
53014979231000,-19843000,2.047492,-0.61849046,-2.177053
53014998414000,-19183000,2.4582043,-0.71525574,-2.1646037
53015017917000,-19503000,2.0638757,-0.7837198,-0.6445179
53015037445000,-19528000,0.4590596,-1.0153816,0.13123226
53015056981000,-19536000,-0.48222172,-0.95094204,-0.117798805
53015076705000,-19724000,-0.39792097,-0.5333936,-1.1761036
53015096083000,-19378000,0.11856437,-0.26209664,-2.2172613
53015115679000,-19596000,0.493652,-0.1763835,-2.8942733
53015135074000,-19395000,0.4803158,-0.02917695,-2.9566903
53015154620000,-19546000,0.04185319,0.35009146,-2.8048072
53015174110000,-19490000,-0.11138213,0.5378213,-2.399168
53015193656000,-19546000,-0.36090624,0.742445,-1.9881082
53015213259000,-19603000,-0.53270787,0.7892692,-0.72938824
53015232753000,-19494000,-0.7208298,1.05916,0.3784275
53015252253000,-19500000,-0.86614203,1.1671021,1.1206722
53015271764000,-19511000,-0.6606086,0.8816378,1.6639681
53015291309000,-19545000,-0.6583315,0.73790145,2.5374784
53015310861000,-19552000,-0.5519149,0.62046885,3.27345
53015330329000,-19468000,-1.1454184,0.5871358,3.0015984
53015349907000,-19578000,-1.2702739,0.5045824,1.1778193
53015369396000,-19489000,-0.7734161,-0.04698658,0.22859287
53015388908000,-19512000,0.191675,-0.2229073,1.855133
53015408418000,-19510000,0.5707121,-0.7294471,4.0263395
53015427931000,-19513000,-0.27002555,-1.2955992,4.5591574
53015447577000,-19646000,-1.5281476,-2.071369,2.6875677
53015466998000,-19421000,-1.8458402,-1.9229257,1.1711693
53015486503000,-19505000,-1.0898865,-1.9190285,0.14550972
53015506118000,-19615000,-0.4286517,-1.4813881,0.054600716
53015525541000,-19423000,-0.34094024,-1.1628453,-0.20592403
53015545197000,-19656000,-0.57766116,-0.98055863,-0.5722952
53015564743000,-19546000,-0.33489478,-0.7620797,-1.7643838
53015584116000,-19373000,0.13759637,-0.5853405,-2.4718714
53015603703000,-19587000,0.4943074,-0.37530947,-2.6300955
53015623200000,-19497000,0.3700682,-0.17335272,-2.6533308
53015643044000,-19844000,0.54880303,-0.001452446,-2.78405
53015662229000,-19185000,0.5883431,0.09737849,-2.750432
53015682309000,-20080000,0.6978866,0.5994382,-3.025972
53015701263000,-18954000,0.62755936,0.65739655,-3.0190444
53015721008000,-19745000,0.51020455,1.130434,-1.9415321
53015740303000,-19295000,0.32654643,1.2493815,-0.46753407
53015759897000,-19594000,0.3637221,1.1648378,0.59596443
53015779358000,-19461000,0.33513367,1.0663583,1.4146538
53015799318000,-19960000,0.4328649,0.83713126,2.001131
53015818409000,-19091000,0.103478074,0.8991647,2.1516943
53015837936000,-19527000,-0.039167047,0.6200464,2.087556
53015857463000,-19527000,0.10222292,0.97777104,2.0292673
53015876999000,-19536000,0.41429317,1.0929725,1.7774019
53015896503000,-19504000,1.3389423,0.3547871,1.9389944
53015916078000,-19575000,1.8617254,-0.5451304,2.8548975
53015935722000,-19644000,0.7566205,-0.95291567,3.354622
53015955080000,-19358000,-0.63625526,-1.4011658,3.668209
53015974682000,-19602000,-1.2449098,-1.5797381,3.680008
53015994118000,-19436000,-0.64733684,-1.3694355,2.548809
53016013758000,-19640000,0.18103445,-1.0918809,0.4863901
53016033167000,-19409000,1.0695637,-1.0503881,-1.4682126
53016052703000,-19536000,1.559532,-0.8404362,-2.7347713
53016072220000,-19517000,1.4209054,-0.5185492,-3.4000826
53016091784000,-19564000,0.8822558,-0.41051555,-3.6448808
53016111314000,-19530000,0.51640564,-0.42197704,-3.5148144
53016130952000,-19638000,0.20674908,-0.17189193,-2.7880306
53016150358000,-19406000,0.46947044,0.08760238,-2.2982564
53016169903000,-19545000,0.46128482,0.21955943,-2.4984994
53016189393000,-19490000,0.37378877,0.27810025,-3.2132163
53016208947000,-19554000,0.20726681,0.48989296,-3.273086
53016228477000,-19530000,-0.056839287,0.5262885,-3.062552
53016248275000,-19798000,-0.20713621,0.76772904,-2.4107976
53016267497000,-19222000,-0.49122465,0.9246905,-1.9375901
53016287018000,-19521000,-0.73553663,1.167695,-0.68890095
53016306626000,-19608000,-0.5554899,1.2079892,0.29470158
53016326101000,-19475000,-0.3900643,1.6384234,1.0622244
53016345584000,-19483000,0.10678917,1.8070354,1.700696
53016365570000,-19986000,0.4188348,1.9424672,2.699748
53016384650000,-19080000,0.02845031,1.9883578,3.512045
53016404158000,-19508000,-0.89238334,1.9437447,3.5544796
53016423733000,-19575000,-0.7355387,1.6362996,2.6082373
53016443218000,-19485000,0.2301802,1.2009137,2.7740164
53016462801000,-19583000,0.5486064,0.8684375,3.511218
53016482280000,-19479000,-0.62389505,-0.14421797,3.4586368
53016501795000,-19515000,-1.9283384,-0.8383112,2.3482609
53016521316000,-19521000,-2.2924905,-1.2675122,1.6762161
53016540845000,-19529000,-1.8688581,-1.5804235,1.178463
53016560411000,-19566000,-1.3070246,-1.8102722,0.68848896
53016579899000,-19488000,-1.0074761,-2.0285559,-0.015685081
53016599417000,-19518000,-0.96885246,-2.1540203,-0.5235605
53016619013000,-19596000,-0.8840525,-2.1252465,-1.0371561
53016638473000,-19460000,-0.8300885,-1.9778973,-1.4706407
53016658089000,-19616000,-0.4244914,-1.9781512,-2.160655
53016677518000,-19429000,0.024652123,-1.7430348,-2.7930121
53016697051000,-19533000,0.38153642,-1.4646394,-3.4951668
53016716632000,-19581000,0.8927752,-1.0874047,-3.801714
53016736066000,-19434000,0.90414625,-0.69144154,-3.708435
53016755705000,-19639000,0.79573214,-0.069431305,-2.9242296
53016775136000,-19431000,0.3155253,0.25619435,-2.1188989
53016794804000,-19668000,0.20811403,0.41481304,-1.5795946
53016814217000,-19413000,0.14659679,0.6495137,-0.8894243
53016833845000,-19628000,0.2453357,0.80214906,-0.20605564
53016853260000,-19415000,-0.06960726,0.86789536,1.2283983
53016872812000,-19552000,-0.16513574,0.9386909,2.6779137
53016892300000,-19488000,-0.09693372,0.8201122,3.9981031
53016911823000,-19523000,0.09871459,0.5677674,3.5882502
53016931345000,-19522000,0.50052834,1.100332,2.2224922
53016950909000,-19564000,1.263493,1.6135604,1.1934872
53016970411000,-19502000,2.5227418,1.2082129,1.1073532
53016989948000,-19537000,2.4585285,0.24940395,2.2479029
53017009454000,-19506000,0.5141396,-0.28412974,3.0633364
53017028983000,-19529000,-1.2051042,-0.906829,3.095253
53017048511000,-19528000,-1.6462564,-1.0403221,2.6332817
53017068032000,-19521000,-0.8846123,-0.756709,1.4123402
53017087528000,-19496000,0.33556992,-0.7216425,0.10693073
53017107049000,-19521000,1.0595173,-0.49030018,-1.1243567
53017126625000,-19576000,1.4233018,-0.5763483,-2.1021414
53017146091000,-19466000,1.3125892,-0.42193437,-2.1662064
53017165704000,-19613000,0.91821456,-0.48527288,-1.9586368
53017185160000,-19456000,0.54524416,-0.34472108,-2.2361393
53017204657000,-19497000,0.5752404,-0.07727623,-2.8566031
53017224609000,-19952000,0.64289904,0.18229055,-3.065949
53017243835000,-19226000,0.460424,0.4887452,-3.3584533
53017263240000,-19405000,0.2762434,0.7250397,-2.9642143
53017282825000,-19585000,-0.0438897,0.8693633,-2.359902
53017302278000,-19453000,-0.6910207,1.0526443,-1.9677582
53017321837000,-19559000,-0.66825306,1.3292956,-1.674715
53017341571000,-19734000,-0.35720676,1.6963077,-1.2161083
53017360842000,-19271000,-0.11996436,1.863801,-0.35051346
53017380417000,-19575000,0.08324486,2.0206192,0.13145351
53017399977000,-19560000,0.100165725,2.1454954,0.7201538
53017419529000,-19552000,0.10352528,2.217605,1.6948404
53017438992000,-19463000,-0.117584944,1.9295104,2.8748188
53017458576000,-19584000,-0.58277327,1.4337201,2.8347635
53017478137000,-19561000,-1.0435591,1.4202318,1.624382
53017497585000,-19448000,0.24271226,1.047878,1.0761137
53017517057000,-19472000,1.6860342,0.3187554,2.6222305
53017536573000,-19516000,1.0445751,-0.32370424,3.8472195
53017556099000,-19526000,-0.91720885,-1.277878,3.888443
53017575820000,-19721000,-1.5578293,-1.9455463,2.840991
53017595174000,-19354000,-1.2994146,-1.6504344,1.5689745
53017614730000,-19556000,-0.2946642,-1.5746548,0.6674757
53017634168000,-19438000,-0.22794533,-1.5790402,0.37102985
53017653789000,-19621000,-0.6001457,-1.7168546,0.1294918
53017673211000,-19422000,-0.98921555,-1.9089607,0.065834045
53017692921000,-19710000,-1.0113785,-1.6744677,-0.847332
53017712336000,-19415000,-0.6470602,-1.5691807,-1.8353457
53017731776000,-19440000,-0.14475316,-1.517185,-3.024921
53017751330000,-19554000,0.28502512,-1.2135241,-3.680954
53017770849000,-19519000,0.43099242,-0.603559,-3.9111667
53017790444000,-19595000,0.40686566,-0.32267785,-3.8237238
53017809957000,-19513000,0.7088291,0.04606414,-3.2600703
53017829519000,-19562000,0.66452515,0.36399317,-2.6377497
53017848926000,-19407000,0.54007596,0.72168803,-2.0709558
53017868488000,-19562000,0.16132385,0.9804106,-0.9664955
53017887983000,-19495000,-0.14735365,1.3269725,0.36490154
53017907515000,-19532000,-0.27154887,1.5081716,1.323163
53017927035000,-19520000,-0.0577178,1.2522607,1.8037157
53017946708000,-19673000,0.30343598,0.92027354,1.9307699
53017966098000,-19390000,0.41100025,0.45352364,2.1140814
53017985592000,-19494000,0.15105343,0.6752231,2.6309118
53018005196000,-19604000,0.2139703,1.1648662,2.4761953
53018024661000,-19465000,1.1559788,0.66055274,1.4319916
53018044192000,-19531000,1.6941108,0.06484628,1.5043135
53018063733000,-19541000,0.4299116,-0.52352214,2.2118912
53018083227000,-19494000,-1.1623316,-0.96682525,2.3481035
53018102800000,-19573000,-1.8951548,-0.9737179,2.6803637
53018122284000,-19484000,-1.4416339,-0.86526275,2.7326975
53018141799000,-19515000,-0.029221892,-0.8861954,1.4546909
53018161349000,-19550000,0.6974515,-0.38160944,-0.26880646
53018180862000,-19513000,1.4678577,-0.67037964,-1.244988
53018200472000,-19610000,1.669191,-0.35259676,-1.907937
53018219983000,-19511000,1.1467252,-0.34718585,-2.1534224
53018239439000,-19456000,0.5492796,-0.30984187,-2.0683613
53018258973000,-19534000,0.5638622,-0.2990923,-2.2380953
53018278493000,-19520000,0.7670424,-0.105983734,-2.674283
53018298081000,-19588000,0.7742933,0.018482924,-3.0452075
53018317603000,-19522000,0.60393625,0.12939262,-3.6720963
53018337120000,-19517000,0.2555902,0.33926964,-4.034714
53018356673000,-19553000,0.2656703,0.6840353,-3.556467
53018376162000,-19489000,0.17522228,0.9122822,-2.4668837
53018395672000,-19510000,0.23430955,1.1174507,-1.6480141
53018415214000,-19542000,0.15692383,1.6994884,-0.8921728
53018434734000,-19520000,0.11684555,1.8325889,-0.20473576
53018454366000,-19632000,-0.07618046,1.821001,0.7332592
53018474003000,-19637000,-0.24849844,1.9692531,1.9514885
53018493300000,-19297000,-0.456303,1.7208564,3.286272
53018512956000,-19656000,-1.1198599,1.4765103,4.1537266
53018532363000,-19407000,-1.8547996,1.5047104,3.4514198
53018552019000,-19656000,-1.22294,1.4224937,1.8974495
53018571413000,-19394000,0.3367466,1.231785,2.032003
53018591013000,-19600000,0.73776436,0.2828071,3.5051508
53018610499000,-19486000,-0.23086035,-0.55968595,4.5723968
53018630053000,-19554000,-1.7083946,-1.8095254,3.720168
53018649538000,-19485000,-2.183146,-2.0255795,2.348053
53018669070000,-19532000,-1.3301177,-1.7962953,1.0138426
53018688617000,-19547000,-0.2601716,-1.6714681,-0.009649277
53018708120000,-19503000,-0.18001252,-1.5885148,-0.48531532
53018727652000,-19532000,-0.4198293,-1.5434184,-0.23200893
53018747492000,-19840000,-0.69325054,-1.6288786,0.031302452
53018766710000,-19218000,-0.734278,-1.5576112,-0.9481058
53018786574000,-19864000,-0.44791657,-1.5963778,-1.8222108
53018805810000,-19236000,-0.008307278,-1.2882936,-2.6593933
53018825673000,-19863000,0.3922742,-1.1509204,-3.4530773
53018844824000,-19151000,0.67544204,-0.6910236,-4.083075
53018864349000,-19525000,0.83979315,-0.23659277,-4.1415334
53018883876000,-19527000,0.78776884,0.13170385,-4.0075016
53018903407000,-19531000,0.5176028,0.29447317,-3.448484
53018923047000,-19640000,0.31511348,0.783479,-2.444059
53018942483000,-19436000,0.064665556,1.2490575,-1.3797331
53018962102000,-19619000,0.14912188,1.5145211,-0.56495
53018981482000,-19380000,0.2245627,1.5565898,0.31830597
53019001047000,-19565000,0.29195893,1.639812,0.99440956
53019020816000,-19769000,0.25680315,1.4355738,1.5306864
53019040156000,-19340000,0.4465223,0.75119424,2.3939028
53019059590000,-19434000,0.13455868,0.44793487,3.497303
53019079116000,-19526000,-0.39055526,0.37335134,4.083913
53019098650000,-19534000,0.7878084,0.050924063,2.6887436
53019118175000,-19525000,1.7170494,0.4799912,1.6983757
53019137747000,-19572000,2.110195,0.17034984,1.8164577
53019157239000,-19492000,0.70246583,-0.18436718,2.0455952
53019176706000,-19467000,-0.649442,-0.59945726,1.8316097
53019196277000,-19571000,-0.7013677,-0.40096045,1.2540579
53019215787000,-19510000,0.16398841,-0.37069798,0.6439009
53019235675000,-19888000,1.1239448,-0.23765874,0.15936756
53019254902000,-19227000,1.069034,0.01943779,0.11692715
53019274361000,-19459000,0.4018462,-0.11527562,0.025353432
53019293946000,-19585000,-0.22642124,-0.54559875,-0.29958057
53019313428000,-19482000,-0.39428478,-0.6397915,-0.9463711
53019332963000,-19535000,-0.48436612,-0.5899086,-1.6598496
53019352495000,-19532000,-0.26592368,-0.3966689,-2.089725
53019372001000,-19506000,-0.27416968,-0.25251675,-2.9206681
53019391632000,-19631000,-0.0675683,-0.5798211,-4.3014393
53019411253000,-19621000,-0.14339966,-0.13489604,-4.848943
53019430607000,-19354000,-0.022567213,0.29536867,-4.2727265
53019450138000,-19531000,-0.1455813,0.5754962,-3.5075512
53019469648000,-19510000,-0.14886612,0.8568313,-2.7432146
53019489250000,-19602000,-0.10952568,1.1755288,-1.8454843
53019508804000,-19554000,0.10584468,1.624907,-0.5874977
53019528229000,-19425000,0.15167642,1.8576488,0.8525486
53019547758000,-19529000,0.39103755,2.0243273,1.9887228
53019567339000,-19581000,0.5164383,1.9499993,2.9263115
53019586839000,-19500000,0.20109588,1.8815963,3.8452625
53019606355000,-19516000,-0.6709907,1.7600694,3.9100943
53019626054000,-19699000,-1.1044776,1.7949808,2.5921373
53019645394000,-19340000,-0.103220046,1.5274296,2.007904
53019664931000,-19537000,0.45638585,1.1875789,3.0503902
53019684501000,-19570000,-0.15281671,0.20239401,3.857861
53019703993000,-19492000,-1.5664624,-0.6783674,3.5674996
53019723481000,-19488000,-1.7153487,-1.0871363,2.0459223
53019743398000,-19917000,-1.1727529,-1.1922443,0.8069143
53019762525000,-19127000,-0.377787,-1.2746153,0.29996967
53019782325000,-19800000,-0.34372306,-1.4827807,0.39468765
53019801573000,-19248000,-0.80203587,-1.7927277,0.8532934
53019821186000,-19613000,-1.1776611,-1.8172793,0.36166
53019840642000,-19456000,-1.1261718,-1.9174645,-0.86037636
53019860343000,-19701000,-0.68587565,-1.9184601,-2.3073807
53019879668000,-19325000,-0.18313515,-1.8774984,-3.3199768
53019899229000,-19561000,0.36242735,-1.5833516,-4.0633082
53019918770000,-19541000,0.5471872,-1.1712494,-4.510868
53019938260000,-19490000,0.57978284,-0.7009101,-4.3303237
53019957816000,-19556000,0.649367,-0.30935645,-4.0521398
53019977484000,-19668000,0.29376173,-3.9958954E-4,-3.4038835
53019996869000,-19385000,0.0087275505,0.35466242,-2.385302
53020016397000,-19528000,-0.34134388,0.67452073,-1.3416023
53020035876000,-19479000,-0.2399162,0.95402,-0.37294388
53020055434000,-19558000,-0.08900869,0.8244574,0.45674896
53020074938000,-19504000,-0.060097694,0.7986419,0.9848175
53020095072000,-20134000,0.36485213,0.2791903,1.2986593
53020114069000,-18997000,0.5938143,-0.06506419,1.5746307
53020133859000,-19790000,0.3017217,0.22402835,1.919054
53020153103000,-19244000,-0.2807014,0.8029113,2.2642756
53020172588000,-19485000,0.6857512,0.86813545,1.855588
53020192126000,-19538000,2.3012872,0.28727388,2.6023393
53020211648000,-19522000,1.7693353,-0.018333197,3.4662814
53020231266000,-19618000,0.008253694,-0.6211157,3.5637846
53020250716000,-19450000,-1.1633562,-0.75193715,3.4690351
53020270437000,-19721000,-1.5542505,-0.67597723,3.0087829
53020289720000,-19283000,-0.91367555,-0.6193743,1.5544333
53020309253000,-19533000,0.090329826,-0.15774274,0.14230156
53020328775000,-19522000,0.77085245,-0.4185872,-0.83900404
53020348346000,-19571000,0.7082921,-0.27007437,-1.496892
53020367847000,-19501000,0.45869055,-0.41995192,-1.112988
53020387475000,-19628000,-0.093183756,-0.5613668,-0.3479414
53020406903000,-19428000,-0.25855047,-0.52224255,-0.80085564
53020426423000,-19520000,0.05772227,-0.39874005,-1.3914909
53020445923000,-19500000,0.35715204,-0.32568216,-2.2479258
53020465439000,-19516000,0.3328091,-0.26571417,-2.52287
53020484968000,-19529000,0.40546724,-0.25830007,-2.7109365
53020504521000,-19553000,0.28709346,0.0400393,-2.8289237
53020524031000,-19510000,-0.042192638,0.24480128,-2.4352255
53020543876000,-19845000,0.010775268,0.60361624,-1.9502292
53020563107000,-19231000,0.19681513,0.9421425,-1.3201504
53020582713000,-19606000,0.5349376,1.2777715,-0.9295454
53020602230000,-19517000,0.85270536,1.3594403,-0.41934776
53020621654000,-19424000,0.80509806,1.5298264,0.2236433
53020641261000,-19607000,0.5447731,1.3271284,1.2615957
53020660710000,-19449000,0.47342315,1.381885,1.9781313
53020680221000,-19511000,-0.17554122,1.367265,2.308259
53020699868000,-19647000,-0.42533284,1.4357696,1.3441505
53020719408000,-19540000,0.18439198,1.20456,0.4962101
53020738798000,-19390000,1.0800321,0.34889555,2.1919317
53020758365000,-19567000,0.5384798,-0.44065547,4.071908
53020777866000,-19501000,-1.2674115,-0.89344716,4.6208487
53020797466000,-19600000,-1.7705128,-1.6765443,3.2426548
53020817116000,-19650000,-0.9694757,-1.2916012,1.3529224
53020836568000,-19452000,0.04596269,-0.69136906,0.06327438
53020856051000,-19483000,0.39657778,-0.5035815,-0.4706421
53020875661000,-19610000,-0.050703585,-0.7248707,-0.20565796
53020895069000,-19408000,-0.7022582,-1.2575407,0.31078815
53020914564000,-19495000,-0.9456186,-1.4492276,0.16688824
53020934442000,-19878000,-0.6852747,-1.3181958,-0.70715904
53020953714000,-19272000,-0.17098743,-1.1336441,-1.7671056
53020973165000,-19451000,0.30966917,-0.9341419,-2.662376
53020992698000,-19533000,0.60268646,-0.567528,-3.5595694
53021012301000,-19603000,0.5726032,-0.28456163,-3.9741235
53021031919000,-19618000,-0.012294829,0.06547141,-3.5750313
53021051559000,-19640000,-0.50266623,6.942749E-4,-2.453515
53021070806000,-19247000,-0.6509213,0.16852498,-1.5656853
53021090440000,-19634000,-0.53422505,0.31714392,-0.8331518
53021109891000,-19451000,-0.6312378,0.6922872,-0.25914
53021129423000,-19532000,-0.5965176,0.7357476,0.59228325
53021148954000,-19531000,-0.869627,0.42594147,1.1777878
53021169071000,-20117000,-1.0662556,0.0863986,1.7778215
53021188043000,-18972000,-0.9555419,-0.034362078,2.207593
53021207758000,-19715000,-0.7466319,0.27366424,2.6126184
53021227074000,-19316000,-0.783393,0.28365326,2.447545
53021246712000,-19638000,-0.06888473,0.57105374,1.5707493
53021266187000,-19475000,0.7648325,0.10308409,1.2600756
53021285707000,-19520000,1.1999133,-0.37184048,1.9335947
53021305213000,-19506000,-0.010340333,-0.641315,2.326291
53021324790000,-19577000,-0.8378068,-1.0480659,2.285512
53021344291000,-19501000,-0.6331246,-0.9575248,1.9858131
53021363892000,-19601000,0.18136626,-0.71184206,1.0465832
53021383648000,-19756000,0.685936,-0.5000422,-0.41387653
53021403014000,-19366000,1.1867367,-0.6267445,-1.5080609
53021422413000,-19399000,1.2808714,-0.26710677,-2.057311
53021441977000,-19564000,1.0438098,-0.20582843,-2.4756255
53021461492000,-19515000,0.34024107,-0.25166202,-2.4479513
53021481019000,-19527000,0.3567356,-0.38627243,-2.1958685
53021500613000,-19594000,0.67156076,-0.1702683,-2.2292662
53021520305000,-19692000,0.8827231,-0.12211704,-2.887155
53021539752000,-19447000,0.79957163,-0.013633251,-3.131925
53021559184000,-19432000,0.69099027,0.28777313,-3.1720824
53021578673000,-19489000,0.55772066,0.4166963,-2.5469217
53021598204000,-19531000,0.34319955,0.8121064,-1.6974545
53021617836000,-19632000,0.029320538,1.1467366,-1.0086918
53021637583000,-19747000,-0.01869154,1.591147,-0.19712353
53021656871000,-19288000,0.18191266,1.7987876,0.36571693
53021676300000,-19429000,0.3452434,1.88252,0.9224644
53021695836000,-19536000,0.4917053,2.185061,1.9060526
53021715372000,-19536000,0.20081782,2.0917468,2.9824142
53021734950000,-19578000,-0.16299862,1.7543621,3.6832647
53021754488000,-19538000,-1.1739767,1.785106,3.0232706
53021774163000,-19675000,-1.203449,1.6665051,1.3586445
53021793480000,-19317000,-0.03977853,1.5149939,1.0787477
53021813141000,-19661000,0.4602531,0.9289026,2.352456
53021832564000,-19423000,-0.10526097,-0.24228859,3.3801289
53021852131000,-19567000,-1.3534442,-1.133975,3.2625675
53021871621000,-19490000,-1.8674308,-1.4353955,2.8450747
53021891292000,-19671000,-1.5513117,-1.4864464,1.7657795
53021910717000,-19425000,-0.902691,-1.5494621,0.81460285
53021930308000,-19591000,-0.41872388,-1.523454,0.35952663
53021949771000,-19463000,-0.40582395,-1.5188751,-0.16755581
53021969414000,-19643000,-0.53871816,-1.6087909,-1.181632
53021988861000,-19447000,-0.33997428,-1.5806906,-2.0616655
53022008543000,-19682000,-0.30885458,-1.4907234,-2.781011
53022027917000,-19374000,0.24211103,-1.3398931,-3.3888474
53022047628000,-19711000,0.73669255,-1.147871,-3.7051325
53022067011000,-19383000,0.8277031,-0.86034036,-4.0297456
53022086531000,-19520000,0.991661,-0.42248154,-4.0119653
53022106156000,-19625000,0.7472621,-0.16338515,-3.4366527
53022125576000,-19420000,0.43710095,0.08468723,-2.5897722
53022145080000,-19504000,0.17448068,0.43242002,-1.8733559
53022164906000,-19826000,-0.041545153,0.68416286,-1.2695732
53022184177000,-19271000,-0.11446929,0.89245343,-0.4034729
53022204022000,-19845000,-0.23526824,1.1494045,0.5097847
53022226086000,-22064000,-0.3847518,1.2211862,1.4119644
53022245251000,-19165000,-0.5577791,0.9523463,1.8004208
53022264748000,-19497000,-0.733062,0.7619693,2.0300283
53022284280000,-19532000,-0.7549454,1.4152086,2.3976412
53022303818000,-19538000,-0.31465566,1.532999,2.032858
53022323346000,-19528000,0.9535888,1.020253,1.9824066
53022342889000,-19543000,1.1736609,0.2995293,3.065238
53022362410000,-19521000,0.17285407,-0.35903168,3.7273188
53022381959000,-19549000,-1.1689262,-0.93340755,3.833303
53022401464000,-19505000,-1.4162595,-1.2089069,3.2108703
53022421221000,-19757000,-0.4161533,-0.8555317,1.7259684
53022440548000,-19327000,0.8738873,-0.78735614,0.18775463
53022460079000,-19531000,1.6687075,-0.86602616,-1.2083569
53022479678000,-19599000,2.388709,-0.5516522,-2.3784943
53022499708000,-20030000,2.3803353,-0.5309861,-2.318108
53022518823000,-19115000,1.6211207,-0.42036748,-1.5304017
53022538333000,-19510000,0.6437265,-0.7745476,-0.8675661
53022557718000,-19385000,0.039355993,-0.69405127,-0.91425705
53022577312000,-19594000,0.09388226,-0.5628202,-1.7978883
53022597209000,-19897000,0.38598245,-0.40120673,-2.862512
53022616413000,-19204000,0.57352245,-0.3652463,-3.3215714
53022635868000,-19455000,0.46665776,-0.16929865,-3.6134167
53022655385000,-19517000,0.086702764,0.41433954,-3.3731441
53022674921000,-19536000,0.087102234,0.61714745,-2.7922301
53022694431000,-19510000,0.02954036,1.0302708,-2.140029
53022714251000,-19820000,-0.42883193,1.4211717,-1.2837658
53022733525000,-19274000,-0.3089674,1.6910844,0.15307331
53022753006000,-19481000,-0.58604574,2.2584767,1.2079554
53022772588000,-19582000,-0.58816195,2.5266664,2.1991873
53022792064000,-19476000,-0.084273934,2.205764,2.7533884
53022811704000,-19640000,-0.2802258,2.289193,3.0716267
53022831420000,-19716000,-1.0033654,2.3538022,3.373684
53022850706000,-19286000,-1.3730356,2.4572322,2.5396996
53022870282000,-19576000,-0.46973932,1.7942553,1.6922512
53022889735000,-19453000,0.65275,0.9024465,3.0488038
53022909267000,-19532000,0.2890788,0.16668153,4.0787473
53022928798000,-19531000,-1.4090396,-0.9076035,3.651785
53022948539000,-19741000,-2.0297472,-1.4924192,2.1319842
53022967872000,-19333000,-2.0914452,-1.7723644,0.9218521
53022987399000,-19527000,-1.4788868,-1.7411609,0.25451756
53023006933000,-19534000,-0.7084284,-1.736932,0.23215675
53023026452000,-19519000,-0.3348627,-1.7729268,0.47973156
53023046011000,-19559000,-0.56882125,-1.9019,0.1628809
53023065678000,-19667000,-0.91292113,-2.024676,-0.59545517
53023085056000,-19378000,-0.7365607,-2.3315687,-1.8254485
53023104640000,-19584000,-0.27055836,-2.1511338,-2.6969228
53023124127000,-19487000,0.2346924,-1.7906809,-3.4523153
53023143722000,-19595000,0.47130072,-1.5579493,-3.9321752
53023163208000,-19486000,0.55225813,-1.3027098,-4.0735593
53023183181000,-19973000,0.4948225,-0.9887662,-4.215243
53023202242000,-19061000,0.54576945,-0.43163824,-3.8395844
53023221931000,-19689000,0.45437562,-0.13214111,-2.7698393
53023241328000,-19397000,0.29610848,0.38271546,-1.7165127
53023260835000,-19507000,0.03197229,0.55252886,-0.930892
53023280413000,-19578000,0.27488017,0.85109067,0.290514
53023299970000,-19557000,0.20191133,1.1394982,0.98197937
53023319454000,-19484000,0.5228858,1.0496402,1.2484741
53023339072000,-19618000,0.7409303,1.1910164,1.2905617
53023358530000,-19458000,0.78070694,1.8103092,1.5186844
53023378155000,-19625000,1.0835104,2.4077265,1.1574526
53023397594000,-19439000,3.2780032,1.6227317,1.0609217
53023417257000,-19663000,4.0499744,1.312448,1.8937035
53023436694000,-19437000,2.2295375,0.8650918,3.346058
53023456180000,-19486000,-0.2704779,0.052429914,4.1324115
53023475810000,-19630000,-1.2300814,-0.64398,4.097627
53023495256000,-19446000,-0.41848254,-0.45321918,2.245325
53023514778000,-19522000,0.9218665,-0.27051473,-0.08386946
53023534297000,-19519000,2.1815526,0.10106397,-1.8913646
53023553849000,-19552000,2.7504215,0.41734457,-2.3286724
53023573402000,-19553000,2.1700592,0.4139769,-1.6550083
53023592893000,-19491000,0.7277254,-0.117185116,-0.28102303
53023612495000,-19602000,-0.61954045,-0.5426047,0.48168468
53023631958000,-19463000,-1.1052217,-0.78487444,0.45000648
53023651567000,-19609000,-0.8620235,-0.556108,-1.0600243
53023671024000,-19457000,-0.44265255,-0.29666495,-2.819129
53023690534000,-19510000,-0.13152364,-0.35138154,-3.6372294
53023710115000,-19581000,-0.079357564,0.10278058,-4.1820498
53023729618000,-19503000,-0.22703001,0.62400436,-3.6847577
53023749143000,-19525000,-0.26728874,0.86570597,-2.2958937
53023768707000,-19564000,-0.4873489,0.9786582,-1.1822376
53023788349000,-19642000,-1.002486,1.1897657,-0.056887627
53023807748000,-19399000,-0.8749943,1.0935814,0.6545782
53023827237000,-19489000,-1.1013644,1.2425711,1.1766987
53023846838000,-19601000,-1.1265736,1.212662,1.6362476
53023866335000,-19497000,-0.9129516,1.2699423,2.2348166
53023885866000,-19531000,-1.3995209,1.355397,2.886754
53023905459000,-19593000,-1.8780633,1.199897,2.6638632
53023924907000,-19448000,-1.1041887,1.1289563,1.673172
53023944495000,-19588000,0.15577,1.0085719,2.0344038
53023963995000,-19500000,0.44515657,0.03535366,3.3415093
53023983596000,-19601000,-0.8122052,-0.7549131,3.446948
53024003037000,-19441000,-2.3545203,-1.6275067,2.9825897
53024022701000,-19664000,-2.6125567,-2.0426717,2.005495
53024042093000,-19392000,-2.1997948,-1.8039539,1.1698351
53024061635000,-19542000,-1.4216827,-1.538501,0.6891756
53024081157000,-19522000,-0.9090817,-1.7013497,0.932786
53024100708000,-19551000,-0.8143372,-1.8290496,0.9492912
53024120209000,-19501000,-0.8884177,-1.9190462,0.5923948
53024139793000,-19584000,-0.6912628,-1.9505017,-0.4763279
53024159279000,-19486000,-0.3964522,-1.9613998,-1.6374993
53024178838000,-19559000,0.10961437,-1.7986894,-2.5594935
53024198356000,-19518000,0.6718786,-1.5019665,-3.3892498
53024217944000,-19588000,1.1541127,-0.9772341,-3.890572
53024237462000,-19518000,1.3620965,-0.57219696,-4.1148314
53024256952000,-19490000,1.1397171,-0.36699605,-3.9417024
53024276559000,-19607000,0.9630008,-0.1355803,-3.481515
53024296042000,-19483000,0.7531637,0.15573215,-2.9429455
53024315563000,-19521000,0.56628597,0.61757255,-2.3829799
53024335476000,-19913000,0.30582368,0.9970412,-1.1698666
53024354606000,-19130000,0.49079192,1.1938748,0.13253403
53024374186000,-19580000,0.3941915,1.4153566,0.96442795
53024393709000,-19523000,0.24812245,1.2562578,1.5273294
53024413248000,-19539000,-0.15562606,0.59940267,1.4471197
53024432780000,-19532000,-0.25885355,0.49709797,1.8815126
53024453154000,-20374000,-0.34668624,0.7757833,2.572277
53024471827000,-18673000,0.33213174,1.0375533,2.1878862
53024491321000,-19494000,1.7027737,0.53570604,1.2574663
53024510946000,-19625000,2.0809999,-0.018821955,1.6913414
53024530413000,-19467000,0.9304173,-0.7951422,2.6830692
53024550082000,-19669000,-0.56264555,-1.1387308,3.0825024
53024569557000,-19475000,-0.7328676,-1.466439,2.8146596
53024588989000,-19432000,0.055581927,-1.2182083,2.1687717
53024608692000,-19703000,1.7647431,-0.86844635,1.280632
53024628019000,-19327000,2.7477355,-0.73892,0.65371037
53024647572000,-19553000,2.5822113,-0.65436125,0.043293953
53024667130000,-19558000,1.4767053,-0.76644754,-0.4292183
53024686630000,-19500000,0.2905572,-0.998209,-0.66062164
53024706212000,-19582000,-0.34616685,-0.94772196,-0.6819191
53024725749000,-19537000,-0.2806223,-0.53945494,-0.9263735
53024745349000,-19600000,-0.22047186,-0.42603374,-1.9239602
53024764891000,-19542000,-0.18264693,-0.4562888,-2.864736
53024784321000,-19430000,-0.16448021,-0.28789258,-3.7440248
53024803897000,-19576000,-0.14437318,0.21096063,-4.02101
53024823380000,-19483000,-0.15833831,0.59703135,-3.4430237
53024842977000,-19597000,-0.28122061,1.1932588,-3.0410628
53024862433000,-19456000,-0.55004066,1.4602668,-2.2012591
53024881966000,-19533000,-0.6191361,1.9120636,-1.4026775
53024901559000,-19593000,-0.3921516,2.3538358,-0.22654438
53024921083000,-19524000,0.18853201,2.5334196,0.68957233
53024940598000,-19515000,0.31812,2.4287035,1.3958569
53024960374000,-19776000,0.3405397,2.3432262,2.171485
53024979679000,-19305000,-0.45481533,2.0847445,2.7753983
53024999200000,-19521000,-1.4182134,1.9010305,2.9107952
53025018723000,-19523000,-1.4398835,1.9840775,1.7829218
53025038231000,-19508000,-0.060483277,1.7991002,1.9504604
53025057770000,-19539000,0.09604341,1.1184616,3.1012545
53025077711000,-19941000,-0.7211986,0.07826805,3.6028194
53025096849000,-19138000,-1.6703215,-0.7406688,3.3409653
53025116381000,-19532000,-1.9276037,-1.2771485,2.5436277
53025136040000,-19659000,-1.6456832,-1.5447407,1.1923313
53025155738000,-19698000,-1.1490645,-1.7095168,0.3818903
53025174953000,-19215000,-0.55198634,-1.6885653,0.46431828
53025194471000,-19518000,-0.14080185,-1.8980548,0.7171669
53025214005000,-19534000,-0.29883426,-1.9507239,0.42026234
53025233532000,-19527000,-0.41426355,-1.882004,-0.7442579
53025253188000,-19656000,0.009431362,-2.0731556,-1.2561226
53025272631000,-19443000,0.4530401,-1.7583237,-1.9123788
53025292285000,-19654000,0.7806014,-1.435859,-2.5342016
53025311654000,-19369000,1.0471466,-1.2044816,-3.1921077
53025331318000,-19664000,1.0971,-1.1429925,-3.9378667
53025350742000,-19424000,1.1387472,-0.9495919,-4.36488
53025370379000,-19637000,1.0357842,-0.55144,-4.334537
53025389806000,-19427000,1.054865,-0.10693264,-3.3466372
53025409406000,-19600000,0.7542861,0.283839,-2.2035909
53025428863000,-19457000,0.459615,0.34776068,-0.9836426
53025448615000,-19752000,0.5541154,0.67440844,-0.24451351
53025467964000,-19349000,0.75243175,0.7996769,0.101228714
53025487493000,-19529000,0.8453646,0.52867746,0.73576736
53025507001000,-19508000,0.8923365,0.51003146,0.8642292
53025526782000,-19781000,0.37774885,1.0292151,1.1095476
53025546216000,-19434000,0.16578144,1.4920886,1.3848934
53025565599000,-19383000,1.1201404,1.3622913,1.6629982
53025585130000,-19531000,2.0546894,0.83142424,2.569253
53025604723000,-19593000,1.0549023,0.417356,3.4661407
53025624594000,-19871000,-0.8832133,-0.16606712,3.9274788
53025643772000,-19178000,-1.8626091,-0.5320051,3.740909
53025663267000,-19495000,-1.3842049,-0.5053587,2.883994
53025682831000,-19564000,-0.192556,0.013480186,1.1642809
53025702355000,-19524000,0.9680244,0.051697254,-0.20972061
53025721892000,-19537000,1.620377,0.34054756,-1.176115
53025741407000,-19515000,1.6303908,0.38459826,-1.6125517
53025760972000,-19565000,0.7857375,0.07051778,-0.9160104
53025780473000,-19501000,-0.3032206,-0.40934896,-0.24442387
53025800028000,-19555000,-0.93013155,-0.44171786,-0.25874424
53025819681000,-19653000,-1.1154797,-0.21790814,-0.68303776
53025839077000,-19396000,-0.6869464,-0.21680713,-2.3157892
53025858606000,-19529000,-0.42904523,-0.3044386,-3.3329754
53025878182000,-19576000,-0.3406833,0.055092573,-3.8074212
53025897702000,-19520000,-0.3060286,0.2481296,-4.1762905
53025917658000,-19956000,-0.15198004,0.829278,-3.841559
53025936916000,-19258000,-0.2809322,1.3752527,-2.726522
53025956284000,-19368000,-0.48230696,1.6925218,-0.92562675
53025975936000,-19652000,-0.52648187,1.9508677,0.27746487
53025995354000,-19418000,-0.2990877,2.2622066,1.2219391
53026015122000,-19768000,0.25705358,2.3358424,1.4422054
53026034411000,-19289000,0.5663879,2.2841167,2.1721563
53026054004000,-19593000,0.43646654,2.1040204,2.617217
53026073498000,-19494000,-0.5363562,1.9088082,2.4220839
53026093141000,-19643000,-1.2232118,1.8313317,1.3092012
53026112547000,-19406000,-0.14986098,1.6615648,1.4928722
53026132081000,-19534000,0.71096545,1.0362813,3.006112
53026151614000,-19533000,0.21021163,0.1107223,3.528409
53026171177000,-19563000,-0.79031384,-0.97802615,2.885857
53026190640000,-19463000,-1.6394304,-1.727474,2.2468834
53026210175000,-19535000,-2.087503,-1.9216564,1.5548439
53026229685000,-19510000,-2.209509,-2.1481097,0.9275732
53026249279000,-19594000,-1.8880194,-2.3622313,0.90557957
53026268757000,-19478000,-1.1777987,-2.3858414,1.0546665
53026288517000,-19760000,-0.3826896,-2.3670042,0.5951605
53026307828000,-19311000,0.09574443,-2.4178813,-0.04350567
53026327323000,-19495000,-0.24039704,-2.2869852,-0.64486504
53026346849000,-19526000,-0.22415912,-2.3950403,-1.2028465
53026366532000,-19683000,-0.08743495,-2.1102967,-2.1330824
53026385959000,-19427000,0.2818182,-1.9336419,-2.9509597
53026405475000,-19516000,0.7278284,-1.4463062,-3.7086172
53026425139000,-19664000,1.0563935,-0.86238456,-4.4199247
53026444526000,-19387000,1.0922134,-0.5130944,-4.8316603
53026464187000,-19661000,1.0241185,-0.11555457,-4.958018
53026483582000,-19395000,0.6199801,0.3430109,-3.743269
53026503139000,-19557000,0.16533339,0.7231915,-2.238461
53026522632000,-19493000,0.15756369,0.90440106,-1.0959196
53026542210000,-19578000,-0.054223657,1.2455049,0.08324528
53026561698000,-19488000,-0.04716158,1.378113,1.4257975
53026581347000,-19649000,-0.279045,1.1261969,2.003642
53026600783000,-19436000,-0.6322,1.0046251,2.2260008
53026620447000,-19664000,-0.93163157,0.9160886,2.4454794
53026639827000,-19380000,-1.097544,1.0144448,2.8032808
53026659457000,-19630000,-0.20765424,1.0514135,2.523284
53026678925000,-19468000,1.0319238,0.7804973,2.421104
53026698459000,-19534000,1.0329044,0.30007386,3.3528786
53026717945000,-19486000,-0.30046612,-0.4055562,3.5533528
53026737504000,-19559000,-1.2452059,-1.1027048,3.2508407
53026757005000,-19501000,-1.1317899,-1.1928611,2.771687
53026776550000,-19545000,0.02039355,-0.90084934,1.7922792
53026796157000,-19607000,1.1004399,-0.71967506,0.5079889
53026815979000,-19822000,2.146135,-1.0088542,-0.15654182
53026835203000,-19224000,2.9063666,-0.73088,-0.80352545
53026854698000,-19495000,2.7842736,-0.4580016,-0.7930374
53026874285000,-19587000,1.909723,-0.6104672,0.09501934
53026893766000,-19481000,0.8723209,-0.9011681,0.10781574
53026913427000,-19661000,0.45397943,-0.67950845,-0.93891144
53026932815000,-19388000,0.42388463,-0.5985358,-2.1390448
53026952355000,-19540000,0.5139835,-0.5448568,-3.1050391
53026971892000,-19537000,0.40044478,-0.23325396,-4.005383
53026991480000,-19588000,0.3156439,0.12333107,-4.37663
53027011022000,-19542000,0.20524406,0.48399115,-4.6176815
53027030482000,-19460000,-0.19564676,0.57776546,-3.8640256
53027050018000,-19536000,-0.6924521,0.7849295,-2.400961
53027069576000,-19558000,-1.167118,1.1409514,-1.6077137
53027089070000,-19494000,-1.2908386,1.5856647,-0.43394566
53027109291000,-20221000,-1.4051973,1.8672135,0.4668808
53027128145000,-18854000,-1.2396078,2.1181505,1.5400963
53027147770000,-19625000,-1.078586,1.837573,2.013566
53027167240000,-19470000,-0.55698144,1.8284805,2.4506626
53027186727000,-19487000,-0.7087004,1.8791285,2.7448606
53027206258000,-19531000,-0.97890687,1.9700141,2.7136717
53027225819000,-19561000,-0.9093543,2.1398127,1.5822582
53027245343000,-19524000,0.01505965,1.8532801,1.9491687
53027264915000,-19572000,0.29801273,1.0351155,3.7530727
53027284364000,-19449000,-0.56156504,0.14735365,4.100566
53027303929000,-19565000,-1.7620873,-1.0946376,2.8185897
53027323433000,-19504000,-1.8886838,-1.5564785,1.0192947
53027342974000,-19541000,-1.4214194,-1.2521093,-0.107120514
53027362450000,-19476000,-1.0117859,-1.1907642,-0.72743654
53027381983000,-19533000,-0.563714,-1.1562405,-0.66187763
53027401511000,-19528000,-0.23029327,-1.5461068,0.42431355
53027421051000,-19540000,0.026502013,-1.6673326,1.3144436
53027440571000,-19520000,0.1483742,-1.7857585,1.269372
53027460126000,-19555000,0.34476924,-1.9000423,0.007475853
53027479673000,-19547000,0.6715784,-1.5119088,-1.3947029
53027499241000,-19568000,1.1653703,-1.5030305,-2.1296873
53027518842000,-19601000,1.4794774,-1.3194625,-2.864881
53027538212000,-19370000,1.4204198,-0.9641998,-3.3291597
53027558051000,-19839000,1.2349579,-0.76473546,-3.7484303
53027577235000,-19184000,0.9795157,-0.68805385,-3.890983
53027596863000,-19628000,0.9782213,-0.29643416,-3.925324
53027616322000,-19459000,0.84811515,-0.05398369,-3.3904743
53027635842000,-19520000,0.64721084,0.20780087,-2.438775
53027655371000,-19529000,0.6449998,0.17865205,-1.1287203
53027675100000,-19729000,0.68985796,0.42982745,0.23080826
53027694439000,-19339000,0.21003824,0.7475145,1.2876263
53027713991000,-19552000,-0.16029716,0.42072058,1.9007664
53027733489000,-19498000,-0.47587878,0.19478321,2.2519846
53027753094000,-19605000,-0.5423993,0.12625575,2.3503218
53027772545000,-19451000,-0.6824088,0.8282478,2.1471958
53027792075000,-19530000,-0.14619005,1.0946956,1.6530685
53027811635000,-19560000,0.8769468,0.6966934,2.2210941
53027831110000,-19475000,0.89419186,0.40156198,3.4447746
53027850644000,-19534000,-0.17110837,-0.24913335,3.4252405
53027870205000,-19561000,-1.7643541,-0.96624756,3.0806727
53027889772000,-19567000,-2.1815703,-1.1725621,2.8134308
53027909238000,-19466000,-1.3268633,-0.8646896,2.1657696
53027928853000,-19615000,-0.36760056,-0.6903248,0.7187395
53027948272000,-19419000,0.31371143,-0.5119686,-0.08543682
53027967770000,-19498000,1.0617176,-0.4035654,-0.949244
53027987320000,-19550000,1.6258876,-0.38247085,-1.6731234
53028006848000,-19528000,1.2562797,-0.064787626,-1.5390496
53028026354000,-19506000,0.4471209,-0.44653797,-0.88233185
53028045980000,-19626000,-0.40304786,-0.6472223,-0.7096815
53028065514000,-19534000,-0.30103397,-0.47642803,-1.6271582
53028085015000,-19501000,0.19628096,-0.22263718,-2.7680335
53028104555000,-19540000,0.39902115,0.055463076,-3.4776459
53028123973000,-19418000,0.25007868,0.2797048,-3.7728653
53028143489000,-19516000,0.075573206,0.60168886,-3.7855377
53028163049000,-19560000,-0.23862833,0.770478,-3.2461114
53028182695000,-19646000,-0.614824,0.8222544,-2.786138
53028202213000,-19518000,-0.7641202,1.2528086,-1.7753491
53028221654000,-19441000,-0.47396296,1.6195219,-0.63839626
53028241289000,-19635000,-0.3745039,2.054331,0.83130836
53028260910000,-19621000,-0.5788676,1.808234,1.1134129
53028280612000,-19702000,-0.43439412,1.7220466,1.1187277
53028299747000,-19135000,0.002219379,1.8143203,2.2153902
53028319275000,-19528000,0.099514246,1.6813562,2.8627682
53028338856000,-19581000,-0.56403,1.7060578,2.2667322
53028358308000,-19452000,-0.32270247,1.7743332,0.879323
53028377836000,-19528000,0.66955864,1.6380706,0.8209624
53028397368000,-19532000,1.2624956,1.0114622,2.701686
53028417179000,-19811000,0.65014976,0.08747983,4.1833506
53028436438000,-19259000,-0.9972669,-0.8235154,3.8314729
53028456074000,-19636000,-1.4594923,-1.6803594,2.0475178
53028475479000,-19405000,-0.90935916,-1.7119012,0.28942585
53028495081000,-19602000,-0.43792415,-1.7558095,-0.59771776
53028514521000,-19440000,-0.21630883,-1.5002203,-0.74182177
53028534190000,-19669000,-0.35822368,-1.629889,0.18938541
53028553591000,-19401000,-0.5181233,-1.9690874,0.9216795
53028573127000,-19536000,-0.44642413,-2.0172613,1.4238834
53028592677000,-19550000,0.12534362,-2.0604572,1.1272306
53028612220000,-19543000,0.58424497,-1.9644048,-0.3090601
53028631883000,-19663000,0.85315144,-1.8827631,-1.2543373
53028651310000,-19427000,0.47112006,-1.5879657,-1.3615971
53028670763000,-19453000,0.107017934,-1.331238,-1.1458893
53028690327000,-19564000,0.1616174,-1.1919148,-1.1798096
53028709842000,-19515000,0.25078052,-0.96306443,-1.7492495
53028729482000,-19640000,0.52707297,-0.5525737,-1.914659
53028749086000,-19604000,0.6262508,-0.38609815,-2.1162772
53028768364000,-19278000,0.4716469,-0.35338187,-2.2781367
53028787903000,-19539000,0.31204057,-0.18963027,-2.150991
53028807466000,-19563000,0.3007698,0.10172224,-1.5248976
53028826968000,-19502000,0.22756332,0.26871443,-1.3207722
53028846531000,-19563000,0.39945257,0.55799437,-0.25734043
53028866332000,-19801000,0.31906718,0.6803484,-0.13764858
53028885555000,-19223000,0.06414074,0.5196924,-0.25846386
53028905085000,-19530000,0.13328338,0.6496594,-0.14468479
53028924601000,-19516000,0.41240793,0.74446225,0.2757101
53028944190000,-19589000,0.36593568,0.9001496,0.6729059
53028963679000,-19489000,0.22429359,1.0218542,0.5449419
53028983472000,-19793000,0.7730231,0.8229232,0.022631645
53029002765000,-19293000,1.2844441,0.91824937,1.0762959
53029022275000,-19510000,0.8195782,0.46616864,2.4974499
53029041795000,-19520000,-0.29669827,0.13876104,3.9972677
53029061514000,-19719000,-1.2797034,-0.2919767,4.3667583
53029080869000,-19355000,-1.4203031,-0.4400165,3.642026
53029100695000,-19826000,-0.41081256,-0.5902879,2.010498
53029119906000,-19211000,0.12272686,-0.35625196,0.23819447
53029139409000,-19503000,0.7565372,-0.09924078,-0.98600245
53029159004000,-19595000,1.0507692,0.14468074,-1.0843425
53029178484000,-19480000,1.4453933,0.3194754,-0.33763313
53029198056000,-19572000,1.0961033,0.1766932,0.62926865
53029217555000,-19499000,0.74765295,-0.30310392,1.019393
53029237085000,-19530000,0.11046207,-0.29698634,0.8194752
53029256583000,-19498000,-0.07020581,-0.41867638,0.43595695
53029276087000,-19504000,0.16647273,-0.2858243,-0.12851238
53029295648000,-19561000,0.59055924,-0.39704704,-1.0254936
53029315297000,-19649000,0.7618464,-0.42729783,-1.8897347
53029334753000,-19456000,0.60427153,-0.032484055,-2.528329
53029354352000,-19599000,0.5203073,-0.055897713,-1.9433732
53029373735000,-19383000,0.012423456,-0.13444066,-1.6846428
53029393281000,-19546000,-0.36352015,-0.13476825,-1.4631033
53029412794000,-19513000,-0.6449026,-0.17261338,-0.93354034
53029432373000,-19579000,-0.75375736,0.19186091,-0.039066315
53029451866000,-19493000,-0.82237136,0.05775833,-0.41001797
53029471410000,-19544000,-0.9445964,0.38212466,-0.7853699
53029490959000,-19549000,-0.8121042,0.30237937,-0.5943785
53029510515000,-19556000,-0.48076484,0.46906805,-0.20486546
53029530011000,-19496000,-0.58160496,0.61338186,-0.5591135
53029549543000,-19532000,-0.711915,0.8495877,-0.76011467
53029569117000,-19574000,-0.6610738,1.2727559,-0.94454765
53029588607000,-19490000,-0.7169791,1.0968511,-0.2907095
53029608075000,-19468000,-0.7080388,0.87650824,0.08933163
53029627627000,-19552000,-0.90325034,0.89826393,-0.035042763
53029647166000,-19539000,-0.8630898,0.98936844,0.54212856
53029666771000,-19605000,-0.91404486,1.2454894,0.1729641
53029686208000,-19437000,-1.191176,1.092406,-0.18538952
53029706129000,-19921000,-1.062602,0.79806757,-0.4375267
53029725308000,-19179000,-0.6252924,1.0151863,-0.2763672
